mese,categoria,bucket_ritardo_arrivo,minuti_anticipo,minuti_ritardo,count
2024-06,EC,"(-1,0]",0.0,0.0,12
2024-06,EC,"(-10,-5]",199.0,0.0,31
2024-06,EC,"(-15,-10]",10.0,0.0,1
2024-06,EC,"(-5,-1]",176.0,0.0,74
2024-06,EC,"(0,1]",0.0,28.0,28
2024-06,EC,"(1,5]",0.0,305.0,94
2024-06,EC,"(10,15]",0.0,621.0,48
2024-06,EC,"(15,30]",0.0,690.0,32
2024-06,EC,"(30,60]",0.0,1145.0,28
2024-06,EC,"(5,10]",0.0,629.0,80
2024-06,EC,"(60,120]",0.0,645.0,9
2024-06,EC,> 120,0.0,1105.0,7
2024-06,EC,missing,0.0,0.0,3
2024-06,EN,"(-10,-5]",5.0,0.0,1
2024-06,EN,"(-5,-1]",4.0,0.0,2
2024-06,EN,"(0,1]",0.0,2.0,2
2024-06,EN,"(1,5]",0.0,8.0,2
2024-06,EN,"(10,15]",0.0,13.0,1
2024-06,EN,"(15,30]",0.0,102.0,5
2024-06,EN,"(30,60]",0.0,360.0,8
2024-06,EN,"(5,10]",0.0,49.0,6
2024-06,EN,"(60,120]",0.0,322.0,4
2024-06,EN,> 120,0.0,949.0,4
2024-06,EXP,"(-1,0]",0.0,0.0,1
2024-06,EXP,"(-10,-5]",6.0,0.0,1
2024-06,EXP,"(-30,-15]",26.0,0.0,1
2024-06,EXP,"(-5,-1]",9.0,0.0,4
2024-06,EXP,"(-60,-30]",40.0,0.0,1
2024-06,EXP,"(1,5]",0.0,4.0,1
2024-06,EXP,"(10,15]",0.0,14.0,1
2024-06,EXP,"(15,30]",0.0,17.0,1
2024-06,EXP,"(30,60]",0.0,38.0,1
2024-06,EXP,"(5,10]",0.0,17.0,2
2024-06,EXP,> 120,0.0,412.0,2
2024-06,IC,"(-1,0]",0.0,0.0,109
2024-06,IC,"(-10,-5]",1077.0,0.0,163
2024-06,IC,"(-15,-10]",345.0,0.0,29
2024-06,IC,"(-30,-15]",222.0,0.0,11
2024-06,IC,"(-5,-1]",845.0,0.0,362
2024-06,IC,"(-60,-30]",75.0,0.0,2
2024-06,IC,"(0,1]",0.0,111.0,111
2024-06,IC,"(1,5]",0.0,1394.0,413
2024-06,IC,"(10,15]",0.0,2189.0,169
2024-06,IC,"(15,30]",0.0,5124.0,235
2024-06,IC,"(30,60]",0.0,7570.0,176
2024-06,IC,"(5,10]",0.0,2720.0,348
2024-06,IC,"(60,120]",0.0,6465.0,80
2024-06,IC,> 120,0.0,4385.0,24
2024-06,IC,missing,0.0,0.0,9
2024-06,ICN,"(-1,0]",0.0,0.0,14
2024-06,ICN,"(-10,-5]",153.0,0.0,22
2024-06,ICN,"(-15,-10]",116.0,0.0,10
2024-06,ICN,"(-30,-15]",314.0,0.0,14
2024-06,ICN,"(-5,-1]",156.0,0.0,67
2024-06,ICN,"(-60,-30]",50.0,0.0,1
2024-06,ICN,"(0,1]",0.0,18.0,18
2024-06,ICN,"(1,5]",0.0,210.0,65
2024-06,ICN,"(10,15]",0.0,307.0,24
2024-06,ICN,"(15,30]",0.0,740.0,35
2024-06,ICN,"(30,60]",0.0,981.0,21
2024-06,ICN,"(5,10]",0.0,310.0,40
2024-06,ICN,"(60,120]",0.0,808.0,10
2024-06,ICN,> 120,0.0,645.0,4
2024-06,IR,"(30,60]",0.0,43.0,1
2024-06,MET,"(-1,0]",0.0,0.0,511
2024-06,MET,"(-10,-5]",834.0,0.0,143
2024-06,MET,"(-15,-10]",48.0,0.0,4
2024-06,MET,"(-5,-1]",4614.0,0.0,2401
2024-06,MET,"(0,1]",0.0,721.0,721
2024-06,MET,"(1,5]",0.0,2114.0,747
2024-06,MET,"(10,15]",0.0,753.0,60
2024-06,MET,"(15,30]",0.0,1208.0,55
2024-06,MET,"(30,60]",0.0,367.0,9
2024-06,MET,"(5,10]",0.0,957.0,127
2024-06,MET,"(60,120]",0.0,141.0,2
2024-06,MET,missing,0.0,0.0,84
2024-06,NCL,"(-1,0]",0.0,0.0,1
2024-06,NCL,"(-10,-5]",7.0,0.0,1
2024-06,NCL,"(-30,-15]",145.0,0.0,6
2024-06,NCL,"(-5,-1]",1.0,0.0,1
2024-06,NCL,"(-60,-30]",74.0,0.0,2
2024-06,NCL,"(15,30]",0.0,19.0,1
2024-06,NCL,<= -60,61.0,0.0,1
2024-06,NCL,missing,0.0,0.0,1
2024-06,REG,"(-1,0]",0.0,0.0,15187
2024-06,REG,"(-10,-5]",40605.0,0.0,6887
2024-06,REG,"(-15,-10]",6040.0,0.0,539
2024-06,REG,"(-30,-15]",1801.0,0.0,106
2024-06,REG,"(-5,-1]",104748.0,0.0,51839
2024-06,REG,"(-60,-30]",215.0,0.0,5
2024-06,REG,"(0,1]",0.0,19145.0,19145
2024-06,REG,"(1,5]",0.0,123749.0,39739
2024-06,REG,"(10,15]",0.0,50295.0,3979
2024-06,REG,"(15,30]",0.0,80434.0,3768
2024-06,REG,"(30,60]",0.0,61108.0,1487
2024-06,REG,"(5,10]",0.0,85524.0,11478
2024-06,REG,"(60,120]",0.0,28898.0,360
2024-06,REG,<= -60,132.0,0.0,2
2024-06,REG,> 120,0.0,10244.0,59
2024-06,REG,missing,0.0,0.0,2053
2024-06,,"(-1,0]",0.0,0.0,209
2024-06,,"(-10,-5]",3003.0,0.0,468
2024-06,,"(-15,-10]",680.0,0.0,63
2024-06,,"(-30,-15]",144.0,0.0,8
2024-06,,"(-5,-1]",2108.0,0.0,911
2024-06,,"(-60,-30]",138.0,0.0,4
2024-06,,"(0,1]",0.0,312.0,312
2024-06,,"(1,5]",0.0,4213.0,1240
2024-06,,"(10,15]",0.0,6437.0,506
2024-06,,"(15,30]",0.0,13482.0,618
2024-06,,"(30,60]",0.0,18198.0,426
2024-06,,"(5,10]",0.0,6350.0,822
2024-06,,"(60,120]",0.0,20023.0,242
2024-06,,> 120,0.0,19344.0,116
2024-06,,missing,0.0,0.0,58
2024-07,DIR,"(-5,-1]",1.0,0.0,1
2024-07,DIR,"(30,60]",0.0,38.0,1
2024-07,EC,"(-1,0]",0.0,0.0,13
2024-07,EC,"(-10,-5]",272.0,0.0,44
2024-07,EC,"(-5,-1]",247.0,0.0,111
2024-07,EC,"(0,1]",0.0,23.0,23
2024-07,EC,"(1,5]",0.0,344.0,101
2024-07,EC,"(10,15]",0.0,883.0,69
2024-07,EC,"(15,30]",0.0,1635.0,74
2024-07,EC,"(30,60]",0.0,2650.0,63
2024-07,EC,"(5,10]",0.0,726.0,92
2024-07,EC,"(60,120]",0.0,1762.0,21
2024-07,EC,> 120,0.0,253.0,2
2024-07,EC,missing,0.0,0.0,4
2024-07,EN,"(-1,0]",0.0,0.0,1
2024-07,EN,"(-10,-5]",11.0,0.0,2
2024-07,EN,"(-5,-1]",9.0,0.0,5
2024-07,EN,"(0,1]",0.0,2.0,2
2024-07,EN,"(1,5]",0.0,15.0,4
2024-07,EN,"(10,15]",0.0,52.0,4
2024-07,EN,"(15,30]",0.0,244.0,11
2024-07,EN,"(30,60]",0.0,266.0,6
2024-07,EN,"(5,10]",0.0,69.0,8
2024-07,EN,"(60,120]",0.0,560.0,7
2024-07,EN,> 120,0.0,382.0,2
2024-07,EXP,"(-1,0]",0.0,0.0,1
2024-07,EXP,"(-10,-5]",12.0,0.0,2
2024-07,EXP,"(-15,-10]",36.0,0.0,3
2024-07,EXP,"(-30,-15]",27.0,0.0,1
2024-07,EXP,"(-5,-1]",5.0,0.0,3
2024-07,EXP,"(-60,-30]",80.0,0.0,2
2024-07,EXP,"(1,5]",0.0,4.0,1
2024-07,EXP,"(10,15]",0.0,25.0,2
2024-07,EXP,"(15,30]",0.0,20.0,1
2024-07,EXP,"(30,60]",0.0,112.0,3
2024-07,EXP,"(5,10]",0.0,18.0,2
2024-07,EXP,"(60,120]",0.0,64.0,1
2024-07,IC,"(-1,0]",0.0,0.0,112
2024-07,IC,"(-10,-5]",1155.0,0.0,178
2024-07,IC,"(-15,-10]",532.0,0.0,46
2024-07,IC,"(-30,-15]",134.0,0.0,7
2024-07,IC,"(-5,-1]",839.0,0.0,371
2024-07,IC,"(-60,-30]",39.0,0.0,1
2024-07,IC,"(0,1]",0.0,133.0,133
2024-07,IC,"(1,5]",0.0,1717.0,500
2024-07,IC,"(10,15]",0.0,3398.0,265
2024-07,IC,"(15,30]",0.0,8246.0,377
2024-07,IC,"(30,60]",0.0,13396.0,302
2024-07,IC,"(5,10]",0.0,3429.0,438
2024-07,IC,"(60,120]",0.0,8753.0,111
2024-07,IC,<= -60,62.0,0.0,1
2024-07,IC,> 120,0.0,10047.0,53
2024-07,IC,missing,0.0,0.0,19
2024-07,ICN,"(-1,0]",0.0,0.0,23
2024-07,ICN,"(-10,-5]",158.0,0.0,25
2024-07,ICN,"(-15,-10]",125.0,0.0,11
2024-07,ICN,"(-30,-15]",236.0,0.0,12
2024-07,ICN,"(-5,-1]",173.0,0.0,73
2024-07,ICN,"(0,1]",0.0,17.0,17
2024-07,ICN,"(1,5]",0.0,229.0,66
2024-07,ICN,"(10,15]",0.0,395.0,31
2024-07,ICN,"(15,30]",0.0,747.0,33
2024-07,ICN,"(30,60]",0.0,1152.0,27
2024-07,ICN,"(5,10]",0.0,322.0,42
2024-07,ICN,"(60,120]",0.0,1416.0,17
2024-07,ICN,> 120,0.0,1156.0,7
2024-07,IR,"(1,5]",0.0,8.0,2
2024-07,IR,"(10,15]",0.0,12.0,1
2024-07,IR,"(15,30]",0.0,20.0,1
2024-07,IR,"(30,60]",0.0,42.0,1
2024-07,IR,"(5,10]",0.0,10.0,1
2024-07,IR,"(60,120]",0.0,88.0,1
2024-07,MET,"(-1,0]",0.0,0.0,832
2024-07,MET,"(-10,-5]",1209.0,0.0,207
2024-07,MET,"(-15,-10]",115.0,0.0,11
2024-07,MET,"(-30,-15]",18.0,0.0,1
2024-07,MET,"(-5,-1]",6918.0,0.0,3637
2024-07,MET,"(0,1]",0.0,1210.0,1210
2024-07,MET,"(1,5]",0.0,3287.0,1168
2024-07,MET,"(10,15]",0.0,803.0,64
2024-07,MET,"(15,30]",0.0,1086.0,49
2024-07,MET,"(30,60]",0.0,838.0,21
2024-07,MET,"(5,10]",0.0,1208.0,167
2024-07,MET,"(60,120]",0.0,655.0,7
2024-07,MET,> 120,0.0,180.0,1
2024-07,MET,missing,0.0,0.0,190
2024-07,NCL,"(-60,-30]",44.0,0.0,1
2024-07,NCL,"(1,5]",0.0,12.0,3
2024-07,NCL,"(30,60]",0.0,93.0,2
2024-07,NCL,"(5,10]",0.0,10.0,1
2024-07,NCL,"(60,120]",0.0,154.0,2
2024-07,NCL,<= -60,149.0,0.0,2
2024-07,REG,"(-1,0]",0.0,0.0,21479
2024-07,REG,"(-10,-5]",50294.0,0.0,8519
2024-07,REG,"(-15,-10]",6968.0,0.0,613
2024-07,REG,"(-30,-15]",2218.0,0.0,131
2024-07,REG,"(-5,-1]",146134.0,0.0,72272
2024-07,REG,"(-60,-30]",163.0,0.0,4
2024-07,REG,"(0,1]",0.0,26127.0,26127
2024-07,REG,"(1,5]",0.0,168769.0,53961
2024-07,REG,"(10,15]",0.0,75995.0,5993
2024-07,REG,"(15,30]",0.0,126842.0,5929
2024-07,REG,"(30,60]",0.0,89916.0,2224
2024-07,REG,"(5,10]",0.0,125188.0,16725
2024-07,REG,"(60,120]",0.0,33392.0,425
2024-07,REG,<= -60,68.0,0.0,1
2024-07,REG,> 120,0.0,10898.0,68
2024-07,REG,missing,0.0,0.0,2634
2024-07,,"(-1,0]",0.0,0.0,558
2024-07,,"(-10,-5]",4934.0,0.0,778
2024-07,,"(-15,-10]",1170.0,0.0,106
2024-07,,"(-30,-15]",1010.0,0.0,48
2024-07,,"(-5,-1]",4598.0,0.0,2024
2024-07,,"(-60,-30]",1128.0,0.0,24
2024-07,,"(0,1]",0.0,732.0,732
2024-07,,"(1,5]",0.0,10486.0,3042
2024-07,,"(10,15]",0.0,18290.0,1426
2024-07,,"(15,30]",0.0,50562.0,2304
2024-07,,"(30,60]",0.0,62904.0,1490
2024-07,,"(5,10]",0.0,17254.0,2234
2024-07,,"(60,120]",0.0,54190.0,652
2024-07,,<= -60,262.0,0.0,4
2024-07,,> 120,0.0,29550.0,184
2024-07,,missing,0.0,0.0,60
2024-08,DIR,"(0,1]",0.0,1.0,1
2024-08,EC,"(-1,0]",0.0,0.0,24
2024-08,EC,"(-10,-5]",275.0,0.0,46
2024-08,EC,"(-30,-15]",43.0,0.0,2
2024-08,EC,"(-5,-1]",349.0,0.0,140
2024-08,EC,"(0,1]",0.0,36.0,36
2024-08,EC,"(1,5]",0.0,346.0,98
2024-08,EC,"(10,15]",0.0,537.0,42
2024-08,EC,"(15,30]",0.0,1154.0,55
2024-08,EC,"(30,60]",0.0,1616.0,42
2024-08,EC,"(5,10]",0.0,629.0,80
2024-08,EC,"(60,120]",0.0,1095.0,14
2024-08,EC,> 120,0.0,578.0,4
2024-08,EC,missing,0.0,0.0,4
2024-08,EN,"(-1,0]",0.0,0.0,2
2024-08,EN,"(-5,-1]",9.0,0.0,4
2024-08,EN,"(0,1]",0.0,2.0,2
2024-08,EN,"(1,5]",0.0,27.0,8
2024-08,EN,"(15,30]",0.0,119.0,6
2024-08,EN,"(30,60]",0.0,735.0,14
2024-08,EN,"(5,10]",0.0,69.0,8
2024-08,EN,"(60,120]",0.0,472.0,5
2024-08,EN,> 120,0.0,406.0,2
2024-08,EXP,"(-1,0]",0.0,0.0,1
2024-08,EXP,"(-10,-5]",16.0,0.0,3
2024-08,EXP,"(-15,-10]",51.0,0.0,4
2024-08,EXP,"(-30,-15]",45.0,0.0,2
2024-08,EXP,"(-5,-1]",17.0,0.0,9
2024-08,EXP,"(-60,-30]",38.0,0.0,1
2024-08,EXP,"(0,1]",0.0,2.0,2
2024-08,EXP,"(1,5]",0.0,21.0,7
2024-08,EXP,"(10,15]",0.0,35.0,3
2024-08,EXP,"(15,30]",0.0,59.0,3
2024-08,EXP,"(30,60]",0.0,76.0,2
2024-08,EXP,"(5,10]",0.0,100.0,13
2024-08,EXP,> 120,0.0,165.0,1
2024-08,IC,"(-1,0]",0.0,0.0,127
2024-08,IC,"(-10,-5]",1957.0,0.0,305
2024-08,IC,"(-15,-10]",989.0,0.0,85
2024-08,IC,"(-30,-15]",501.0,0.0,27
2024-08,IC,"(-5,-1]",1173.0,0.0,505
2024-08,IC,"(-60,-30]",104.0,0.0,3
2024-08,IC,"(0,1]",0.0,171.0,171
2024-08,IC,"(1,5]",0.0,1730.0,518
2024-08,IC,"(10,15]",0.0,3437.0,267
2024-08,IC,"(15,30]",0.0,7501.0,342
2024-08,IC,"(30,60]",0.0,9001.0,207
2024-08,IC,"(5,10]",0.0,2906.0,375
2024-08,IC,"(60,120]",0.0,9540.0,116
2024-08,IC,> 120,0.0,7294.0,41
2024-08,IC,missing,0.0,0.0,7
2024-08,ICN,"(-1,0]",0.0,0.0,31
2024-08,ICN,"(-10,-5]",375.0,0.0,59
2024-08,ICN,"(-15,-10]",254.0,0.0,23
2024-08,ICN,"(-30,-15]",376.0,0.0,18
2024-08,ICN,"(-5,-1]",246.0,0.0,97
2024-08,ICN,"(-60,-30]",112.0,0.0,2
2024-08,ICN,"(0,1]",0.0,30.0,30
2024-08,ICN,"(1,5]",0.0,226.0,65
2024-08,ICN,"(10,15]",0.0,286.0,22
2024-08,ICN,"(15,30]",0.0,826.0,37
2024-08,ICN,"(30,60]",0.0,980.0,22
2024-08,ICN,"(5,10]",0.0,267.0,34
2024-08,ICN,"(60,120]",0.0,908.0,11
2024-08,ICN,<= -60,60.0,0.0,1
2024-08,ICN,> 120,0.0,152.0,1
2024-08,IR,"(-5,-1]",5.0,0.0,2
2024-08,IR,"(1,5]",0.0,2.0,1
2024-08,IR,"(10,15]",0.0,13.0,1
2024-08,IR,"(15,30]",0.0,50.0,2
2024-08,IR,"(5,10]",0.0,14.0,2
2024-08,IR,"(60,120]",0.0,147.0,2
2024-08,MET,"(-1,0]",0.0,0.0,906
2024-08,MET,"(-10,-5]",1844.0,0.0,311
2024-08,MET,"(-15,-10]",339.0,0.0,31
2024-08,MET,"(-30,-15]",34.0,0.0,2
2024-08,MET,"(-5,-1]",7465.0,0.0,3884
2024-08,MET,"(0,1]",0.0,1254.0,1254
2024-08,MET,"(1,5]",0.0,3026.0,1104
2024-08,MET,"(10,15]",0.0,522.0,41
2024-08,MET,"(15,30]",0.0,680.0,32
2024-08,MET,"(30,60]",0.0,497.0,12
2024-08,MET,"(5,10]",0.0,959.0,130
2024-08,MET,"(60,120]",0.0,62.0,1
2024-08,MET,missing,0.0,0.0,66
2024-08,NCL,"(-30,-15]",58.0,0.0,3
2024-08,NCL,"(-5,-1]",2.0,0.0,1
2024-08,NCL,"(-60,-30]",38.0,0.0,1
2024-08,NCL,"(1,5]",0.0,5.0,1
2024-08,NCL,"(10,15]",0.0,14.0,1
2024-08,NCL,"(15,30]",0.0,20.0,1
2024-08,NCL,"(30,60]",0.0,118.0,2
2024-08,NCL,"(60,120]",0.0,349.0,4
2024-08,NCL,<= -60,61.0,0.0,1
2024-08,NCL,> 120,0.0,187.0,1
2024-08,REG,"(-1,0]",0.0,0.0,21571
2024-08,REG,"(-10,-5]",59570.0,0.0,9974
2024-08,REG,"(-15,-10]",8190.0,0.0,727
2024-08,REG,"(-30,-15]",2238.0,0.0,130
2024-08,REG,"(-5,-1]",151687.0,0.0,75049
2024-08,REG,"(-60,-30]",165.0,0.0,4
2024-08,REG,"(0,1]",0.0,25347.0,25347
2024-08,REG,"(1,5]",0.0,138175.0,45456
2024-08,REG,"(10,15]",0.0,46768.0,3700
2024-08,REG,"(15,30]",0.0,80812.0,3774
2024-08,REG,"(30,60]",0.0,60696.0,1477
2024-08,REG,"(5,10]",0.0,82307.0,11071
2024-08,REG,"(60,120]",0.0,29715.0,376
2024-08,REG,> 120,0.0,6945.0,44
2024-08,REG,missing,0.0,0.0,647
2024-08,,"(-1,0]",0.0,0.0,566
2024-08,,"(-10,-5]",8732.0,0.0,1330
2024-08,,"(-15,-10]",4114.0,0.0,354
2024-08,,"(-30,-15]",3164.0,0.0,170
2024-08,,"(-5,-1]",5852.0,0.0,2494
2024-08,,"(-60,-30]",388.0,0.0,12
2024-08,,"(0,1]",0.0,846.0,846
2024-08,,"(1,5]",0.0,9718.0,2916
2024-08,,"(10,15]",0.0,12688.0,996
2024-08,,"(15,30]",0.0,28730.0,1322
2024-08,,"(30,60]",0.0,35042.0,826
2024-08,,"(5,10]",0.0,14006.0,1806
2024-08,,"(60,120]",0.0,24882.0,304
2024-08,,> 120,0.0,13446.0,82
2024-08,,missing,0.0,0.0,14
2024-09,EC,"(-1,0]",0.0,0.0,15
2024-09,EC,"(-10,-5]",405.0,0.0,66
2024-09,EC,"(-15,-10]",104.0,0.0,9
2024-09,EC,"(-5,-1]",381.0,0.0,163
2024-09,EC,"(0,1]",0.0,35.0,35
2024-09,EC,"(1,5]",0.0,398.0,121
2024-09,EC,"(10,15]",0.0,1069.0,82
2024-09,EC,"(15,30]",0.0,2564.0,123
2024-09,EC,"(30,60]",0.0,2791.0,68
2024-09,EC,"(5,10]",0.0,832.0,105
2024-09,EC,"(60,120]",0.0,3081.0,35
2024-09,EC,> 120,0.0,505.0,3
2024-09,EC,missing,0.0,0.0,9
2024-09,EN,"(-1,0]",0.0,0.0,1
2024-09,EN,"(-10,-5]",9.0,0.0,1
2024-09,EN,"(-15,-10]",10.0,0.0,1
2024-09,EN,"(-30,-15]",77.0,0.0,4
2024-09,EN,"(-5,-1]",16.0,0.0,7
2024-09,EN,"(0,1]",0.0,2.0,2
2024-09,EN,"(1,5]",0.0,18.0,5
2024-09,EN,"(10,15]",0.0,77.0,6
2024-09,EN,"(15,30]",0.0,233.0,10
2024-09,EN,"(30,60]",0.0,307.0,8
2024-09,EN,"(5,10]",0.0,120.0,16
2024-09,EN,"(60,120]",0.0,342.0,4
2024-09,EN,> 120,0.0,1041.0,6
2024-09,EXP,"(-1,0]",0.0,0.0,1
2024-09,EXP,"(-10,-5]",8.0,0.0,1
2024-09,EXP,"(-15,-10]",23.0,0.0,2
2024-09,EXP,"(-5,-1]",6.0,0.0,3
2024-09,EXP,"(-60,-30]",39.0,0.0,1
2024-09,EXP,"(0,1]",0.0,4.0,4
2024-09,EXP,"(1,5]",0.0,17.0,5
2024-09,EXP,"(10,15]",0.0,14.0,1
2024-09,EXP,"(15,30]",0.0,78.0,4
2024-09,EXP,"(30,60]",0.0,101.0,2
2024-09,EXP,"(5,10]",0.0,42.0,5
2024-09,EXP,"(60,120]",0.0,74.0,1
2024-09,EXP,> 120,0.0,161.0,1
2024-09,IC,"(-1,0]",0.0,0.0,87
2024-09,IC,"(-10,-5]",1561.0,0.0,241
2024-09,IC,"(-15,-10]",803.0,0.0,71
2024-09,IC,"(-30,-15]",847.0,0.0,40
2024-09,IC,"(-5,-1]",1047.0,0.0,445
2024-09,IC,"(-60,-30]",129.0,0.0,4
2024-09,IC,"(0,1]",0.0,171.0,171
2024-09,IC,"(1,5]",0.0,1943.0,584
2024-09,IC,"(10,15]",0.0,3192.0,248
2024-09,IC,"(15,30]",0.0,6765.0,311
2024-09,IC,"(30,60]",0.0,8911.0,208
2024-09,IC,"(5,10]",0.0,3217.0,416
2024-09,IC,"(60,120]",0.0,6126.0,75
2024-09,IC,> 120,0.0,3405.0,20
2024-09,IC,missing,0.0,0.0,6
2024-09,ICN,"(-1,0]",0.0,0.0,25
2024-09,ICN,"(-10,-5]",340.0,0.0,53
2024-09,ICN,"(-15,-10]",162.0,0.0,14
2024-09,ICN,"(-30,-15]",329.0,0.0,15
2024-09,ICN,"(-5,-1]",242.0,0.0,95
2024-09,ICN,"(0,1]",0.0,21.0,21
2024-09,ICN,"(1,5]",0.0,179.0,60
2024-09,ICN,"(10,15]",0.0,282.0,22
2024-09,ICN,"(15,30]",0.0,601.0,27
2024-09,ICN,"(30,60]",0.0,933.0,22
2024-09,ICN,"(5,10]",0.0,271.0,34
2024-09,ICN,"(60,120]",0.0,1417.0,17
2024-09,ICN,> 120,0.0,743.0,5
2024-09,IR,"(1,5]",0.0,6.0,2
2024-09,IR,"(15,30]",0.0,82.0,4
2024-09,IR,"(30,60]",0.0,43.0,1
2024-09,IR,"(60,120]",0.0,71.0,1
2024-09,MET,"(-1,0]",0.0,0.0,806
2024-09,MET,"(-10,-5]",1187.0,0.0,189
2024-09,MET,"(-15,-10]",225.0,0.0,21
2024-09,MET,"(-30,-15]",18.0,0.0,1
2024-09,MET,"(-5,-1]",5307.0,0.0,2850
2024-09,MET,"(0,1]",0.0,1094.0,1094
2024-09,MET,"(1,5]",0.0,3339.0,1176
2024-09,MET,"(10,15]",0.0,615.0,50
2024-09,MET,"(15,30]",0.0,684.0,33
2024-09,MET,"(30,60]",0.0,424.0,10
2024-09,MET,"(5,10]",0.0,1306.0,183
2024-09,MET,"(60,120]",0.0,189.0,3
2024-09,MET,missing,0.0,0.0,95
2024-09,NCL,"(-10,-5]",18.0,0.0,3
2024-09,NCL,"(-30,-15]",26.0,0.0,1
2024-09,NCL,"(-60,-30]",48.0,0.0,1
2024-09,NCL,"(60,120]",0.0,411.0,4
2024-09,NCL,<= -60,202.0,0.0,3
2024-09,NCL,> 120,0.0,738.0,4
2024-09,NCL,missing,0.0,0.0,1
2024-09,REG,"(-1,0]",0.0,0.0,19667
2024-09,REG,"(-10,-5]",48781.0,0.0,8159
2024-09,REG,"(-15,-10]",6828.0,0.0,604
2024-09,REG,"(-30,-15]",2199.0,0.0,128
2024-09,REG,"(-5,-1]",136795.0,0.0,68180
2024-09,REG,"(-60,-30]",125.0,0.0,3
2024-09,REG,"(0,1]",0.0,25665.0,25665
2024-09,REG,"(1,5]",0.0,181252.0,57371
2024-09,REG,"(10,15]",0.0,75371.0,5965
2024-09,REG,"(15,30]",0.0,130958.0,6124
2024-09,REG,"(30,60]",0.0,95479.0,2327
2024-09,REG,"(5,10]",0.0,135493.0,18171
2024-09,REG,"(60,120]",0.0,50373.0,636
2024-09,REG,> 120,0.0,9081.0,59
2024-09,REG,missing,0.0,0.0,2676
2024-09,,"(-1,0]",0.0,0.0,614
2024-09,,"(-10,-5]",4842.0,0.0,780
2024-09,,"(-15,-10]",1004.0,0.0,92
2024-09,,"(-30,-15]",114.0,0.0,6
2024-09,,"(-5,-1]",4780.0,0.0,2136
2024-09,,"(-60,-30]",394.0,0.0,8
2024-09,,"(0,1]",0.0,784.0,784
2024-09,,"(1,5]",0.0,10706.0,3176
2024-09,,"(10,15]",0.0,18048.0,1410
2024-09,,"(15,30]",0.0,43730.0,2006
2024-09,,"(30,60]",0.0,51514.0,1230
2024-09,,"(5,10]",0.0,18934.0,2448
2024-09,,"(60,120]",0.0,35654.0,440
2024-09,,> 120,0.0,13626.0,86
2024-09,,missing,0.0,0.0,36
2024-10,DIR,"(10,15]",0.0,11.0,1
2024-10,EC,"(-1,0]",0.0,0.0,15
2024-10,EC,"(-10,-5]",643.0,0.0,104
2024-10,EC,"(-15,-10]",133.0,0.0,12
2024-10,EC,"(-5,-1]",514.0,0.0,198
2024-10,EC,"(0,1]",0.0,42.0,42
2024-10,EC,"(1,5]",0.0,483.0,149
2024-10,EC,"(10,15]",0.0,1351.0,104
2024-10,EC,"(15,30]",0.0,2560.0,119
2024-10,EC,"(30,60]",0.0,3184.0,75
2024-10,EC,"(5,10]",0.0,1045.0,134
2024-10,EC,"(60,120]",0.0,2209.0,26
2024-10,EC,> 120,0.0,1658.0,12
2024-10,EC,missing,0.0,0.0,5
2024-10,EN,"(-1,0]",0.0,0.0,2
2024-10,EN,"(-10,-5]",48.0,0.0,7
2024-10,EN,"(-15,-10]",63.0,0.0,5
2024-10,EN,"(-30,-15]",84.0,0.0,5
2024-10,EN,"(-5,-1]",12.0,0.0,5
2024-10,EN,"(0,1]",0.0,5.0,5
2024-10,EN,"(1,5]",0.0,52.0,14
2024-10,EN,"(10,15]",0.0,157.0,12
2024-10,EN,"(15,30]",0.0,506.0,22
2024-10,EN,"(30,60]",0.0,218.0,5
2024-10,EN,"(5,10]",0.0,13.0,2
2024-10,EN,"(60,120]",0.0,253.0,3
2024-10,EN,> 120,0.0,2837.0,14
2024-10,EXP,"(-1,0]",0.0,0.0,2
2024-10,EXP,"(-10,-5]",7.0,0.0,1
2024-10,EXP,"(-30,-15]",19.0,0.0,1
2024-10,EXP,"(-5,-1]",5.0,0.0,2
2024-10,EXP,"(-60,-30]",36.0,0.0,1
2024-10,EXP,"(0,1]",0.0,2.0,2
2024-10,EXP,"(1,5]",0.0,22.0,6
2024-10,EXP,"(10,15]",0.0,15.0,1
2024-10,EXP,"(15,30]",0.0,55.0,3
2024-10,EXP,"(30,60]",0.0,119.0,2
2024-10,EXP,"(5,10]",0.0,29.0,4
2024-10,EXP,"(60,120]",0.0,317.0,4
2024-10,IC,"(-1,0]",0.0,0.0,123
2024-10,IC,"(-10,-5]",1486.0,0.0,230
2024-10,IC,"(-15,-10]",607.0,0.0,53
2024-10,IC,"(-30,-15]",500.0,0.0,24
2024-10,IC,"(-5,-1]",1082.0,0.0,456
2024-10,IC,"(-60,-30]",180.0,0.0,4
2024-10,IC,"(0,1]",0.0,177.0,177
2024-10,IC,"(1,5]",0.0,1948.0,573
2024-10,IC,"(10,15]",0.0,3582.0,278
2024-10,IC,"(15,30]",0.0,6769.0,315
2024-10,IC,"(30,60]",0.0,6452.0,155
2024-10,IC,"(5,10]",0.0,3546.0,458
2024-10,IC,"(60,120]",0.0,6607.0,80
2024-10,IC,> 120,0.0,4664.0,31
2024-10,IC,missing,0.0,0.0,17
2024-10,ICN,"(-1,0]",0.0,0.0,29
2024-10,ICN,"(-10,-5]",400.0,0.0,61
2024-10,ICN,"(-15,-10]",144.0,0.0,13
2024-10,ICN,"(-30,-15]",851.0,0.0,41
2024-10,ICN,"(-5,-1]",281.0,0.0,102
2024-10,ICN,"(-60,-30]",32.0,0.0,1
2024-10,ICN,"(0,1]",0.0,17.0,17
2024-10,ICN,"(1,5]",0.0,151.0,47
2024-10,ICN,"(10,15]",0.0,256.0,20
2024-10,ICN,"(15,30]",0.0,393.0,17
2024-10,ICN,"(30,60]",0.0,847.0,20
2024-10,ICN,"(5,10]",0.0,189.0,25
2024-10,ICN,"(60,120]",0.0,1149.0,15
2024-10,ICN,> 120,0.0,536.0,3
2024-10,IR,"(1,5]",0.0,5.0,1
2024-10,MET,"(-1,0]",0.0,0.0,785
2024-10,MET,"(-10,-5]",909.0,0.0,147
2024-10,MET,"(-15,-10]",192.0,0.0,17
2024-10,MET,"(-30,-15]",22.0,0.0,1
2024-10,MET,"(-5,-1]",5226.0,0.0,2909
2024-10,MET,"(0,1]",0.0,1063.0,1063
2024-10,MET,"(1,5]",0.0,3811.0,1310
2024-10,MET,"(10,15]",0.0,957.0,75
2024-10,MET,"(15,30]",0.0,1658.0,75
2024-10,MET,"(30,60]",0.0,872.0,23
2024-10,MET,"(5,10]",0.0,1841.0,248
2024-10,MET,"(60,120]",0.0,268.0,4
2024-10,MET,> 120,0.0,332.0,2
2024-10,MET,missing,0.0,0.0,129
2024-10,NCL,"(-15,-10]",13.0,0.0,1
2024-10,NCL,"(-30,-15]",49.0,0.0,2
2024-10,NCL,"(-60,-30]",43.0,0.0,1
2024-10,NCL,"(0,1]",0.0,2.0,2
2024-10,NCL,"(10,15]",0.0,11.0,1
2024-10,NCL,"(30,60]",0.0,34.0,1
2024-10,NCL,<= -60,61.0,0.0,1
2024-10,REG,"(-1,0]",0.0,0.0,20020
2024-10,REG,"(-10,-5]",52323.0,0.0,8803
2024-10,REG,"(-15,-10]",6261.0,0.0,555
2024-10,REG,"(-30,-15]",1852.0,0.0,109
2024-10,REG,"(-5,-1]",140158.0,0.0,69486
2024-10,REG,"(-60,-30]",157.0,0.0,4
2024-10,REG,"(0,1]",0.0,26874.0,26874
2024-10,REG,"(1,5]",0.0,206869.0,64810
2024-10,REG,"(10,15]",0.0,80993.0,6415
2024-10,REG,"(15,30]",0.0,130799.0,6150
2024-10,REG,"(30,60]",0.0,95772.0,2343
2024-10,REG,"(5,10]",0.0,160844.0,21604
2024-10,REG,"(60,120]",0.0,43553.0,549
2024-10,REG,<= -60,65.0,0.0,1
2024-10,REG,> 120,0.0,26544.0,150
2024-10,REG,missing,0.0,0.0,2820
2024-10,,"(-1,0]",0.0,0.0,554
2024-10,,"(-10,-5]",4880.0,0.0,792
2024-10,,"(-15,-10]",556.0,0.0,52
2024-10,,"(-30,-15]",158.0,0.0,8
2024-10,,"(-5,-1]",5042.0,0.0,2186
2024-10,,"(0,1]",0.0,840.0,840
2024-10,,"(1,5]",0.0,11174.0,3288
2024-10,,"(10,15]",0.0,17774.0,1388
2024-10,,"(15,30]",0.0,43290.0,1988
2024-10,,"(30,60]",0.0,49498.0,1182
2024-10,,"(5,10]",0.0,19754.0,2540
2024-10,,"(60,120]",0.0,37558.0,466
2024-10,,> 120,0.0,22210.0,132
2024-10,,missing,0.0,0.0,36
2024-11,DIR,"(5,10]",0.0,6.0,1
2024-11,EC,"(-1,0]",0.0,0.0,20
2024-11,EC,"(-10,-5]",651.0,0.0,105
2024-11,EC,"(-15,-10]",75.0,0.0,7
2024-11,EC,"(-5,-1]",414.0,0.0,174
2024-11,EC,"(0,1]",0.0,42.0,42
2024-11,EC,"(1,5]",0.0,424.0,130
2024-11,EC,"(10,15]",0.0,1234.0,96
2024-11,EC,"(15,30]",0.0,2426.0,113
2024-11,EC,"(30,60]",0.0,3025.0,71
2024-11,EC,"(5,10]",0.0,866.0,112
2024-11,EC,"(60,120]",0.0,1342.0,16
2024-11,EC,> 120,0.0,949.0,6
2024-11,EC,missing,0.0,0.0,8
2024-11,EN,"(-1,0]",0.0,0.0,3
2024-11,EN,"(-10,-5]",75.0,0.0,12
2024-11,EN,"(-15,-10]",68.0,0.0,5
2024-11,EN,"(-30,-15]",38.0,0.0,2
2024-11,EN,"(-5,-1]",29.0,0.0,11
2024-11,EN,"(-60,-30]",94.0,0.0,2
2024-11,EN,"(0,1]",0.0,3.0,3
2024-11,EN,"(1,5]",0.0,40.0,10
2024-11,EN,"(10,15]",0.0,80.0,6
2024-11,EN,"(15,30]",0.0,369.0,16
2024-11,EN,"(30,60]",0.0,183.0,5
2024-11,EN,"(5,10]",0.0,101.0,13
2024-11,EN,"(60,120]",0.0,728.0,9
2024-11,EN,<= -60,74.0,0.0,1
2024-11,EN,> 120,0.0,466.0,2
2024-11,EXP,"(-10,-5]",13.0,0.0,2
2024-11,EXP,"(-30,-15]",15.0,0.0,1
2024-11,EXP,"(-5,-1]",7.0,0.0,3
2024-11,EXP,"(1,5]",0.0,33.0,11
2024-11,EXP,"(10,15]",0.0,15.0,1
2024-11,EXP,"(30,60]",0.0,49.0,1
2024-11,EXP,"(5,10]",0.0,48.0,6
2024-11,EXP,> 120,0.0,200.0,1
2024-11,IC,"(-1,0]",0.0,0.0,128
2024-11,IC,"(-10,-5]",1687.0,0.0,258
2024-11,IC,"(-15,-10]",1193.0,0.0,105
2024-11,IC,"(-30,-15]",704.0,0.0,35
2024-11,IC,"(-5,-1]",1339.0,0.0,564
2024-11,IC,"(-60,-30]",355.0,0.0,10
2024-11,IC,"(0,1]",0.0,142.0,142
2024-11,IC,"(1,5]",0.0,1700.0,520
2024-11,IC,"(10,15]",0.0,2892.0,226
2024-11,IC,"(15,30]",0.0,5667.0,264
2024-11,IC,"(30,60]",0.0,7771.0,181
2024-11,IC,"(5,10]",0.0,2900.0,371
2024-11,IC,"(60,120]",0.0,5651.0,71
2024-11,IC,> 120,0.0,4407.0,27
2024-11,IC,missing,0.0,0.0,16
2024-11,ICN,"(-1,0]",0.0,0.0,14
2024-11,ICN,"(-10,-5]",405.0,0.0,62
2024-11,ICN,"(-15,-10]",260.0,0.0,22
2024-11,ICN,"(-30,-15]",768.0,0.0,35
2024-11,ICN,"(-5,-1]",241.0,0.0,88
2024-11,ICN,"(-60,-30]",200.0,0.0,5
2024-11,ICN,"(0,1]",0.0,18.0,18
2024-11,ICN,"(1,5]",0.0,164.0,49
2024-11,ICN,"(10,15]",0.0,193.0,15
2024-11,ICN,"(15,30]",0.0,344.0,15
2024-11,ICN,"(30,60]",0.0,566.0,14
2024-11,ICN,"(5,10]",0.0,244.0,32
2024-11,ICN,"(60,120]",0.0,1194.0,15
2024-11,ICN,<= -60,61.0,0.0,1
2024-11,ICN,> 120,0.0,154.0,1
2024-11,IR,"(-5,-1]",4.0,0.0,1
2024-11,IR,"(1,5]",0.0,5.0,1
2024-11,IR,"(10,15]",0.0,15.0,1
2024-11,IR,"(15,30]",0.0,27.0,1
2024-11,IR,"(30,60]",0.0,148.0,3
2024-11,IR,"(5,10]",0.0,43.0,5
2024-11,IR,"(60,120]",0.0,118.0,1
2024-11,IR,> 120,0.0,138.0,1
2024-11,MET,"(-1,0]",0.0,0.0,734
2024-11,MET,"(-10,-5]",702.0,0.0,121
2024-11,MET,"(-15,-10]",148.0,0.0,13
2024-11,MET,"(-5,-1]",4941.0,0.0,2682
2024-11,MET,"(0,1]",0.0,1059.0,1059
2024-11,MET,"(1,5]",0.0,3520.0,1223
2024-11,MET,"(10,15]",0.0,1026.0,81
2024-11,MET,"(15,30]",0.0,1697.0,77
2024-11,MET,"(30,60]",0.0,667.0,16
2024-11,MET,"(5,10]",0.0,1944.0,265
2024-11,MET,"(60,120]",0.0,106.0,1
2024-11,MET,missing,0.0,0.0,194
2024-11,NCL,"(-10,-5]",5.0,0.0,1
2024-11,NCL,"(-15,-10]",12.0,0.0,1
2024-11,NCL,"(-5,-1]",4.0,0.0,1
2024-11,NCL,"(-60,-30]",51.0,0.0,1
2024-11,NCL,"(10,15]",0.0,13.0,1
2024-11,NCL,"(60,120]",0.0,155.0,2
2024-11,NCL,<= -60,64.0,0.0,1
2024-11,NCL,missing,0.0,0.0,2
2024-11,REG,"(-1,0]",0.0,0.0,18995
2024-11,REG,"(-10,-5]",60667.0,0.0,10109
2024-11,REG,"(-15,-10]",7081.0,0.0,632
2024-11,REG,"(-30,-15]",2111.0,0.0,123
2024-11,REG,"(-5,-1]",137149.0,0.0,67583
2024-11,REG,"(-60,-30]",42.0,0.0,1
2024-11,REG,"(0,1]",0.0,24953.0,24953
2024-11,REG,"(1,5]",0.0,184355.0,58031
2024-11,REG,"(10,15]",0.0,70628.0,5595
2024-11,REG,"(15,30]",0.0,119058.0,5576
2024-11,REG,"(30,60]",0.0,93804.0,2281
2024-11,REG,"(5,10]",0.0,130821.0,17662
2024-11,REG,"(60,120]",0.0,46942.0,593
2024-11,REG,<= -60,194.0,0.0,3
2024-11,REG,> 120,0.0,12111.0,74
2024-11,REG,missing,0.0,0.0,4386
2024-11,,"(-1,0]",0.0,0.0,570
2024-11,,"(-10,-5]",7222.0,0.0,1146
2024-11,,"(-15,-10]",1154.0,0.0,104
2024-11,,"(-30,-15]",400.0,0.0,18
2024-11,,"(-5,-1]",5610.0,0.0,2416
2024-11,,"(0,1]",0.0,784.0,784
2024-11,,"(1,5]",0.0,10738.0,3170
2024-11,,"(10,15]",0.0,14992.0,1180
2024-11,,"(15,30]",0.0,34616.0,1566
2024-11,,"(30,60]",0.0,43478.0,1024
2024-11,,"(5,10]",0.0,15702.0,2062
2024-11,,"(60,120]",0.0,30872.0,384
2024-11,,> 120,0.0,17712.0,106
2024-11,,missing,0.0,0.0,78
2024-12,EC,"(-1,0]",0.0,0.0,35
2024-12,EC,"(-10,-5]",821.0,0.0,128
2024-12,EC,"(-15,-10]",108.0,0.0,10
2024-12,EC,"(-30,-15]",62.0,0.0,4
2024-12,EC,"(-5,-1]",661.0,0.0,262
2024-12,EC,"(0,1]",0.0,66.0,66
2024-12,EC,"(1,5]",0.0,546.0,165
2024-12,EC,"(10,15]",0.0,1148.0,91
2024-12,EC,"(15,30]",0.0,1940.0,91
2024-12,EC,"(30,60]",0.0,2098.0,51
2024-12,EC,"(5,10]",0.0,814.0,109
2024-12,EC,"(60,120]",0.0,1443.0,19
2024-12,EC,> 120,0.0,426.0,2
2024-12,EC,missing,0.0,0.0,7
2024-12,EN,"(-1,0]",0.0,0.0,1
2024-12,EN,"(-10,-5]",50.0,0.0,9
2024-12,EN,"(-15,-10]",27.0,0.0,2
2024-12,EN,"(-30,-15]",262.0,0.0,12
2024-12,EN,"(-5,-1]",18.0,0.0,10
2024-12,EN,"(-60,-30]",106.0,0.0,3
2024-12,EN,"(0,1]",0.0,3.0,3
2024-12,EN,"(1,5]",0.0,42.0,13
2024-12,EN,"(10,15]",0.0,62.0,5
2024-12,EN,"(15,30]",0.0,300.0,13
2024-12,EN,"(30,60]",0.0,410.0,9
2024-12,EN,"(5,10]",0.0,53.0,7
2024-12,EN,"(60,120]",0.0,591.0,7
2024-12,EN,missing,0.0,0.0,2
2024-12,EXP,"(-10,-5]",8.0,0.0,1
2024-12,EXP,"(-5,-1]",2.0,0.0,1
2024-12,EXP,"(1,5]",0.0,8.0,2
2024-12,EXP,"(15,30]",0.0,27.0,1
2024-12,EXP,"(30,60]",0.0,88.0,2
2024-12,EXP,"(5,10]",0.0,10.0,1
2024-12,EXP,missing,0.0,0.0,5
2024-12,IC,"(-1,0]",0.0,0.0,133
2024-12,IC,"(-10,-5]",2428.0,0.0,373
2024-12,IC,"(-15,-10]",1114.0,0.0,98
2024-12,IC,"(-30,-15]",449.0,0.0,24
2024-12,IC,"(-5,-1]",1307.0,0.0,560
2024-12,IC,"(-60,-30]",196.0,0.0,6
2024-12,IC,"(0,1]",0.0,163.0,163
2024-12,IC,"(1,5]",0.0,1602.0,482
2024-12,IC,"(10,15]",0.0,2640.0,206
2024-12,IC,"(15,30]",0.0,4883.0,229
2024-12,IC,"(30,60]",0.0,5961.0,139
2024-12,IC,"(5,10]",0.0,2727.0,350
2024-12,IC,"(60,120]",0.0,5245.0,64
2024-12,IC,> 120,0.0,4631.0,23
2024-12,IC,missing,0.0,0.0,21
2024-12,ICN,"(-1,0]",0.0,0.0,15
2024-12,ICN,"(-10,-5]",496.0,0.0,76
2024-12,ICN,"(-15,-10]",331.0,0.0,29
2024-12,ICN,"(-30,-15]",836.0,0.0,39
2024-12,ICN,"(-5,-1]",265.0,0.0,97
2024-12,ICN,"(-60,-30]",173.0,0.0,5
2024-12,ICN,"(0,1]",0.0,20.0,20
2024-12,ICN,"(1,5]",0.0,271.0,80
2024-12,ICN,"(10,15]",0.0,310.0,23
2024-12,ICN,"(15,30]",0.0,357.0,17
2024-12,ICN,"(30,60]",0.0,754.0,18
2024-12,ICN,"(5,10]",0.0,244.0,33
2024-12,ICN,"(60,120]",0.0,1014.0,13
2024-12,ICN,> 120,0.0,538.0,4
2024-12,IR,"(-10,-5]",6.0,0.0,1
2024-12,IR,"(-5,-1]",4.0,0.0,1
2024-12,IR,"(1,5]",0.0,2.0,1
2024-12,IR,"(15,30]",0.0,29.0,1
2024-12,IR,"(60,120]",0.0,170.0,2
2024-12,MET,"(-1,0]",0.0,0.0,756
2024-12,MET,"(-10,-5]",1424.0,0.0,237
2024-12,MET,"(-15,-10]",31.0,0.0,3
2024-12,MET,"(-30,-15]",17.0,0.0,1
2024-12,MET,"(-5,-1]",5271.0,0.0,2858
2024-12,MET,"(0,1]",0.0,998.0,998
2024-12,MET,"(1,5]",0.0,3118.0,1068
2024-12,MET,"(10,15]",0.0,847.0,67
2024-12,MET,"(15,30]",0.0,1221.0,57
2024-12,MET,"(30,60]",0.0,519.0,12
2024-12,MET,"(5,10]",0.0,1353.0,180
2024-12,MET,"(60,120]",0.0,198.0,3
2024-12,MET,missing,0.0,0.0,55
2024-12,NCL,"(-10,-5]",9.0,0.0,1
2024-12,NCL,"(-30,-15]",40.0,0.0,2
2024-12,NCL,"(-60,-30]",96.0,0.0,2
2024-12,NCL,"(0,1]",0.0,1.0,1
2024-12,NCL,"(10,15]",0.0,26.0,2
2024-12,NCL,"(15,30]",0.0,39.0,2
2024-12,NCL,"(30,60]",0.0,49.0,1
2024-12,NCL,"(5,10]",0.0,7.0,1
2024-12,NCL,> 120,0.0,132.0,1
2024-12,REG,"(-1,0]",0.0,0.0,19768
2024-12,REG,"(-10,-5]",57861.0,0.0,9539
2024-12,REG,"(-15,-10]",6329.0,0.0,573
2024-12,REG,"(-30,-15]",1836.0,0.0,107
2024-12,REG,"(-5,-1]",139200.0,0.0,69357
2024-12,REG,"(-60,-30]",142.0,0.0,3
2024-12,REG,"(0,1]",0.0,24657.0,24657
2024-12,REG,"(1,5]",0.0,173220.0,55187
2024-12,REG,"(10,15]",0.0,59658.0,4738
2024-12,REG,"(15,30]",0.0,95650.0,4478
2024-12,REG,"(30,60]",0.0,72149.0,1767
2024-12,REG,"(5,10]",0.0,115770.0,15629
2024-12,REG,"(60,120]",0.0,32807.0,420
2024-12,REG,> 120,0.0,7918.0,49
2024-12,REG,missing,0.0,0.0,1811
2024-12,,"(-1,0]",0.0,0.0,768
2024-12,,"(-10,-5]",8190.0,0.0,1288
2024-12,,"(-15,-10]",1228.0,0.0,112
2024-12,,"(-30,-15]",84.0,0.0,4
2024-12,,"(-5,-1]",6718.0,0.0,2912
2024-12,,"(-60,-30]",82.0,0.0,2
2024-12,,"(0,1]",0.0,952.0,952
2024-12,,"(1,5]",0.0,10742.0,3234
2024-12,,"(10,15]",0.0,13414.0,1058
2024-12,,"(15,30]",0.0,30910.0,1408
2024-12,,"(30,60]",0.0,34540.0,828
2024-12,,"(5,10]",0.0,15756.0,2054
2024-12,,"(60,120]",0.0,22640.0,282
2024-12,,> 120,0.0,8426.0,52
2024-12,,missing,0.0,0.0,8
2025-01,EC,"(-1,0]",0.0,0.0,35
2025-01,EC,"(-10,-5]",959.0,0.0,145
2025-01,EC,"(-15,-10]",308.0,0.0,29
2025-01,EC,"(-30,-15]",31.0,0.0,2
2025-01,EC,"(-5,-1]",742.0,0.0,302
2025-01,EC,"(0,1]",0.0,81.0,81
2025-01,EC,"(1,5]",0.0,599.0,182
2025-01,EC,"(10,15]",0.0,709.0,56
2025-01,EC,"(15,30]",0.0,1422.0,67
2025-01,EC,"(30,60]",0.0,1255.0,31
2025-01,EC,"(5,10]",0.0,918.0,121
2025-01,EC,"(60,120]",0.0,1659.0,21
2025-01,EC,> 120,0.0,320.0,2
2025-01,EC,missing,0.0,0.0,34
2025-01,EN,"(-10,-5]",66.0,0.0,10
2025-01,EN,"(-15,-10]",97.0,0.0,8
2025-01,EN,"(-30,-15]",86.0,0.0,4
2025-01,EN,"(-5,-1]",40.0,0.0,15
2025-01,EN,"(-60,-30]",76.0,0.0,2
2025-01,EN,"(0,1]",0.0,8.0,8
2025-01,EN,"(1,5]",0.0,45.0,15
2025-01,EN,"(10,15]",0.0,44.0,3
2025-01,EN,"(15,30]",0.0,413.0,18
2025-01,EN,"(30,60]",0.0,234.0,6
2025-01,EN,"(5,10]",0.0,52.0,7
2025-01,EN,"(60,120]",0.0,507.0,6
2025-01,EN,> 120,0.0,634.0,4
2025-01,EN,missing,0.0,0.0,2
2025-01,EXP,"(0,1]",0.0,1.0,1
2025-01,EXP,"(15,30]",0.0,26.0,1
2025-01,EXP,"(30,60]",0.0,38.0,1
2025-01,EXP,"(60,120]",0.0,80.0,1
2025-01,EXP,<= -60,67.0,0.0,1
2025-01,IC,"(-1,0]",0.0,0.0,151
2025-01,IC,"(-10,-5]",2056.0,0.0,321
2025-01,IC,"(-15,-10]",582.0,0.0,51
2025-01,IC,"(-30,-15]",754.0,0.0,36
2025-01,IC,"(-5,-1]",1496.0,0.0,667
2025-01,IC,"(-60,-30]",210.0,0.0,5
2025-01,IC,"(0,1]",0.0,190.0,190
2025-01,IC,"(1,5]",0.0,1865.0,553
2025-01,IC,"(10,15]",0.0,2069.0,164
2025-01,IC,"(15,30]",0.0,4328.0,201
2025-01,IC,"(30,60]",0.0,6101.0,142
2025-01,IC,"(5,10]",0.0,2946.0,380
2025-01,IC,"(60,120]",0.0,5898.0,71
2025-01,IC,> 120,0.0,5978.0,26
2025-01,IC,missing,0.0,0.0,101
2025-01,ICN,"(-1,0]",0.0,0.0,14
2025-01,ICN,"(-10,-5]",486.0,0.0,75
2025-01,ICN,"(-15,-10]",207.0,0.0,18
2025-01,ICN,"(-30,-15]",724.0,0.0,33
2025-01,ICN,"(-5,-1]",422.0,0.0,152
2025-01,ICN,"(-60,-30]",120.0,0.0,3
2025-01,ICN,"(0,1]",0.0,27.0,27
2025-01,ICN,"(1,5]",0.0,217.0,71
2025-01,ICN,"(10,15]",0.0,165.0,13
2025-01,ICN,"(15,30]",0.0,484.0,23
2025-01,ICN,"(30,60]",0.0,691.0,16
2025-01,ICN,"(5,10]",0.0,297.0,39
2025-01,ICN,"(60,120]",0.0,998.0,12
2025-01,ICN,> 120,0.0,1172.0,5
2025-01,IR,"(-5,-1]",4.0,0.0,2
2025-01,IR,"(0,1]",0.0,1.0,1
2025-01,IR,"(1,5]",0.0,4.0,1
2025-01,IR,"(5,10]",0.0,9.0,1
2025-01,MET,"(-1,0]",0.0,0.0,671
2025-01,MET,"(-10,-5]",2509.0,0.0,389
2025-01,MET,"(-15,-10]",61.0,0.0,6
2025-01,MET,"(-5,-1]",5269.0,0.0,2834
2025-01,MET,"(0,1]",0.0,972.0,972
2025-01,MET,"(1,5]",0.0,2741.0,971
2025-01,MET,"(10,15]",0.0,613.0,48
2025-01,MET,"(15,30]",0.0,1138.0,52
2025-01,MET,"(30,60]",0.0,511.0,13
2025-01,MET,"(5,10]",0.0,986.0,134
2025-01,MET,"(60,120]",0.0,292.0,4
2025-01,MET,missing,0.0,0.0,187
2025-01,NCL,"(-1,0]",0.0,0.0,1
2025-01,NCL,"(-10,-5]",7.0,0.0,1
2025-01,NCL,"(-5,-1]",4.0,0.0,1
2025-01,NCL,"(-60,-30]",36.0,0.0,1
2025-01,NCL,"(5,10]",0.0,17.0,2
2025-01,NCL,<= -60,135.0,0.0,2
2025-01,NCL,> 120,0.0,162.0,1
2025-01,NCL,missing,0.0,0.0,7
2025-01,REG,"(-1,0]",0.0,0.0,20913
2025-01,REG,"(-10,-5]",65010.0,0.0,10709
2025-01,REG,"(-15,-10]",7785.0,0.0,709
2025-01,REG,"(-30,-15]",1720.0,0.0,101
2025-01,REG,"(-5,-1]",146696.0,0.0,72873
2025-01,REG,"(-60,-30]",200.0,0.0,5
2025-01,REG,"(0,1]",0.0,25713.0,25713
2025-01,REG,"(1,5]",0.0,164959.0,53207
2025-01,REG,"(10,15]",0.0,47252.0,3752
2025-01,REG,"(15,30]",0.0,78586.0,3679
2025-01,REG,"(30,60]",0.0,61299.0,1482
2025-01,REG,"(5,10]",0.0,101257.0,13722
2025-01,REG,"(60,120]",0.0,30860.0,389
2025-01,REG,> 120,0.0,9064.0,56
2025-01,REG,missing,0.0,0.0,5163
2025-01,,"(-1,0]",0.0,0.0,638
2025-01,,"(-10,-5]",9303.0,0.0,1455
2025-01,,"(-15,-10]",3075.0,0.0,276
2025-01,,"(-30,-15]",307.0,0.0,20
2025-01,,"(-5,-1]",7205.0,0.0,3002
2025-01,,"(0,1]",0.0,1018.0,1018
2025-01,,"(1,5]",0.0,11921.0,3544
2025-01,,"(10,15]",0.0,10635.0,839
2025-01,,"(15,30]",0.0,25553.0,1169
2025-01,,"(30,60]",0.0,34376.0,817
2025-01,,"(5,10]",0.0,14490.0,1893
2025-01,,"(60,120]",0.0,21932.0,270
2025-01,,> 120,0.0,14444.0,90
2025-01,,missing,0.0,0.0,295
2025-02,DIR,"(-5,-1]",2.0,0.0,1
2025-02,EC,"(-1,0]",0.0,0.0,30
2025-02,EC,"(-10,-5]",762.0,0.0,118
2025-02,EC,"(-15,-10]",348.0,0.0,32
2025-02,EC,"(-30,-15]",15.0,0.0,1
2025-02,EC,"(-5,-1]",790.0,0.0,325
2025-02,EC,"(0,1]",0.0,72.0,72
2025-02,EC,"(1,5]",0.0,637.0,206
2025-02,EC,"(10,15]",0.0,780.0,59
2025-02,EC,"(15,30]",0.0,1376.0,63
2025-02,EC,"(30,60]",0.0,1657.0,42
2025-02,EC,"(5,10]",0.0,798.0,103
2025-02,EC,"(60,120]",0.0,749.0,9
2025-02,EC,missing,0.0,0.0,17
2025-02,EN,"(-1,0]",0.0,0.0,3
2025-02,EN,"(-10,-5]",28.0,0.0,4
2025-02,EN,"(-15,-10]",89.0,0.0,7
2025-02,EN,"(-30,-15]",38.0,0.0,2
2025-02,EN,"(-5,-1]",40.0,0.0,16
2025-02,EN,"(0,1]",0.0,1.0,1
2025-02,EN,"(1,5]",0.0,65.0,19
2025-02,EN,"(10,15]",0.0,52.0,4
2025-02,EN,"(15,30]",0.0,180.0,9
2025-02,EN,"(30,60]",0.0,509.0,13
2025-02,EN,"(5,10]",0.0,58.0,7
2025-02,EN,"(60,120]",0.0,321.0,4
2025-02,EN,> 120,0.0,207.0,1
2025-02,EN,missing,0.0,0.0,2
2025-02,EXP,"(-5,-1]",3.0,0.0,1
2025-02,EXP,"(30,60]",0.0,60.0,1
2025-02,EXP,"(5,10]",0.0,6.0,1
2025-02,IC,"(-1,0]",0.0,0.0,126
2025-02,IC,"(-10,-5]",2439.0,0.0,376
2025-02,IC,"(-15,-10]",1041.0,0.0,92
2025-02,IC,"(-30,-15]",480.0,0.0,23
2025-02,IC,"(-5,-1]",1546.0,0.0,650
2025-02,IC,"(-60,-30]",120.0,0.0,3
2025-02,IC,"(0,1]",0.0,190.0,190
2025-02,IC,"(1,5]",0.0,1654.0,501
2025-02,IC,"(10,15]",0.0,2095.0,164
2025-02,IC,"(15,30]",0.0,3577.0,174
2025-02,IC,"(30,60]",0.0,4610.0,107
2025-02,IC,"(5,10]",0.0,2552.0,330
2025-02,IC,"(60,120]",0.0,3917.0,44
2025-02,IC,> 120,0.0,1393.0,9
2025-02,IC,missing,0.0,0.0,18
2025-02,ICN,"(-1,0]",0.0,0.0,35
2025-02,ICN,"(-10,-5]",740.0,0.0,115
2025-02,ICN,"(-15,-10]",351.0,0.0,30
2025-02,ICN,"(-30,-15]",442.0,0.0,24
2025-02,ICN,"(-5,-1]",383.0,0.0,156
2025-02,ICN,"(-60,-30]",129.0,0.0,3
2025-02,ICN,"(0,1]",0.0,21.0,21
2025-02,ICN,"(1,5]",0.0,215.0,70
2025-02,ICN,"(10,15]",0.0,172.0,14
2025-02,ICN,"(15,30]",0.0,393.0,18
2025-02,ICN,"(30,60]",0.0,595.0,14
2025-02,ICN,"(5,10]",0.0,243.0,34
2025-02,ICN,"(60,120]",0.0,325.0,4
2025-02,ICN,> 120,0.0,556.0,2
2025-02,IR,"(-1,0]",0.0,0.0,1
2025-02,IR,"(-5,-1]",5.0,0.0,2
2025-02,IR,"(15,30]",0.0,26.0,1
2025-02,IR,"(60,120]",0.0,62.0,1
2025-02,MET,"(-1,0]",0.0,0.0,722
2025-02,MET,"(-10,-5]",2719.0,0.0,419
2025-02,MET,"(-15,-10]",42.0,0.0,4
2025-02,MET,"(-5,-1]",5234.0,0.0,2749
2025-02,MET,"(0,1]",0.0,973.0,973
2025-02,MET,"(1,5]",0.0,2337.0,844
2025-02,MET,"(10,15]",0.0,534.0,41
2025-02,MET,"(15,30]",0.0,829.0,37
2025-02,MET,"(30,60]",0.0,1019.0,24
2025-02,MET,"(5,10]",0.0,849.0,115
2025-02,MET,"(60,120]",0.0,141.0,2
2025-02,MET,> 120,0.0,143.0,1
2025-02,MET,missing,0.0,0.0,58
2025-02,NCL,"(-15,-10]",14.0,0.0,1
2025-02,NCL,"(-5,-1]",2.0,0.0,1
2025-02,NCL,"(-60,-30]",82.0,0.0,2
2025-02,NCL,"(1,5]",0.0,3.0,1
2025-02,NCL,"(15,30]",0.0,57.0,3
2025-02,NCL,"(30,60]",0.0,104.0,2
2025-02,NCL,"(5,10]",0.0,15.0,2
2025-02,NCL,"(60,120]",0.0,163.0,2
2025-02,NCL,<= -60,77.0,0.0,1
2025-02,NCL,> 120,0.0,259.0,2
2025-02,REG,"(-1,0]",0.0,0.0,20428
2025-02,REG,"(-10,-5]",70125.0,0.0,11474
2025-02,REG,"(-15,-10]",7892.0,0.0,711
2025-02,REG,"(-30,-15]",2021.0,0.0,121
2025-02,REG,"(-5,-1]",153776.0,0.0,75577
2025-02,REG,"(-60,-30]",157.0,0.0,4
2025-02,REG,"(0,1]",0.0,25511.0,25511
2025-02,REG,"(1,5]",0.0,162561.0,52507
2025-02,REG,"(10,15]",0.0,44373.0,3521
2025-02,REG,"(15,30]",0.0,68147.0,3199
2025-02,REG,"(30,60]",0.0,50748.0,1238
2025-02,REG,"(5,10]",0.0,96431.0,13081
2025-02,REG,"(60,120]",0.0,20592.0,259
2025-02,REG,<= -60,143.0,0.0,2
2025-02,REG,> 120,0.0,5826.0,37
2025-02,REG,missing,0.0,0.0,2853
2025-02,,"(-1,0]",0.0,0.0,624
2025-02,,"(-10,-5]",8368.0,0.0,1304
2025-02,,"(-15,-10]",2770.0,0.0,246
2025-02,,"(-30,-15]",380.0,0.0,24
2025-02,,"(-5,-1]",6704.0,0.0,2828
2025-02,,"(0,1]",0.0,988.0,988
2025-02,,"(1,5]",0.0,11248.0,3370
2025-02,,"(10,15]",0.0,11852.0,932
2025-02,,"(15,30]",0.0,24602.0,1136
2025-02,,"(30,60]",0.0,25550.0,620
2025-02,,"(5,10]",0.0,16146.0,2082
2025-02,,"(60,120]",0.0,18730.0,232
2025-02,,> 120,0.0,4882.0,34
2025-02,,missing,0.0,0.0,2
2025-03,EC,"(-1,0]",0.0,0.0,35
2025-03,EC,"(-10,-5]",828.0,0.0,126
2025-03,EC,"(-15,-10]",545.0,0.0,50
2025-03,EC,"(-30,-15]",143.0,0.0,9
2025-03,EC,"(-5,-1]",851.0,0.0,360
2025-03,EC,"(0,1]",0.0,78.0,78
2025-03,EC,"(1,5]",0.0,817.0,252
2025-03,EC,"(10,15]",0.0,620.0,48
2025-03,EC,"(15,30]",0.0,1421.0,70
2025-03,EC,"(30,60]",0.0,1468.0,36
2025-03,EC,"(5,10]",0.0,998.0,130
2025-03,EC,"(60,120]",0.0,1002.0,12
2025-03,EC,> 120,0.0,141.0,1
2025-03,EC,missing,0.0,0.0,22
2025-03,EN,"(-1,0]",0.0,0.0,1
2025-03,EN,"(-10,-5]",63.0,0.0,10
2025-03,EN,"(-15,-10]",152.0,0.0,12
2025-03,EN,"(-30,-15]",198.0,0.0,9
2025-03,EN,"(-5,-1]",18.0,0.0,10
2025-03,EN,"(-60,-30]",58.0,0.0,1
2025-03,EN,"(0,1]",0.0,6.0,6
2025-03,EN,"(1,5]",0.0,77.0,22
2025-03,EN,"(10,15]",0.0,110.0,9
2025-03,EN,"(15,30]",0.0,252.0,11
2025-03,EN,"(30,60]",0.0,352.0,9
2025-03,EN,"(5,10]",0.0,87.0,11
2025-03,EN,"(60,120]",0.0,132.0,2
2025-03,EN,<= -60,63.0,0.0,1
2025-03,EN,> 120,0.0,125.0,1
2025-03,EXP,"(-1,0]",0.0,0.0,2
2025-03,EXP,"(-10,-5]",25.0,0.0,4
2025-03,EXP,"(-15,-10]",23.0,0.0,2
2025-03,EXP,"(-30,-15]",27.0,0.0,1
2025-03,EXP,"(-5,-1]",1.0,0.0,1
2025-03,EXP,"(0,1]",0.0,3.0,3
2025-03,EXP,"(1,5]",0.0,11.0,4
2025-03,EXP,"(10,15]",0.0,37.0,3
2025-03,EXP,"(15,30]",0.0,16.0,1
2025-03,EXP,"(30,60]",0.0,53.0,1
2025-03,EXP,"(5,10]",0.0,12.0,2
2025-03,EXP,"(60,120]",0.0,213.0,3
2025-03,EXP,missing,0.0,0.0,4
2025-03,IC,"(-1,0]",0.0,0.0,177
2025-03,IC,"(-10,-5]",2730.0,0.0,417
2025-03,IC,"(-15,-10]",1024.0,0.0,92
2025-03,IC,"(-30,-15]",546.0,0.0,27
2025-03,IC,"(-5,-1]",1737.0,0.0,745
2025-03,IC,"(-60,-30]",116.0,0.0,3
2025-03,IC,"(0,1]",0.0,193.0,193
2025-03,IC,"(1,5]",0.0,1736.0,533
2025-03,IC,"(10,15]",0.0,2239.0,175
2025-03,IC,"(15,30]",0.0,4174.0,193
2025-03,IC,"(30,60]",0.0,5143.0,119
2025-03,IC,"(5,10]",0.0,2721.0,348
2025-03,IC,"(60,120]",0.0,4090.0,52
2025-03,IC,> 120,0.0,2207.0,11
2025-03,IC,missing,0.0,0.0,16
2025-03,ICN,"(-1,0]",0.0,0.0,46
2025-03,ICN,"(-10,-5]",602.0,0.0,97
2025-03,ICN,"(-15,-10]",327.0,0.0,28
2025-03,ICN,"(-30,-15]",404.0,0.0,22
2025-03,ICN,"(-5,-1]",387.0,0.0,145
2025-03,ICN,"(-60,-30]",106.0,0.0,3
2025-03,ICN,"(0,1]",0.0,30.0,30
2025-03,ICN,"(1,5]",0.0,219.0,66
2025-03,ICN,"(10,15]",0.0,268.0,21
2025-03,ICN,"(15,30]",0.0,469.0,24
2025-03,ICN,"(30,60]",0.0,311.0,7
2025-03,ICN,"(5,10]",0.0,372.0,50
2025-03,ICN,"(60,120]",0.0,318.0,4
2025-03,ICN,> 120,0.0,354.0,2
2025-03,IR,"(-5,-1]",4.0,0.0,1
2025-03,IR,"(15,30]",0.0,39.0,2
2025-03,MET,"(-1,0]",0.0,0.0,755
2025-03,MET,"(-10,-5]",2870.0,0.0,443
2025-03,MET,"(-15,-10]",47.0,0.0,4
2025-03,MET,"(-30,-15]",52.0,0.0,3
2025-03,MET,"(-5,-1]",5579.0,0.0,2996
2025-03,MET,"(-60,-30]",33.0,0.0,1
2025-03,MET,"(0,1]",0.0,1001.0,1001
2025-03,MET,"(1,5]",0.0,2700.0,973
2025-03,MET,"(10,15]",0.0,838.0,65
2025-03,MET,"(15,30]",0.0,1238.0,58
2025-03,MET,"(30,60]",0.0,1473.0,35
2025-03,MET,"(5,10]",0.0,1072.0,147
2025-03,MET,"(60,120]",0.0,410.0,6
2025-03,MET,missing,0.0,0.0,228
2025-03,NCL,"(-1,0]",0.0,0.0,1
2025-03,NCL,"(-30,-15]",43.0,0.0,2
2025-03,NCL,"(-5,-1]",13.0,0.0,5
2025-03,NCL,"(-60,-30]",435.0,0.0,10
2025-03,NCL,"(1,5]",0.0,3.0,1
2025-03,NCL,"(10,15]",0.0,11.0,1
2025-03,NCL,"(15,30]",0.0,47.0,2
2025-03,NCL,"(30,60]",0.0,86.0,2
2025-03,NCL,"(5,10]",0.0,21.0,3
2025-03,NCL,<= -60,124.0,0.0,2
2025-03,NCL,> 120,0.0,320.0,2
2025-03,NCL,missing,0.0,0.0,3
2025-03,REG,"(-1,0]",0.0,0.0,22369
2025-03,REG,"(-10,-5]",68666.0,0.0,11459
2025-03,REG,"(-15,-10]",8788.0,0.0,783
2025-03,REG,"(-30,-15]",2035.0,0.0,120
2025-03,REG,"(-5,-1]",167125.0,0.0,82054
2025-03,REG,"(-60,-30]",251.0,0.0,7
2025-03,REG,"(0,1]",0.0,27201.0,27201
2025-03,REG,"(1,5]",0.0,174147.0,56313
2025-03,REG,"(10,15]",0.0,47867.0,3794
2025-03,REG,"(15,30]",0.0,76638.0,3598
2025-03,REG,"(30,60]",0.0,56030.0,1361
2025-03,REG,"(5,10]",0.0,101189.0,13723
2025-03,REG,"(60,120]",0.0,19188.0,250
2025-03,REG,<= -60,159.0,0.0,2
2025-03,REG,> 120,0.0,5249.0,33
2025-03,REG,missing,0.0,0.0,4512
2025-03,,"(-1,0]",0.0,0.0,756
2025-03,,"(-10,-5]",11028.0,0.0,1730
2025-03,,"(-15,-10]",3634.0,0.0,328
2025-03,,"(-30,-15]",486.0,0.0,28
2025-03,,"(-5,-1]",7644.0,0.0,3190
2025-03,,"(0,1]",0.0,1100.0,1100
2025-03,,"(1,5]",0.0,11802.0,3568
2025-03,,"(10,15]",0.0,11616.0,916
2025-03,,"(15,30]",0.0,22904.0,1050
2025-03,,"(30,60]",0.0,25820.0,618
2025-03,,"(5,10]",0.0,16146.0,2126
2025-03,,"(60,120]",0.0,21922.0,258
2025-03,,> 120,0.0,12630.0,72
2025-03,,missing,0.0,0.0,134
2025-04,EC,"(-1,0]",0.0,0.0,43
2025-04,EC,"(-10,-5]",1005.0,0.0,159
2025-04,EC,"(-15,-10]",396.0,0.0,36
2025-04,EC,"(-30,-15]",149.0,0.0,9
2025-04,EC,"(-5,-1]",1077.0,0.0,453
2025-04,EC,"(0,1]",0.0,97.0,97
2025-04,EC,"(1,5]",0.0,906.0,273
2025-04,EC,"(10,15]",0.0,855.0,68
2025-04,EC,"(15,30]",0.0,1886.0,84
2025-04,EC,"(30,60]",0.0,1531.0,35
2025-04,EC,"(5,10]",0.0,1006.0,131
2025-04,EC,"(60,120]",0.0,1010.0,13
2025-04,EC,> 120,0.0,355.0,2
2025-04,EC,missing,0.0,0.0,29
2025-04,EN,"(-10,-5]",51.0,0.0,8
2025-04,EN,"(-30,-15]",70.0,0.0,4
2025-04,EN,"(-5,-1]",17.0,0.0,7
2025-04,EN,"(0,1]",0.0,6.0,6
2025-04,EN,"(1,5]",0.0,74.0,24
2025-04,EN,"(10,15]",0.0,119.0,9
2025-04,EN,"(15,30]",0.0,471.0,20
2025-04,EN,"(30,60]",0.0,392.0,10
2025-04,EN,"(5,10]",0.0,143.0,19
2025-04,EN,"(60,120]",0.0,320.0,4
2025-04,EN,<= -60,60.0,0.0,1
2025-04,EN,> 120,0.0,331.0,2
2025-04,EN,missing,0.0,0.0,2
2025-04,EXP,"(-1,0]",0.0,0.0,1
2025-04,EXP,"(-10,-5]",6.0,0.0,1
2025-04,EXP,"(-5,-1]",5.0,0.0,2
2025-04,EXP,"(0,1]",0.0,1.0,1
2025-04,EXP,"(1,5]",0.0,28.0,7
2025-04,EXP,"(10,15]",0.0,28.0,2
2025-04,EXP,"(15,30]",0.0,116.0,5
2025-04,EXP,"(30,60]",0.0,113.0,3
2025-04,EXP,"(5,10]",0.0,16.0,2
2025-04,EXP,"(60,120]",0.0,149.0,2
2025-04,EXP,> 120,0.0,122.0,1
2025-04,EXP,missing,0.0,0.0,2
2025-04,IC,"(-1,0]",0.0,0.0,156
2025-04,IC,"(-10,-5]",2495.0,0.0,379
2025-04,IC,"(-15,-10]",1254.0,0.0,112
2025-04,IC,"(-30,-15]",335.0,0.0,17
2025-04,IC,"(-5,-1]",1821.0,0.0,761
2025-04,IC,"(-60,-30]",30.0,0.0,1
2025-04,IC,"(0,1]",0.0,190.0,190
2025-04,IC,"(1,5]",0.0,1687.0,498
2025-04,IC,"(10,15]",0.0,2113.0,164
2025-04,IC,"(15,30]",0.0,3956.0,182
2025-04,IC,"(30,60]",0.0,3818.0,90
2025-04,IC,"(5,10]",0.0,2322.0,300
2025-04,IC,"(60,120]",0.0,4192.0,50
2025-04,IC,<= -60,61.0,0.0,1
2025-04,IC,> 120,0.0,4005.0,17
2025-04,IC,missing,0.0,0.0,2
2025-04,ICN,"(-1,0]",0.0,0.0,18
2025-04,ICN,"(-10,-5]",715.0,0.0,108
2025-04,ICN,"(-15,-10]",333.0,0.0,29
2025-04,ICN,"(-30,-15]",573.0,0.0,30
2025-04,ICN,"(-5,-1]",365.0,0.0,140
2025-04,ICN,"(-60,-30]",67.0,0.0,2
2025-04,ICN,"(0,1]",0.0,30.0,30
2025-04,ICN,"(1,5]",0.0,218.0,66
2025-04,ICN,"(10,15]",0.0,257.0,20
2025-04,ICN,"(15,30]",0.0,641.0,28
2025-04,ICN,"(30,60]",0.0,993.0,24
2025-04,ICN,"(5,10]",0.0,262.0,33
2025-04,ICN,"(60,120]",0.0,1604.0,20
2025-04,ICN,> 120,0.0,291.0,1
2025-04,IR,"(10,15]",0.0,29.0,2
2025-04,IR,"(60,120]",0.0,92.0,1
2025-04,MET,"(-1,0]",0.0,0.0,778
2025-04,MET,"(-10,-5]",2953.0,0.0,460
2025-04,MET,"(-15,-10]",33.0,0.0,3
2025-04,MET,"(-5,-1]",6064.0,0.0,3179
2025-04,MET,"(0,1]",0.0,950.0,950
2025-04,MET,"(1,5]",0.0,2468.0,871
2025-04,MET,"(10,15]",0.0,389.0,31
2025-04,MET,"(15,30]",0.0,569.0,26
2025-04,MET,"(30,60]",0.0,476.0,12
2025-04,MET,"(5,10]",0.0,740.0,100
2025-04,MET,"(60,120]",0.0,314.0,5
2025-04,MET,missing,0.0,0.0,37
2025-04,NCL,"(-60,-30]",81.0,0.0,2
2025-04,NCL,"(1,5]",0.0,2.0,1
2025-04,NCL,"(10,15]",0.0,14.0,1
2025-04,NCL,"(30,60]",0.0,58.0,1
2025-04,NCL,"(5,10]",0.0,9.0,1
2025-04,NCL,"(60,120]",0.0,94.0,1
2025-04,NCL,> 120,0.0,523.0,2
2025-04,NCL,missing,0.0,0.0,5
2025-04,REG,"(-1,0]",0.0,0.0,22950
2025-04,REG,"(-10,-5]",65514.0,0.0,11053
2025-04,REG,"(-15,-10]",7877.0,0.0,701
2025-04,REG,"(-30,-15]",2449.0,0.0,142
2025-04,REG,"(-5,-1]",164181.0,0.0,80909
2025-04,REG,"(-60,-30]",32.0,0.0,1
2025-04,REG,"(0,1]",0.0,27698.0,27698
2025-04,REG,"(1,5]",0.0,173693.0,56022
2025-04,REG,"(10,15]",0.0,49054.0,3881
2025-04,REG,"(15,30]",0.0,77441.0,3633
2025-04,REG,"(30,60]",0.0,58389.0,1423
2025-04,REG,"(5,10]",0.0,102163.0,13861
2025-04,REG,"(60,120]",0.0,22109.0,282
2025-04,REG,<= -60,60.0,0.0,1
2025-04,REG,> 120,0.0,6171.0,35
2025-04,REG,missing,0.0,0.0,2221
2025-04,,"(-1,0]",0.0,0.0,666
2025-04,,"(-10,-5]",10370.0,0.0,1622
2025-04,,"(-15,-10]",2556.0,0.0,234
2025-04,,"(-30,-15]",340.0,0.0,22
2025-04,,"(-5,-1]",7700.0,0.0,3254
2025-04,,"(0,1]",0.0,912.0,912
2025-04,,"(1,5]",0.0,11660.0,3524
2025-04,,"(10,15]",0.0,10996.0,866
2025-04,,"(15,30]",0.0,24964.0,1138
2025-04,,"(30,60]",0.0,31772.0,746
2025-04,,"(5,10]",0.0,14474.0,1872
2025-04,,"(60,120]",0.0,23104.0,284
2025-04,,> 120,0.0,18036.0,88
2025-05,DIR,"(15,30]",0.0,18.0,1
2025-05,DIR,"(30,60]",0.0,34.0,1
2025-05,EC,"(-1,0]",0.0,0.0,53
2025-05,EC,"(-10,-5]",1115.0,0.0,179
2025-05,EC,"(-15,-10]",438.0,0.0,39
2025-05,EC,"(-30,-15]",202.0,0.0,12
2025-05,EC,"(-5,-1]",877.0,0.0,354
2025-05,EC,"(0,1]",0.0,86.0,86
2025-05,EC,"(1,5]",0.0,968.0,294
2025-05,EC,"(10,15]",0.0,1088.0,88
2025-05,EC,"(15,30]",0.0,2001.0,97
2025-05,EC,"(30,60]",0.0,1584.0,37
2025-05,EC,"(5,10]",0.0,1526.0,199
2025-05,EC,"(60,120]",0.0,1979.0,24
2025-05,EC,> 120,0.0,1738.0,8
2025-05,EC,missing,0.0,0.0,13
2025-05,EN,"(-10,-5]",23.0,0.0,4
2025-05,EN,"(-5,-1]",24.0,0.0,9
2025-05,EN,"(0,1]",0.0,6.0,6
2025-05,EN,"(1,5]",0.0,75.0,25
2025-05,EN,"(10,15]",0.0,200.0,16
2025-05,EN,"(15,30]",0.0,439.0,21
2025-05,EN,"(30,60]",0.0,242.0,6
2025-05,EN,"(5,10]",0.0,107.0,14
2025-05,EN,"(60,120]",0.0,279.0,4
2025-05,EN,> 120,0.0,1450.0,7
2025-05,EXP,"(-10,-5]",26.0,0.0,4
2025-05,EXP,"(-15,-10]",25.0,0.0,2
2025-05,EXP,"(-30,-15]",109.0,0.0,6
2025-05,EXP,"(-5,-1]",9.0,0.0,6
2025-05,EXP,"(0,1]",0.0,2.0,2
2025-05,EXP,"(1,5]",0.0,9.0,4
2025-05,EXP,"(10,15]",0.0,27.0,2
2025-05,EXP,"(15,30]",0.0,67.0,3
2025-05,EXP,"(30,60]",0.0,168.0,4
2025-05,EXP,"(5,10]",0.0,15.0,2
2025-05,EXP,"(60,120]",0.0,150.0,2
2025-05,IC,"(-1,0]",0.0,0.0,136
2025-05,IC,"(-10,-5]",2418.0,0.0,367
2025-05,IC,"(-15,-10]",902.0,0.0,81
2025-05,IC,"(-30,-15]",449.0,0.0,24
2025-05,IC,"(-5,-1]",1773.0,0.0,740
2025-05,IC,"(-60,-30]",67.0,0.0,2
2025-05,IC,"(0,1]",0.0,178.0,178
2025-05,IC,"(1,5]",0.0,1835.0,548
2025-05,IC,"(10,15]",0.0,2328.0,180
2025-05,IC,"(15,30]",0.0,5232.0,240
2025-05,IC,"(30,60]",0.0,6414.0,151
2025-05,IC,"(5,10]",0.0,2706.0,341
2025-05,IC,"(60,120]",0.0,5826.0,72
2025-05,IC,> 120,0.0,2119.0,14
2025-05,IC,missing,0.0,0.0,71
2025-05,ICN,"(-1,0]",0.0,0.0,24
2025-05,ICN,"(-10,-5]",712.0,0.0,106
2025-05,ICN,"(-15,-10]",427.0,0.0,37
2025-05,ICN,"(-30,-15]",888.0,0.0,42
2025-05,ICN,"(-5,-1]",321.0,0.0,130
2025-05,ICN,"(-60,-30]",93.0,0.0,3
2025-05,ICN,"(0,1]",0.0,26.0,26
2025-05,ICN,"(1,5]",0.0,243.0,76
2025-05,ICN,"(10,15]",0.0,299.0,23
2025-05,ICN,"(15,30]",0.0,658.0,29
2025-05,ICN,"(30,60]",0.0,997.0,24
2025-05,ICN,"(5,10]",0.0,328.0,43
2025-05,ICN,"(60,120]",0.0,2573.0,30
2025-05,ICN,> 120,0.0,254.0,2
2025-05,IR,"(-10,-5]",6.0,0.0,1
2025-05,IR,"(-5,-1]",10.0,0.0,4
2025-05,IR,"(30,60]",0.0,53.0,1
2025-05,MET,"(-1,0]",0.0,0.0,739
2025-05,MET,"(-10,-5]",2789.0,0.0,434
2025-05,MET,"(-15,-10]",49.0,0.0,4
2025-05,MET,"(-30,-15]",27.0,0.0,1
2025-05,MET,"(-5,-1]",5962.0,0.0,3112
2025-05,MET,"(0,1]",0.0,942.0,942
2025-05,MET,"(1,5]",0.0,2424.0,871
2025-05,MET,"(10,15]",0.0,630.0,49
2025-05,MET,"(15,30]",0.0,1297.0,60
2025-05,MET,"(30,60]",0.0,1018.0,24
2025-05,MET,"(5,10]",0.0,1272.0,167
2025-05,MET,"(60,120]",0.0,336.0,4
2025-05,MET,> 120,0.0,437.0,2
2025-05,MET,missing,0.0,0.0,325
2025-05,NCL,"(-10,-5]",48.0,0.0,7
2025-05,NCL,"(-30,-15]",23.0,0.0,1
2025-05,NCL,"(-5,-1]",11.0,0.0,4
2025-05,NCL,"(-60,-30]",49.0,0.0,1
2025-05,NCL,"(1,5]",0.0,9.0,3
2025-05,NCL,"(10,15]",0.0,13.0,1
2025-05,NCL,"(15,30]",0.0,40.0,2
2025-05,NCL,"(30,60]",0.0,396.0,8
2025-05,NCL,"(60,120]",0.0,66.0,1
2025-05,NCL,<= -60,68.0,0.0,1
2025-05,NCL,missing,0.0,0.0,10
2025-05,REG,"(-1,0]",0.0,0.0,22781
2025-05,REG,"(-10,-5]",62059.0,0.0,10412
2025-05,REG,"(-15,-10]",8239.0,0.0,736
2025-05,REG,"(-30,-15]",1842.0,0.0,109
2025-05,REG,"(-5,-1]",160011.0,0.0,79313
2025-05,REG,"(-60,-30]",144.0,0.0,4
2025-05,REG,"(0,1]",0.0,27606.0,27606
2025-05,REG,"(1,5]",0.0,184907.0,59032
2025-05,REG,"(10,15]",0.0,61738.0,4869
2025-05,REG,"(15,30]",0.0,108142.0,5044
2025-05,REG,"(30,60]",0.0,90144.0,2212
2025-05,REG,"(5,10]",0.0,123432.0,16606
2025-05,REG,"(60,120]",0.0,39585.0,509
2025-05,REG,<= -60,82.0,0.0,1
2025-05,REG,> 120,0.0,12719.0,73
2025-05,REG,missing,0.0,0.0,8612
2025-05,,"(-1,0]",0.0,0.0,638
2025-05,,"(-10,-5]",10078.0,0.0,1554
2025-05,,"(-15,-10]",2692.0,0.0,246
2025-05,,"(-30,-15]",422.0,0.0,26
2025-05,,"(-5,-1]",7156.0,0.0,3000
2025-05,,"(0,1]",0.0,876.0,876
2025-05,,"(1,5]",0.0,10664.0,3166
2025-05,,"(10,15]",0.0,13516.0,1060
2025-05,,"(15,30]",0.0,30336.0,1378
2025-05,,"(30,60]",0.0,39450.0,934
2025-05,,"(5,10]",0.0,16858.0,2180
2025-05,,"(60,120]",0.0,28322.0,350
2025-05,,> 120,0.0,16694.0,104
2025-05,,missing,0.0,0.0,392
2025-06,EC,"(-1,0]",0.0,0.0,33
2025-06,EC,"(-10,-5]",659.0,0.0,105
2025-06,EC,"(-15,-10]",235.0,0.0,21
2025-06,EC,"(-30,-15]",115.0,0.0,7
2025-06,EC,"(-5,-1]",726.0,0.0,299
2025-06,EC,"(0,1]",0.0,75.0,75
2025-06,EC,"(1,5]",0.0,782.0,231
2025-06,EC,"(10,15]",0.0,1029.0,79
2025-06,EC,"(15,30]",0.0,2262.0,104
2025-06,EC,"(30,60]",0.0,2691.0,61
2025-06,EC,"(5,10]",0.0,1016.0,131
2025-06,EC,"(60,120]",0.0,2427.0,28
2025-06,EC,> 120,0.0,930.0,6
2025-06,EC,missing,0.0,0.0,30
2025-06,EN,"(-1,0]",0.0,0.0,1
2025-06,EN,"(-10,-5]",26.0,0.0,4
2025-06,EN,"(-30,-15]",92.0,0.0,4
2025-06,EN,"(-5,-1]",17.0,0.0,7
2025-06,EN,"(0,1]",0.0,15.0,15
2025-06,EN,"(1,5]",0.0,96.0,28
2025-06,EN,"(10,15]",0.0,97.0,8
2025-06,EN,"(15,30]",0.0,298.0,14
2025-06,EN,"(30,60]",0.0,408.0,9
2025-06,EN,"(5,10]",0.0,122.0,15
2025-06,EN,"(60,120]",0.0,588.0,6
2025-06,EN,> 120,0.0,331.0,2
2025-06,EN,missing,0.0,0.0,2
2025-06,EXP,"(-1,0]",0.0,0.0,1
2025-06,EXP,"(-10,-5]",41.0,0.0,6
2025-06,EXP,"(-15,-10]",47.0,0.0,4
2025-06,EXP,"(-30,-15]",18.0,0.0,1
2025-06,EXP,"(-5,-1]",12.0,0.0,4
2025-06,EXP,"(0,1]",0.0,2.0,2
2025-06,EXP,"(1,5]",0.0,10.0,3
2025-06,EXP,"(10,15]",0.0,53.0,4
2025-06,EXP,"(15,30]",0.0,189.0,8
2025-06,EXP,"(30,60]",0.0,90.0,2
2025-06,EXP,"(5,10]",0.0,24.0,3
2025-06,EXP,missing,0.0,0.0,2
2025-06,IC,"(-1,0]",0.0,0.0,110
2025-06,IC,"(-10,-5]",1777.0,0.0,277
2025-06,IC,"(-15,-10]",947.0,0.0,83
2025-06,IC,"(-30,-15]",305.0,0.0,16
2025-06,IC,"(-5,-1]",1268.0,0.0,533
2025-06,IC,"(-60,-30]",66.0,0.0,2
2025-06,IC,"(0,1]",0.0,199.0,199
2025-06,IC,"(1,5]",0.0,1728.0,506
2025-06,IC,"(10,15]",0.0,3113.0,242
2025-06,IC,"(15,30]",0.0,6635.0,303
2025-06,IC,"(30,60]",0.0,9339.0,222
2025-06,IC,"(5,10]",0.0,3165.0,407
2025-06,IC,"(60,120]",0.0,7455.0,94
2025-06,IC,> 120,0.0,9950.0,54
2025-06,IC,missing,0.0,0.0,23
2025-06,ICN,"(-1,0]",0.0,0.0,27
2025-06,ICN,"(-10,-5]",680.0,0.0,99
2025-06,ICN,"(-15,-10]",479.0,0.0,43
2025-06,ICN,"(-30,-15]",821.0,0.0,41
2025-06,ICN,"(-5,-1]",337.0,0.0,142
2025-06,ICN,"(-60,-30]",80.0,0.0,2
2025-06,ICN,"(0,1]",0.0,30.0,30
2025-06,ICN,"(1,5]",0.0,230.0,72
2025-06,ICN,"(10,15]",0.0,246.0,19
2025-06,ICN,"(15,30]",0.0,804.0,36
2025-06,ICN,"(30,60]",0.0,1473.0,34
2025-06,ICN,"(5,10]",0.0,264.0,34
2025-06,ICN,"(60,120]",0.0,1993.0,23
2025-06,ICN,> 120,0.0,847.0,5
2025-06,IR,"(-5,-1]",7.0,0.0,2
2025-06,IR,"(1,5]",0.0,8.0,2
2025-06,IR,"(10,15]",0.0,11.0,1
2025-06,IR,"(15,30]",0.0,23.0,1
2025-06,IR,"(30,60]",0.0,41.0,1
2025-06,IR,"(60,120]",0.0,148.0,2
2025-06,MET,"(-1,0]",0.0,0.0,762
2025-06,MET,"(-10,-5]",1851.0,0.0,298
2025-06,MET,"(-15,-10]",71.0,0.0,6
2025-06,MET,"(-30,-15]",22.0,0.0,1
2025-06,MET,"(-5,-1]",6285.0,0.0,3185
2025-06,MET,"(0,1]",0.0,990.0,990
2025-06,MET,"(1,5]",0.0,2882.0,998
2025-06,MET,"(10,15]",0.0,594.0,46
2025-06,MET,"(15,30]",0.0,720.0,34
2025-06,MET,"(30,60]",0.0,928.0,21
2025-06,MET,"(5,10]",0.0,1101.0,149
2025-06,MET,"(60,120]",0.0,210.0,3
2025-06,MET,> 120,0.0,909.0,5
2025-06,MET,missing,0.0,0.0,168
2025-06,NCL,"(-10,-5]",8.0,0.0,1
2025-06,NCL,"(-30,-15]",19.0,0.0,1
2025-06,NCL,"(-60,-30]",52.0,0.0,1
2025-06,NCL,"(1,5]",0.0,5.0,1
2025-06,NCL,"(10,15]",0.0,14.0,1
2025-06,NCL,"(30,60]",0.0,33.0,1
2025-06,NCL,"(5,10]",0.0,9.0,1
2025-06,NCL,<= -60,86.0,0.0,1
2025-06,NCL,> 120,0.0,127.0,1
2025-06,REG,"(-1,0]",0.0,0.0,21167
2025-06,REG,"(-10,-5]",59599.0,0.0,9964
2025-06,REG,"(-15,-10]",7026.0,0.0,623
2025-06,REG,"(-30,-15]",1867.0,0.0,111
2025-06,REG,"(-5,-1]",155835.0,0.0,76636
2025-06,REG,"(-60,-30]",54.0,0.0,1
2025-06,REG,"(0,1]",0.0,25665.0,25665
2025-06,REG,"(1,5]",0.0,168079.0,53882
2025-06,REG,"(10,15]",0.0,56980.0,4501
2025-06,REG,"(15,30]",0.0,98982.0,4623
2025-06,REG,"(30,60]",0.0,82929.0,2020
2025-06,REG,"(5,10]",0.0,110310.0,14888
2025-06,REG,"(60,120]",0.0,37209.0,475
2025-06,REG,> 120,0.0,8016.0,50
2025-06,REG,missing,0.0,0.0,6199
2025-06,,"(-1,0]",0.0,0.0,546
2025-06,,"(-10,-5]",8082.0,0.0,1264
2025-06,,"(-15,-10]",2286.0,0.0,202
2025-06,,"(-30,-15]",888.0,0.0,50
2025-06,,"(-5,-1]",5814.0,0.0,2440
2025-06,,"(-60,-30]",432.0,0.0,10
2025-06,,"(0,1]",0.0,732.0,732
2025-06,,"(1,5]",0.0,9982.0,2940
2025-06,,"(10,15]",0.0,14004.0,1104
2025-06,,"(15,30]",0.0,35438.0,1610
2025-06,,"(30,60]",0.0,52612.0,1232
2025-06,,"(5,10]",0.0,14694.0,1900
2025-06,,"(60,120]",0.0,53024.0,634
2025-06,,> 120,0.0,33926.0,206
2025-06,,missing,0.0,0.0,268
2025-07,DIR,"(1,5]",0.0,5.0,2
2025-07,EC,"(-1,0]",0.0,0.0,26
2025-07,EC,"(-10,-5]",604.0,0.0,97
2025-07,EC,"(-15,-10]",20.0,0.0,2
2025-07,EC,"(-5,-1]",777.0,0.0,320
2025-07,EC,"(0,1]",0.0,69.0,69
2025-07,EC,"(1,5]",0.0,741.0,228
2025-07,EC,"(10,15]",0.0,1117.0,87
2025-07,EC,"(15,30]",0.0,2456.0,113
2025-07,EC,"(30,60]",0.0,3811.0,92
2025-07,EC,"(5,10]",0.0,1014.0,132
2025-07,EC,"(60,120]",0.0,1440.0,18
2025-07,EC,> 120,0.0,698.0,4
2025-07,EC,missing,0.0,0.0,64
2025-07,EN,"(-1,0]",0.0,0.0,3
2025-07,EN,"(-10,-5]",5.0,0.0,1
2025-07,EN,"(-15,-10]",10.0,0.0,1
2025-07,EN,"(-5,-1]",11.0,0.0,6
2025-07,EN,"(0,1]",0.0,13.0,13
2025-07,EN,"(1,5]",0.0,54.0,17
2025-07,EN,"(10,15]",0.0,75.0,6
2025-07,EN,"(15,30]",0.0,405.0,18
2025-07,EN,"(30,60]",0.0,834.0,19
2025-07,EN,"(5,10]",0.0,184.0,23
2025-07,EN,"(60,120]",0.0,780.0,9
2025-07,EN,> 120,0.0,558.0,3
2025-07,EXP,"(-1,0]",0.0,0.0,4
2025-07,EXP,"(-10,-5]",44.0,0.0,7
2025-07,EXP,"(-15,-10]",61.0,0.0,5
2025-07,EXP,"(-30,-15]",61.0,0.0,3
2025-07,EXP,"(-5,-1]",10.0,0.0,6
2025-07,EXP,"(-60,-30]",38.0,0.0,1
2025-07,EXP,"(1,5]",0.0,21.0,6
2025-07,EXP,"(10,15]",0.0,50.0,4
2025-07,EXP,"(15,30]",0.0,53.0,2
2025-07,EXP,"(30,60]",0.0,242.0,5
2025-07,EXP,"(5,10]",0.0,24.0,3
2025-07,EXP,"(60,120]",0.0,239.0,3
2025-07,EXP,missing,0.0,0.0,3
2025-07,IC,"(-1,0]",0.0,0.0,116
2025-07,IC,"(-10,-5]",1712.0,0.0,264
2025-07,IC,"(-15,-10]",1035.0,0.0,91
2025-07,IC,"(-30,-15]",375.0,0.0,20
2025-07,IC,"(-5,-1]",1272.0,0.0,547
2025-07,IC,"(-60,-30]",77.0,0.0,2
2025-07,IC,"(0,1]",0.0,171.0,171
2025-07,IC,"(1,5]",0.0,1662.0,502
2025-07,IC,"(10,15]",0.0,2915.0,228
2025-07,IC,"(15,30]",0.0,7404.0,342
2025-07,IC,"(30,60]",0.0,10828.0,252
2025-07,IC,"(5,10]",0.0,3056.0,390
2025-07,IC,"(60,120]",0.0,9996.0,124
2025-07,IC,> 120,0.0,7469.0,40
2025-07,IC,missing,0.0,0.0,53
2025-07,ICN,"(-1,0]",0.0,0.0,20
2025-07,ICN,"(-10,-5]",668.0,0.0,103
2025-07,ICN,"(-15,-10]",268.0,0.0,24
2025-07,ICN,"(-30,-15]",602.0,0.0,27
2025-07,ICN,"(-5,-1]",332.0,0.0,137
2025-07,ICN,"(-60,-30]",111.0,0.0,3
2025-07,ICN,"(0,1]",0.0,40.0,40
2025-07,ICN,"(1,5]",0.0,276.0,83
2025-07,ICN,"(10,15]",0.0,324.0,26
2025-07,ICN,"(15,30]",0.0,698.0,32
2025-07,ICN,"(30,60]",0.0,1561.0,36
2025-07,ICN,"(5,10]",0.0,409.0,52
2025-07,ICN,"(60,120]",0.0,1746.0,21
2025-07,ICN,> 120,0.0,547.0,3
2025-07,IR,"(-1,0]",0.0,0.0,2
2025-07,IR,"(-5,-1]",1.0,0.0,1
2025-07,IR,"(1,5]",0.0,3.0,1
2025-07,IR,"(30,60]",0.0,145.0,4
2025-07,IR,"(5,10]",0.0,15.0,2
2025-07,IR,"(60,120]",0.0,72.0,1
2025-07,MET,"(-1,0]",0.0,0.0,739
2025-07,MET,"(-10,-5]",541.0,0.0,96
2025-07,MET,"(-15,-10]",32.0,0.0,3
2025-07,MET,"(-5,-1]",5789.0,0.0,3091
2025-07,MET,"(0,1]",0.0,1091.0,1091
2025-07,MET,"(1,5]",0.0,3324.0,1201
2025-07,MET,"(10,15]",0.0,938.0,73
2025-07,MET,"(15,30]",0.0,1372.0,64
2025-07,MET,"(30,60]",0.0,890.0,23
2025-07,MET,"(5,10]",0.0,1024.0,131
2025-07,MET,"(60,120]",0.0,727.0,8
2025-07,MET,> 120,0.0,424.0,2
2025-07,MET,missing,0.0,0.0,259
2025-07,NCL,"(-10,-5]",6.0,0.0,1
2025-07,NCL,"(-30,-15]",21.0,0.0,1
2025-07,NCL,"(-60,-30]",150.0,0.0,3
2025-07,NCL,"(1,5]",0.0,5.0,1
2025-07,NCL,"(10,15]",0.0,14.0,1
2025-07,NCL,"(30,60]",0.0,54.0,1
2025-07,NCL,> 120,0.0,357.0,1
2025-07,NCL,missing,0.0,0.0,4
2025-07,REG,"(-1,0]",0.0,0.0,22045
2025-07,REG,"(-10,-5]",70721.0,0.0,11820
2025-07,REG,"(-15,-10]",8388.0,0.0,745
2025-07,REG,"(-30,-15]",2255.0,0.0,134
2025-07,REG,"(-5,-1]",169819.0,0.0,82704
2025-07,REG,"(-60,-30]",181.0,0.0,5
2025-07,REG,"(0,1]",0.0,26622.0,26622
2025-07,REG,"(1,5]",0.0,168573.0,54282
2025-07,REG,"(10,15]",0.0,54567.0,4329
2025-07,REG,"(15,30]",0.0,94174.0,4418
2025-07,REG,"(30,60]",0.0,78512.0,1918
2025-07,REG,"(5,10]",0.0,110595.0,14935
2025-07,REG,"(60,120]",0.0,39645.0,508
2025-07,REG,> 120,0.0,12713.0,80
2025-07,REG,missing,0.0,0.0,5843
2025-07,,"(-1,0]",0.0,0.0,622
2025-07,,"(-10,-5]",8142.0,0.0,1274
2025-07,,"(-15,-10]",2268.0,0.0,204
2025-07,,"(-30,-15]",818.0,0.0,48
2025-07,,"(-5,-1]",5806.0,0.0,2514
2025-07,,"(0,1]",0.0,918.0,918
2025-07,,"(1,5]",0.0,10758.0,3190
2025-07,,"(10,15]",0.0,14526.0,1136
2025-07,,"(15,30]",0.0,34796.0,1584
2025-07,,"(30,60]",0.0,49662.0,1176
2025-07,,"(5,10]",0.0,17152.0,2200
2025-07,,"(60,120]",0.0,44916.0,548
2025-07,,> 120,0.0,29992.0,182
2025-07,,missing,0.0,0.0,238
2025-08,EC,"(-1,0]",0.0,0.0,46
2025-08,EC,"(-10,-5]",1077.0,0.0,176
2025-08,EC,"(-15,-10]",264.0,0.0,23
2025-08,EC,"(-30,-15]",17.0,0.0,1
2025-08,EC,"(-5,-1]",1104.0,0.0,441
2025-08,EC,"(0,1]",0.0,93.0,93
2025-08,EC,"(1,5]",0.0,768.0,230
2025-08,EC,"(10,15]",0.0,879.0,71
2025-08,EC,"(15,30]",0.0,1698.0,78
2025-08,EC,"(30,60]",0.0,1373.0,32
2025-08,EC,"(5,10]",0.0,1354.0,176
2025-08,EC,"(60,120]",0.0,1118.0,14
2025-08,EC,> 120,0.0,1227.0,7
2025-08,EC,missing,0.0,0.0,17
2025-08,EN,"(-1,0]",0.0,0.0,3
2025-08,EN,"(-10,-5]",33.0,0.0,5
2025-08,EN,"(-15,-10]",75.0,0.0,7
2025-08,EN,"(-30,-15]",40.0,0.0,2
2025-08,EN,"(-5,-1]",19.0,0.0,8
2025-08,EN,"(0,1]",0.0,5.0,5
2025-08,EN,"(1,5]",0.0,71.0,21
2025-08,EN,"(10,15]",0.0,128.0,10
2025-08,EN,"(15,30]",0.0,617.0,25
2025-08,EN,"(30,60]",0.0,569.0,13
2025-08,EN,"(5,10]",0.0,112.0,14
2025-08,EN,"(60,120]",0.0,566.0,7
2025-08,EN,> 120,0.0,541.0,3
2025-08,EXP,"(-1,0]",0.0,0.0,1
2025-08,EXP,"(-10,-5]",31.0,0.0,4
2025-08,EXP,"(-15,-10]",10.0,0.0,1
2025-08,EXP,"(-30,-15]",116.0,0.0,5
2025-08,EXP,"(-5,-1]",8.0,0.0,6
2025-08,EXP,"(-60,-30]",129.0,0.0,3
2025-08,EXP,"(0,1]",0.0,4.0,4
2025-08,EXP,"(1,5]",0.0,8.0,2
2025-08,EXP,"(10,15]",0.0,22.0,2
2025-08,EXP,"(15,30]",0.0,151.0,7
2025-08,EXP,"(30,60]",0.0,153.0,4
2025-08,EXP,"(5,10]",0.0,39.0,5
2025-08,EXP,"(60,120]",0.0,159.0,2
2025-08,EXP,<= -60,70.0,0.0,1
2025-08,EXP,> 120,0.0,191.0,1
2025-08,EXP,missing,0.0,0.0,1
2025-08,IC,"(-1,0]",0.0,0.0,136
2025-08,IC,"(-10,-5]",2298.0,0.0,350
2025-08,IC,"(-15,-10]",1377.0,0.0,119
2025-08,IC,"(-30,-15]",1214.0,0.0,63
2025-08,IC,"(-5,-1]",1438.0,0.0,602
2025-08,IC,"(-60,-30]",161.0,0.0,5
2025-08,IC,"(0,1]",0.0,182.0,182
2025-08,IC,"(1,5]",0.0,1725.0,503
2025-08,IC,"(10,15]",0.0,2901.0,227
2025-08,IC,"(15,30]",0.0,5549.0,253
2025-08,IC,"(30,60]",0.0,7397.0,165
2025-08,IC,"(5,10]",0.0,2524.0,319
2025-08,IC,"(60,120]",0.0,5870.0,74
2025-08,IC,> 120,0.0,7214.0,34
2025-08,IC,missing,0.0,0.0,8
2025-08,ICN,"(-1,0]",0.0,0.0,30
2025-08,ICN,"(-10,-5]",867.0,0.0,134
2025-08,ICN,"(-15,-10]",366.0,0.0,32
2025-08,ICN,"(-30,-15]",834.0,0.0,39
2025-08,ICN,"(-5,-1]",348.0,0.0,140
2025-08,ICN,"(-60,-30]",479.0,0.0,15
2025-08,ICN,"(0,1]",0.0,44.0,44
2025-08,ICN,"(1,5]",0.0,299.0,92
2025-08,ICN,"(10,15]",0.0,195.0,16
2025-08,ICN,"(15,30]",0.0,486.0,23
2025-08,ICN,"(30,60]",0.0,882.0,20
2025-08,ICN,"(5,10]",0.0,440.0,56
2025-08,ICN,"(60,120]",0.0,649.0,8
2025-08,ICN,> 120,0.0,518.0,3
2025-08,IR,"(-5,-1]",3.0,0.0,1
2025-08,MET,"(-1,0]",0.0,0.0,733
2025-08,MET,"(-10,-5]",592.0,0.0,107
2025-08,MET,"(-15,-10]",48.0,0.0,4
2025-08,MET,"(-5,-1]",5936.0,0.0,3208
2025-08,MET,"(0,1]",0.0,1276.0,1276
2025-08,MET,"(1,5]",0.0,2902.0,1091
2025-08,MET,"(10,15]",0.0,237.0,19
2025-08,MET,"(15,30]",0.0,436.0,19
2025-08,MET,"(30,60]",0.0,174.0,4
2025-08,MET,"(5,10]",0.0,417.0,59
2025-08,MET,missing,0.0,0.0,45
2025-08,NCL,"(-30,-15]",36.0,0.0,2
2025-08,NCL,"(-60,-30]",67.0,0.0,2
2025-08,NCL,"(1,5]",0.0,6.0,2
2025-08,NCL,"(15,30]",0.0,38.0,2
2025-08,NCL,"(30,60]",0.0,223.0,5
2025-08,NCL,"(5,10]",0.0,19.0,3
2025-08,NCL,"(60,120]",0.0,295.0,3
2025-08,NCL,<= -60,64.0,0.0,1
2025-08,NCL,> 120,0.0,370.0,3
2025-08,REG,"(-1,0]",0.0,0.0,21688
2025-08,REG,"(-10,-5]",73901.0,0.0,12243
2025-08,REG,"(-15,-10]",10673.0,0.0,948
2025-08,REG,"(-30,-15]",2821.0,0.0,164
2025-08,REG,"(-5,-1]",169708.0,0.0,81581
2025-08,REG,"(-60,-30]",223.0,0.0,6
2025-08,REG,"(0,1]",0.0,25047.0,25047
2025-08,REG,"(1,5]",0.0,141564.0,46237
2025-08,REG,"(10,15]",0.0,37745.0,2990
2025-08,REG,"(15,30]",0.0,65961.0,3074
2025-08,REG,"(30,60]",0.0,55637.0,1355
2025-08,REG,"(5,10]",0.0,78113.0,10583
2025-08,REG,"(60,120]",0.0,25939.0,326
2025-08,REG,<= -60,155.0,0.0,2
2025-08,REG,> 120,0.0,10912.0,62
2025-08,REG,missing,0.0,0.0,2078
2025-08,,"(-1,0]",0.0,0.0,480
2025-08,,"(-10,-5]",12500.0,0.0,1890
2025-08,,"(-15,-10]",7440.0,0.0,646
2025-08,,"(-30,-15]",8144.0,0.0,430
2025-08,,"(-5,-1]",6748.0,0.0,2820
2025-08,,"(-60,-30]",834.0,0.0,26
2025-08,,"(0,1]",0.0,862.0,862
2025-08,,"(1,5]",0.0,8154.0,2474
2025-08,,"(10,15]",0.0,8860.0,690
2025-08,,"(15,30]",0.0,17414.0,810
2025-08,,"(30,60]",0.0,21732.0,528
2025-08,,"(5,10]",0.0,10486.0,1366
2025-08,,"(60,120]",0.0,14108.0,174
2025-08,,> 120,0.0,13410.0,70
2025-08,,missing,0.0,0.0,4
2025-09,DIR,"(15,30]",0.0,27.0,1
2025-09,EC,"(-1,0]",0.0,0.0,46
2025-09,EC,"(-10,-5]",849.0,0.0,139
2025-09,EC,"(-15,-10]",287.0,0.0,25
2025-09,EC,"(-30,-15]",16.0,0.0,1
2025-09,EC,"(-5,-1]",781.0,0.0,310
2025-09,EC,"(0,1]",0.0,75.0,75
2025-09,EC,"(1,5]",0.0,825.0,243
2025-09,EC,"(10,15]",0.0,1101.0,87
2025-09,EC,"(15,30]",0.0,2200.0,101
2025-09,EC,"(30,60]",0.0,2488.0,56
2025-09,EC,"(5,10]",0.0,1422.0,184
2025-09,EC,"(60,120]",0.0,1655.0,20
2025-09,EC,> 120,0.0,995.0,6
2025-09,EC,missing,0.0,0.0,79
2025-09,EN,"(-1,0]",0.0,0.0,1
2025-09,EN,"(-10,-5]",18.0,0.0,3
2025-09,EN,"(-5,-1]",15.0,0.0,4
2025-09,EN,"(0,1]",0.0,4.0,4
2025-09,EN,"(1,5]",0.0,84.0,25
2025-09,EN,"(10,15]",0.0,181.0,15
2025-09,EN,"(15,30]",0.0,421.0,19
2025-09,EN,"(30,60]",0.0,576.0,14
2025-09,EN,"(5,10]",0.0,122.0,15
2025-09,EN,"(60,120]",0.0,462.0,6
2025-09,EN,> 120,0.0,1143.0,6
2025-09,EXP,"(-10,-5]",20.0,0.0,3
2025-09,EXP,"(-15,-10]",10.0,0.0,1
2025-09,EXP,"(-30,-15]",44.0,0.0,2
2025-09,EXP,"(-5,-1]",23.0,0.0,9
2025-09,EXP,"(-60,-30]",32.0,0.0,1
2025-09,EXP,"(0,1]",0.0,2.0,2
2025-09,EXP,"(1,5]",0.0,28.0,9
2025-09,EXP,"(15,30]",0.0,131.0,6
2025-09,EXP,"(30,60]",0.0,262.0,6
2025-09,EXP,"(5,10]",0.0,31.0,4
2025-09,EXP,"(60,120]",0.0,298.0,4
2025-09,EXP,> 120,0.0,361.0,1
2025-09,EXP,missing,0.0,0.0,17
2025-09,IC,"(-1,0]",0.0,0.0,121
2025-09,IC,"(-10,-5]",1891.0,0.0,293
2025-09,IC,"(-15,-10]",704.0,0.0,62
2025-09,IC,"(-30,-15]",1014.0,0.0,54
2025-09,IC,"(-5,-1]",1352.0,0.0,562
2025-09,IC,"(-60,-30]",108.0,0.0,3
2025-09,IC,"(0,1]",0.0,182.0,182
2025-09,IC,"(1,5]",0.0,1931.0,584
2025-09,IC,"(10,15]",0.0,2972.0,231
2025-09,IC,"(15,30]",0.0,6591.0,305
2025-09,IC,"(30,60]",0.0,8566.0,199
2025-09,IC,"(5,10]",0.0,2956.0,386
2025-09,IC,"(60,120]",0.0,6293.0,78
2025-09,IC,<= -60,126.0,0.0,2
2025-09,IC,> 120,0.0,5254.0,31
2025-09,IC,missing,0.0,0.0,38
2025-09,ICN,"(-1,0]",0.0,0.0,26
2025-09,ICN,"(-10,-5]",512.0,0.0,77
2025-09,ICN,"(-15,-10]",268.0,0.0,23
2025-09,ICN,"(-30,-15]",399.0,0.0,21
2025-09,ICN,"(-5,-1]",269.0,0.0,115
2025-09,ICN,"(-60,-30]",69.0,0.0,2
2025-09,ICN,"(0,1]",0.0,26.0,26
2025-09,ICN,"(1,5]",0.0,303.0,91
2025-09,ICN,"(10,15]",0.0,160.0,13
2025-09,ICN,"(15,30]",0.0,564.0,26
2025-09,ICN,"(30,60]",0.0,515.0,13
2025-09,ICN,"(5,10]",0.0,362.0,47
2025-09,ICN,"(60,120]",0.0,760.0,10
2025-09,ICN,> 120,0.0,1283.0,7
2025-09,IR,"(-5,-1]",2.0,0.0,1
2025-09,IR,"(1,5]",0.0,4.0,1
2025-09,IR,"(10,15]",0.0,14.0,1
2025-09,IR,"(15,30]",0.0,20.0,1
2025-09,IR,missing,0.0,0.0,1
2025-09,MET,"(-1,0]",0.0,0.0,679
2025-09,MET,"(-10,-5]",2577.0,0.0,432
2025-09,MET,"(-15,-10]",54.0,0.0,5
2025-09,MET,"(-30,-15]",22.0,0.0,1
2025-09,MET,"(-5,-1]",6609.0,0.0,3271
2025-09,MET,"(-60,-30]",32.0,0.0,1
2025-09,MET,"(0,1]",0.0,1098.0,1098
2025-09,MET,"(1,5]",0.0,3872.0,1334
2025-09,MET,"(10,15]",0.0,816.0,65
2025-09,MET,"(15,30]",0.0,743.0,37
2025-09,MET,"(30,60]",0.0,893.0,20
2025-09,MET,"(5,10]",0.0,1613.0,217
2025-09,MET,"(60,120]",0.0,234.0,3
2025-09,MET,missing,0.0,0.0,233
2025-09,NCL,"(-30,-15]",54.0,0.0,2
2025-09,NCL,"(-5,-1]",5.0,0.0,2
2025-09,NCL,"(-60,-30]",197.0,0.0,5
2025-09,NCL,"(1,5]",0.0,3.0,1
2025-09,NCL,"(15,30]",0.0,30.0,1
2025-09,NCL,"(30,60]",0.0,110.0,3
2025-09,NCL,"(5,10]",0.0,10.0,1
2025-09,NCL,<= -60,61.0,0.0,1
2025-09,NCL,> 120,0.0,123.0,1
2025-09,REG,"(-1,0]",0.0,0.0,21847
2025-09,REG,"(-10,-5]",60445.0,0.0,10137
2025-09,REG,"(-15,-10]",8736.0,0.0,776
2025-09,REG,"(-30,-15]",2120.0,0.0,120
2025-09,REG,"(-5,-1]",159922.0,0.0,77793
2025-09,REG,"(-60,-30]",261.0,0.0,7
2025-09,REG,"(0,1]",0.0,26766.0,26766
2025-09,REG,"(1,5]",0.0,185383.0,58955
2025-09,REG,"(10,15]",0.0,65094.0,5126
2025-09,REG,"(15,30]",0.0,105569.0,4948
2025-09,REG,"(30,60]",0.0,85332.0,2080
2025-09,REG,"(5,10]",0.0,129066.0,17408
2025-09,REG,"(60,120]",0.0,42312.0,536
2025-09,REG,> 120,0.0,11087.0,70
2025-09,REG,missing,0.0,0.0,6569
2025-09,,"(-1,0]",0.0,0.0,576
2025-09,,"(-10,-5]",7818.0,0.0,1204
2025-09,,"(-15,-10]",2956.0,0.0,256
2025-09,,"(-30,-15]",1022.0,0.0,56
2025-09,,"(-5,-1]",5894.0,0.0,2470
2025-09,,"(-60,-30]",262.0,0.0,8
2025-09,,"(0,1]",0.0,818.0,818
2025-09,,"(1,5]",0.0,10342.0,3056
2025-09,,"(10,15]",0.0,14876.0,1172
2025-09,,"(15,30]",0.0,33918.0,1560
2025-09,,"(30,60]",0.0,42242.0,1012
2025-09,,"(5,10]",0.0,16638.0,2136
2025-09,,"(60,120]",0.0,36356.0,446
2025-09,,> 120,0.0,20300.0,114
2025-09,,missing,0.0,0.0,232
2025-10,DIR,missing,0.0,0.0,1
2025-10,EC,"(-1,0]",0.0,0.0,45
2025-10,EC,"(-10,-5]",869.0,0.0,138
2025-10,EC,"(-15,-10]",383.0,0.0,34
2025-10,EC,"(-30,-15]",116.0,0.0,7
2025-10,EC,"(-5,-1]",943.0,0.0,373
2025-10,EC,"(0,1]",0.0,84.0,84
2025-10,EC,"(1,5]",0.0,1081.0,308
2025-10,EC,"(10,15]",0.0,1129.0,89
2025-10,EC,"(15,30]",0.0,2161.0,101
2025-10,EC,"(30,60]",0.0,2233.0,52
2025-10,EC,"(5,10]",0.0,1389.0,180
2025-10,EC,"(60,120]",0.0,1310.0,18
2025-10,EC,> 120,0.0,390.0,3
2025-10,EC,missing,0.0,0.0,44
2025-10,EN,"(-1,0]",0.0,0.0,1
2025-10,EN,"(-10,-5]",5.0,0.0,1
2025-10,EN,"(-15,-10]",10.0,0.0,1
2025-10,EN,"(-5,-1]",3.0,0.0,3
2025-10,EN,"(0,1]",0.0,1.0,1
2025-10,EN,"(1,5]",0.0,56.0,14
2025-10,EN,"(10,15]",0.0,37.0,3
2025-10,EN,"(15,30]",0.0,161.0,7
2025-10,EN,"(30,60]",0.0,83.0,2
2025-10,EN,"(5,10]",0.0,59.0,8
2025-10,EN,"(60,120]",0.0,147.0,2
2025-10,EXP,"(-1,0]",0.0,0.0,2
2025-10,EXP,"(-10,-5]",52.0,0.0,8
2025-10,EXP,"(-15,-10]",21.0,0.0,2
2025-10,EXP,"(-30,-15]",41.0,0.0,2
2025-10,EXP,"(-5,-1]",29.0,0.0,12
2025-10,EXP,"(-60,-30]",30.0,0.0,1
2025-10,EXP,"(0,1]",0.0,3.0,3
2025-10,EXP,"(1,5]",0.0,9.0,2
2025-10,EXP,"(15,30]",0.0,79.0,3
2025-10,EXP,"(5,10]",0.0,17.0,2
2025-10,EXP,"(60,120]",0.0,386.0,5
2025-10,EXP,<= -60,65.0,0.0,1
2025-10,EXP,> 120,0.0,234.0,1
2025-10,EXP,missing,0.0,0.0,4
2025-10,IC,"(-1,0]",0.0,0.0,148
2025-10,IC,"(-10,-5]",2366.0,0.0,361
2025-10,IC,"(-15,-10]",868.0,0.0,76
2025-10,IC,"(-30,-15]",791.0,0.0,42
2025-10,IC,"(-5,-1]",1494.0,0.0,651
2025-10,IC,"(-60,-30]",425.0,0.0,11
2025-10,IC,"(0,1]",0.0,197.0,197
2025-10,IC,"(1,5]",0.0,1977.0,583
2025-10,IC,"(10,15]",0.0,2770.0,213
2025-10,IC,"(15,30]",0.0,4978.0,233
2025-10,IC,"(30,60]",0.0,6074.0,143
2025-10,IC,"(5,10]",0.0,3582.0,456
2025-10,IC,"(60,120]",0.0,5437.0,66
2025-10,IC,> 120,0.0,4607.0,24
2025-10,IC,missing,0.0,0.0,101
2025-10,ICN,"(-1,0]",0.0,0.0,31
2025-10,ICN,"(-10,-5]",704.0,0.0,105
2025-10,ICN,"(-15,-10]",289.0,0.0,26
2025-10,ICN,"(-30,-15]",261.0,0.0,12
2025-10,ICN,"(-5,-1]",338.0,0.0,134
2025-10,ICN,"(-60,-30]",101.0,0.0,3
2025-10,ICN,"(0,1]",0.0,31.0,31
2025-10,ICN,"(1,5]",0.0,343.0,101
2025-10,ICN,"(10,15]",0.0,298.0,23
2025-10,ICN,"(15,30]",0.0,452.0,21
2025-10,ICN,"(30,60]",0.0,859.0,19
2025-10,ICN,"(5,10]",0.0,326.0,44
2025-10,ICN,"(60,120]",0.0,843.0,10
2025-10,ICN,> 120,0.0,121.0,1
2025-10,IR,"(-5,-1]",6.0,0.0,3
2025-10,IR,"(1,5]",0.0,3.0,1
2025-10,IR,missing,0.0,0.0,1
2025-10,MET,"(-1,0]",0.0,0.0,734
2025-10,MET,"(-10,-5]",4581.0,0.0,746
2025-10,MET,"(-15,-10]",68.0,0.0,6
2025-10,MET,"(-5,-1]",8237.0,0.0,3880
2025-10,MET,"(0,1]",0.0,1122.0,1122
2025-10,MET,"(1,5]",0.0,4116.0,1413
2025-10,MET,"(10,15]",0.0,1082.0,85
2025-10,MET,"(15,30]",0.0,1428.0,70
2025-10,MET,"(30,60]",0.0,1418.0,34
2025-10,MET,"(5,10]",0.0,1914.0,254
2025-10,MET,"(60,120]",0.0,167.0,2
2025-10,MET,missing,0.0,0.0,141
2025-10,NCL,"(-15,-10]",14.0,0.0,1
2025-10,NCL,"(-30,-15]",82.0,0.0,3
2025-10,NCL,"(-5,-1]",3.0,0.0,1
2025-10,NCL,"(-60,-30]",157.0,0.0,3
2025-10,NCL,"(10,15]",0.0,50.0,4
2025-10,NCL,"(15,30]",0.0,180.0,8
2025-10,NCL,"(30,60]",0.0,840.0,19
2025-10,NCL,"(5,10]",0.0,15.0,2
2025-10,NCL,"(60,120]",0.0,1822.0,21
2025-10,NCL,<= -60,65.0,0.0,1
2025-10,NCL,> 120,0.0,1272.0,9
2025-10,NCL,missing,0.0,0.0,11
2025-10,REG,"(-1,0]",0.0,0.0,22289
2025-10,REG,"(-10,-5]",68047.0,0.0,11257
2025-10,REG,"(-15,-10]",9493.0,0.0,850
2025-10,REG,"(-30,-15]",2925.0,0.0,168
2025-10,REG,"(-5,-1]",159680.0,0.0,78336
2025-10,REG,"(-60,-30]",149.0,0.0,4
2025-10,REG,"(0,1]",0.0,27689.0,27689
2025-10,REG,"(1,5]",0.0,200546.0,63658
2025-10,REG,"(10,15]",0.0,66233.0,5246
2025-10,REG,"(15,30]",0.0,103062.0,4820
2025-10,REG,"(30,60]",0.0,84973.0,2076
2025-10,REG,"(5,10]",0.0,140504.0,18938
2025-10,REG,"(60,120]",0.0,36548.0,472
2025-10,REG,<= -60,152.0,0.0,2
2025-10,REG,> 120,0.0,16592.0,98
2025-10,REG,missing,0.0,0.0,5061
2025-10,,"(-1,0]",0.0,0.0,620
2025-10,,"(-10,-5]",8844.0,0.0,1354
2025-10,,"(-15,-10]",2384.0,0.0,212
2025-10,,"(-30,-15]",464.0,0.0,24
2025-10,,"(-5,-1]",6140.0,0.0,2602
2025-10,,"(-60,-30]",420.0,0.0,12
2025-10,,"(0,1]",0.0,836.0,836
2025-10,,"(1,5]",0.0,10940.0,3222
2025-10,,"(10,15]",0.0,14974.0,1176
2025-10,,"(15,30]",0.0,32970.0,1504
2025-10,,"(30,60]",0.0,40790.0,952
2025-10,,"(5,10]",0.0,16436.0,2132
2025-10,,"(60,120]",0.0,27420.0,332
2025-10,,> 120,0.0,16696.0,96
2025-10,,missing,0.0,0.0,254
2025-11,EC,"(-1,0]",0.0,0.0,41
2025-11,EC,"(-10,-5]",1201.0,0.0,192
2025-11,EC,"(-15,-10]",454.0,0.0,40
2025-11,EC,"(-30,-15]",233.0,0.0,14
2025-11,EC,"(-5,-1]",906.0,0.0,347
2025-11,EC,"(0,1]",0.0,82.0,82
2025-11,EC,"(1,5]",0.0,904.0,269
2025-11,EC,"(10,15]",0.0,1122.0,87
2025-11,EC,"(15,30]",0.0,1957.0,92
2025-11,EC,"(30,60]",0.0,1999.0,47
2025-11,EC,"(5,10]",0.0,1186.0,155
2025-11,EC,"(60,120]",0.0,1279.0,16
2025-11,EC,> 120,0.0,497.0,3
2025-11,EC,missing,0.0,0.0,45
2025-11,EN,"(-1,0]",0.0,0.0,1
2025-11,EN,"(-15,-10]",12.0,0.0,1
2025-11,EN,"(-30,-15]",23.0,0.0,1
2025-11,EN,"(1,5]",0.0,29.0,8
2025-11,EN,"(10,15]",0.0,107.0,9
2025-11,EN,"(15,30]",0.0,109.0,4
2025-11,EN,"(30,60]",0.0,253.0,6
2025-11,EN,"(5,10]",0.0,119.0,17
2025-11,EN,"(60,120]",0.0,322.0,4
2025-11,EXP,"(-1,0]",0.0,0.0,2
2025-11,EXP,"(-10,-5]",17.0,0.0,3
2025-11,EXP,"(-15,-10]",26.0,0.0,2
2025-11,EXP,"(-30,-15]",58.0,0.0,3
2025-11,EXP,"(-5,-1]",8.0,0.0,3
2025-11,EXP,"(-60,-30]",31.0,0.0,1
2025-11,EXP,"(0,1]",0.0,2.0,2
2025-11,EXP,"(1,5]",0.0,23.0,7
2025-11,EXP,"(10,15]",0.0,37.0,3
2025-11,EXP,"(15,30]",0.0,135.0,6
2025-11,EXP,"(30,60]",0.0,152.0,3
2025-11,EXP,"(5,10]",0.0,14.0,2
2025-11,EXP,"(60,120]",0.0,315.0,4
2025-11,EXP,> 120,0.0,430.0,2
2025-11,FA,"(30,60]",0.0,55.0,1
2025-11,FR,"(-10,-5]",5.0,0.0,1
2025-11,FR,"(0,1]",0.0,2.0,2
2025-11,IC,"(-1,0]",0.0,0.0,126
2025-11,IC,"(-10,-5]",2704.0,0.0,412
2025-11,IC,"(-15,-10]",1152.0,0.0,102
2025-11,IC,"(-30,-15]",853.0,0.0,46
2025-11,IC,"(-5,-1]",1614.0,0.0,688
2025-11,IC,"(-60,-30]",180.0,0.0,4
2025-11,IC,"(0,1]",0.0,195.0,195
2025-11,IC,"(1,5]",0.0,2166.0,646
2025-11,IC,"(10,15]",0.0,2408.0,187
2025-11,IC,"(15,30]",0.0,5045.0,231
2025-11,IC,"(30,60]",0.0,7099.0,164
2025-11,IC,"(5,10]",0.0,2737.0,354
2025-11,IC,"(60,120]",0.0,5876.0,70
2025-11,IC,> 120,0.0,5598.0,29
2025-11,IC,missing,0.0,0.0,35
2025-11,ICN,"(-1,0]",0.0,0.0,24
2025-11,ICN,"(-10,-5]",709.0,0.0,104
2025-11,ICN,"(-15,-10]",482.0,0.0,42
2025-11,ICN,"(-30,-15]",341.0,0.0,19
2025-11,ICN,"(-5,-1]",341.0,0.0,129
2025-11,ICN,"(-60,-30]",80.0,0.0,2
2025-11,ICN,"(0,1]",0.0,26.0,26
2025-11,ICN,"(1,5]",0.0,269.0,82
2025-11,ICN,"(10,15]",0.0,296.0,23
2025-11,ICN,"(15,30]",0.0,669.0,31
2025-11,ICN,"(30,60]",0.0,1061.0,24
2025-11,ICN,"(5,10]",0.0,367.0,49
2025-11,ICN,"(60,120]",0.0,1347.0,17
2025-11,ICN,> 120,0.0,886.0,5
2025-11,IR,"(-5,-1]",9.0,0.0,3
2025-11,IR,"(0,1]",0.0,1.0,1
2025-11,IR,"(1,5]",0.0,7.0,2
2025-11,IR,"(10,15]",0.0,11.0,1
2025-11,IR,"(30,60]",0.0,54.0,1
2025-11,IR,"(5,10]",0.0,7.0,1
2025-11,IR,"(60,120]",0.0,71.0,1
2025-11,MET,"(-1,0]",0.0,0.0,736
2025-11,MET,"(-10,-5]",2472.0,0.0,389
2025-11,MET,"(-15,-10]",42.0,0.0,4
2025-11,MET,"(-5,-1]",5298.0,0.0,2828
2025-11,MET,"(0,1]",0.0,1034.0,1034
2025-11,MET,"(1,5]",0.0,3269.0,1136
2025-11,MET,"(10,15]",0.0,672.0,52
2025-11,MET,"(15,30]",0.0,898.0,42
2025-11,MET,"(30,60]",0.0,461.0,11
2025-11,MET,"(5,10]",0.0,1569.0,214
2025-11,MET,"(60,120]",0.0,218.0,3
2025-11,MET,> 120,0.0,194.0,1
2025-11,MET,missing,0.0,0.0,68
2025-11,NCL,"(-10,-5]",27.0,0.0,4
2025-11,NCL,"(-15,-10]",25.0,0.0,2
2025-11,NCL,"(-30,-15]",139.0,0.0,7
2025-11,NCL,"(-5,-1]",6.0,0.0,3
2025-11,NCL,"(-60,-30]",194.0,0.0,5
2025-11,NCL,"(0,1]",0.0,1.0,1
2025-11,NCL,"(1,5]",0.0,11.0,4
2025-11,NCL,"(10,15]",0.0,92.0,7
2025-11,NCL,"(15,30]",0.0,484.0,21
2025-11,NCL,"(30,60]",0.0,1222.0,30
2025-11,NCL,"(5,10]",0.0,27.0,3
2025-11,NCL,"(60,120]",0.0,2630.0,30
2025-11,NCL,<= -60,317.0,0.0,4
2025-11,NCL,> 120,0.0,4764.0,27
2025-11,NCL,missing,0.0,0.0,108
2025-11,REG,"(-1,0]",0.0,0.0,20904
2025-11,REG,"(-10,-5]",70061.0,0.0,11561
2025-11,REG,"(-15,-10]",13704.0,0.0,1221
2025-11,REG,"(-30,-15]",4848.0,0.0,285
2025-11,REG,"(-5,-1]",155568.0,0.0,75107
2025-11,REG,"(-60,-30]",76.0,0.0,2
2025-11,REG,"(0,1]",0.0,25970.0,25970
2025-11,REG,"(1,5]",0.0,186496.0,58987
2025-11,REG,"(10,15]",0.0,61621.0,4870
2025-11,REG,"(15,30]",0.0,97994.0,4603
2025-11,REG,"(30,60]",0.0,70780.0,1744
2025-11,REG,"(5,10]",0.0,130405.0,17571
2025-11,REG,"(60,120]",0.0,27959.0,364
2025-11,REG,<= -60,77.0,0.0,1
2025-11,REG,> 120,0.0,7225.0,45
2025-11,REG,missing,0.0,0.0,4947
2025-11,,"(-1,0]",0.0,0.0,1080
2025-11,,"(-10,-5]",19124.0,0.0,2928
2025-11,,"(-15,-10]",7204.0,0.0,644
2025-11,,"(-30,-15]",2936.0,0.0,172
2025-11,,"(-5,-1]",11712.0,0.0,4964
2025-11,,"(0,1]",0.0,1588.0,1588
2025-11,,"(1,5]",0.0,19204.0,5700
2025-11,,"(10,15]",0.0,26520.0,2068
2025-11,,"(15,30]",0.0,61664.0,2820
2025-11,,"(30,60]",0.0,81168.0,1916
2025-11,,"(5,10]",0.0,33196.0,4292
2025-11,,"(60,120]",0.0,87088.0,1056
2025-11,,> 120,0.0,46120.0,268
2025-11,,missing,0.0,0.0,36
2025-12,DIR,"(-5,-1]",3.0,0.0,1
2025-12,EC,"(-1,0]",0.0,0.0,50
2025-12,EC,"(-10,-5]",802.0,0.0,129
2025-12,EC,"(-15,-10]",410.0,0.0,35
2025-12,EC,"(-30,-15]",97.0,0.0,6
2025-12,EC,"(-5,-1]",1064.0,0.0,429
2025-12,EC,"(-60,-30]",42.0,0.0,1
2025-12,EC,"(0,1]",0.0,79.0,79
2025-12,EC,"(1,5]",0.0,972.0,308
2025-12,EC,"(10,15]",0.0,1372.0,107
2025-12,EC,"(15,30]",0.0,2182.0,104
2025-12,EC,"(30,60]",0.0,1700.0,41
2025-12,EC,"(5,10]",0.0,1142.0,151
2025-12,EC,"(60,120]",0.0,1139.0,14
2025-12,EC,> 120,0.0,845.0,5
2025-12,EC,missing,0.0,0.0,42
2025-12,ECFR,"(1,5]",0.0,20.0,5
2025-12,ECFR,"(10,15]",0.0,38.0,3
2025-12,ECFR,"(15,30]",0.0,37.0,2
2025-12,ECFR,"(30,60]",0.0,84.0,2
2025-12,ECFR,"(5,10]",0.0,62.0,8
2025-12,EN,"(-1,0]",0.0,0.0,2
2025-12,EN,"(-10,-5]",13.0,0.0,2
2025-12,EN,"(-15,-10]",11.0,0.0,1
2025-12,EN,"(-30,-15]",26.0,0.0,1
2025-12,EN,"(-5,-1]",5.0,0.0,2
2025-12,EN,"(0,1]",0.0,2.0,2
2025-12,EN,"(1,5]",0.0,37.0,12
2025-12,EN,"(10,15]",0.0,54.0,4
2025-12,EN,"(15,30]",0.0,213.0,10
2025-12,EN,"(30,60]",0.0,184.0,5
2025-12,EN,"(5,10]",0.0,53.0,6
2025-12,EN,"(60,120]",0.0,484.0,5
2025-12,EN,> 120,0.0,620.0,3
2025-12,EXP,"(-10,-5]",44.0,0.0,7
2025-12,EXP,"(-5,-1]",10.0,0.0,3
2025-12,EXP,"(-60,-30]",39.0,0.0,1
2025-12,EXP,"(0,1]",0.0,4.0,4
2025-12,EXP,"(1,5]",0.0,16.0,4
2025-12,EXP,"(15,30]",0.0,90.0,4
2025-12,EXP,"(30,60]",0.0,96.0,2
2025-12,EXP,"(5,10]",0.0,49.0,6
2025-12,EXP,missing,0.0,0.0,6
2025-12,FA,"(-1,0]",0.0,0.0,12
2025-12,FA,"(-10,-5]",101.0,0.0,14
2025-12,FA,"(-15,-10]",10.0,0.0,1
2025-12,FA,"(-5,-1]",81.0,0.0,34
2025-12,FA,"(0,1]",0.0,10.0,10
2025-12,FA,"(1,5]",0.0,135.0,40
2025-12,FA,"(10,15]",0.0,155.0,12
2025-12,FA,"(15,30]",0.0,468.0,22
2025-12,FA,"(30,60]",0.0,382.0,8
2025-12,FA,"(5,10]",0.0,179.0,24
2025-12,FA,"(60,120]",0.0,401.0,5
2025-12,FA,> 120,0.0,328.0,2
2025-12,FB,"(-1,0]",0.0,0.0,7
2025-12,FB,"(-10,-5]",5.0,0.0,1
2025-12,FB,"(-15,-10]",14.0,0.0,1
2025-12,FB,"(-5,-1]",34.0,0.0,14
2025-12,FB,"(0,1]",0.0,1.0,1
2025-12,FB,"(1,5]",0.0,65.0,19
2025-12,FB,"(10,15]",0.0,75.0,6
2025-12,FB,"(15,30]",0.0,230.0,10
2025-12,FB,"(30,60]",0.0,121.0,3
2025-12,FB,"(5,10]",0.0,67.0,9
2025-12,FB,"(60,120]",0.0,325.0,4
2025-12,FB,> 120,0.0,330.0,2
2025-12,FR,"(-1,0]",0.0,0.0,83
2025-12,FR,"(-10,-5]",974.0,0.0,152
2025-12,FR,"(-15,-10]",295.0,0.0,27
2025-12,FR,"(-30,-15]",117.0,0.0,6
2025-12,FR,"(-5,-1]",855.0,0.0,355
2025-12,FR,"(0,1]",0.0,122.0,122
2025-12,FR,"(1,5]",0.0,1631.0,488
2025-12,FR,"(10,15]",0.0,2103.0,167
2025-12,FR,"(15,30]",0.0,5163.0,236
2025-12,FR,"(30,60]",0.0,6183.0,147
2025-12,FR,"(5,10]",0.0,2633.0,341
2025-12,FR,"(60,120]",0.0,6099.0,76
2025-12,FR,> 120,0.0,2002.0,12
2025-12,IC,"(-1,0]",0.0,0.0,145
2025-12,IC,"(-10,-5]",3363.0,0.0,508
2025-12,IC,"(-15,-10]",1408.0,0.0,124
2025-12,IC,"(-30,-15]",719.0,0.0,38
2025-12,IC,"(-5,-1]",1697.0,0.0,719
2025-12,IC,"(-60,-30]",235.0,0.0,6
2025-12,IC,"(0,1]",0.0,194.0,194
2025-12,IC,"(1,5]",0.0,1881.0,574
2025-12,IC,"(10,15]",0.0,2085.0,161
2025-12,IC,"(15,30]",0.0,4145.0,191
2025-12,IC,"(30,60]",0.0,6611.0,152
2025-12,IC,"(5,10]",0.0,2368.0,308
2025-12,IC,"(60,120]",0.0,5525.0,65
2025-12,IC,<= -60,62.0,0.0,1
2025-12,IC,> 120,0.0,2608.0,14
2025-12,IC,missing,0.0,0.0,38
2025-12,ICN,"(-1,0]",0.0,0.0,14
2025-12,ICN,"(-10,-5]",881.0,0.0,130
2025-12,ICN,"(-15,-10]",464.0,0.0,41
2025-12,ICN,"(-30,-15]",693.0,0.0,37
2025-12,ICN,"(-5,-1]",379.0,0.0,152
2025-12,ICN,"(-60,-30]",155.0,0.0,4
2025-12,ICN,"(0,1]",0.0,25.0,25
2025-12,ICN,"(1,5]",0.0,329.0,98
2025-12,ICN,"(10,15]",0.0,202.0,16
2025-12,ICN,"(15,30]",0.0,366.0,17
2025-12,ICN,"(30,60]",0.0,768.0,19
2025-12,ICN,"(5,10]",0.0,372.0,48
2025-12,ICN,"(60,120]",0.0,804.0,9
2025-12,ICN,> 120,0.0,1331.0,8
2025-12,IR,"(0,1]",0.0,1.0,1
2025-12,IR,"(1,5]",0.0,4.0,1
2025-12,IR,"(15,30]",0.0,23.0,1
2025-12,IR,"(30,60]",0.0,36.0,1
2025-12,IR,"(5,10]",0.0,7.0,1
2025-12,IR,"(60,120]",0.0,117.0,1
2025-12,MET,"(-1,0]",0.0,0.0,777
2025-12,MET,"(-10,-5]",2642.0,0.0,412
2025-12,MET,"(-15,-10]",64.0,0.0,6
2025-12,MET,"(-30,-15]",19.0,0.0,1
2025-12,MET,"(-5,-1]",6033.0,0.0,3083
2025-12,MET,"(0,1]",0.0,996.0,996
2025-12,MET,"(1,5]",0.0,3207.0,1088
2025-12,MET,"(10,15]",0.0,619.0,49
2025-12,MET,"(15,30]",0.0,861.0,39
2025-12,MET,"(30,60]",0.0,886.0,23
2025-12,MET,"(5,10]",0.0,1353.0,186
2025-12,MET,"(60,120]",0.0,204.0,3
2025-12,MET,> 120,0.0,166.0,1
2025-12,MET,missing,0.0,0.0,68
2025-12,NCL,"(-1,0]",0.0,0.0,10
2025-12,NCL,"(1,5]",0.0,3.0,1
2025-12,NCL,"(10,15]",0.0,28.0,2
2025-12,NCL,"(15,30]",0.0,18.0,1
2025-12,NCL,"(30,60]",0.0,228.0,5
2025-12,NCL,"(60,120]",0.0,377.0,4
2025-12,NCL,> 120,0.0,1210.0,7
2025-12,NCL,missing,0.0,0.0,5
2025-12,REG,"(-1,0]",0.0,0.0,22198
2025-12,REG,"(-10,-5]",73962.0,0.0,12296
2025-12,REG,"(-15,-10]",11464.0,0.0,1014
2025-12,REG,"(-30,-15]",4032.0,0.0,230
2025-12,REG,"(-5,-1]",167578.0,0.0,80750
2025-12,REG,"(-60,-30]",47.0,0.0,1
2025-12,REG,"(0,1]",0.0,26562.0,26562
2025-12,REG,"(1,5]",0.0,180984.0,57672
2025-12,REG,"(10,15]",0.0,56946.0,4501
2025-12,REG,"(15,30]",0.0,87138.0,4097
2025-12,REG,"(30,60]",0.0,67890.0,1657
2025-12,REG,"(5,10]",0.0,120417.0,16304
2025-12,REG,"(60,120]",0.0,30052.0,381
2025-12,REG,> 120,0.0,9773.0,59
2025-12,REG,missing,0.0,0.0,4279
2025-12,,"(-1,0]",0.0,0.0,726
2025-12,,"(-10,-5]",10629.0,0.0,1622
2025-12,,"(-15,-10]",4849.0,0.0,428
2025-12,,"(-30,-15]",1116.0,0.0,66
2025-12,,"(-5,-1]",7564.0,0.0,3241
2025-12,,"(-60,-30]",99.0,0.0,3
2025-12,,"(0,1]",0.0,958.0,958
2025-12,,"(1,5]",0.0,13093.0,3910
2025-12,,"(10,15]",0.0,16427.0,1295
2025-12,,"(15,30]",0.0,34082.0,1583
2025-12,,"(30,60]",0.0,41369.0,981
2025-12,,"(5,10]",0.0,18713.0,2435
2025-12,,"(60,120]",0.0,45390.0,541
2025-12,,> 120,0.0,29906.0,184
2025-12,,missing,0.0,0.0,126
2026-01,DIR,"(-1,0]",0.0,0.0,1
2026-01,EC,"(-1,0]",0.0,0.0,130
2026-01,EC,"(-10,-5]",594.0,0.0,95
2026-01,EC,"(-15,-10]",166.0,0.0,15
2026-01,EC,"(-30,-15]",93.0,0.0,6
2026-01,EC,"(-5,-1]",1175.0,0.0,474
2026-01,EC,"(0,1]",0.0,85.0,85
2026-01,EC,"(1,5]",0.0,786.0,234
2026-01,EC,"(10,15]",0.0,1277.0,100
2026-01,EC,"(15,30]",0.0,1912.0,91
2026-01,EC,"(30,60]",0.0,1655.0,42
2026-01,EC,"(5,10]",0.0,1054.0,137
2026-01,EC,"(60,120]",0.0,1360.0,17
2026-01,EC,> 120,0.0,1005.0,5
2026-01,ECFR,"(-1,0]",0.0,0.0,2
2026-01,ECFR,"(-10,-5]",58.0,0.0,8
2026-01,ECFR,"(-15,-10]",20.0,0.0,2
2026-01,ECFR,"(-5,-1]",6.0,0.0,3
2026-01,ECFR,"(0,1]",0.0,2.0,2
2026-01,ECFR,"(1,5]",0.0,9.0,3
2026-01,ECFR,"(10,15]",0.0,36.0,3
2026-01,ECFR,"(15,30]",0.0,334.0,14
2026-01,ECFR,"(30,60]",0.0,473.0,11
2026-01,ECFR,"(5,10]",0.0,70.0,9
2026-01,ECFR,"(60,120]",0.0,146.0,2
2026-01,ECFR,> 120,0.0,129.0,1
2026-01,EN,"(-1,0]",0.0,0.0,2
2026-01,EN,"(-10,-5]",14.0,0.0,2
2026-01,EN,"(-30,-15]",19.0,0.0,1
2026-01,EN,"(-5,-1]",2.0,0.0,1
2026-01,EN,"(0,1]",0.0,2.0,2
2026-01,EN,"(1,5]",0.0,36.0,9
2026-01,EN,"(10,15]",0.0,85.0,7
2026-01,EN,"(15,30]",0.0,277.0,13
2026-01,EN,"(30,60]",0.0,352.0,9
2026-01,EN,"(5,10]",0.0,52.0,7
2026-01,EN,"(60,120]",0.0,167.0,2
2026-01,EN,> 120,0.0,407.0,1
2026-01,EXP,"(-1,0]",0.0,0.0,3
2026-01,EXP,"(-10,-5]",6.0,0.0,1
2026-01,EXP,"(-5,-1]",12.0,0.0,5
2026-01,EXP,"(-60,-30]",43.0,0.0,1
2026-01,EXP,"(1,5]",0.0,5.0,2
2026-01,EXP,"(30,60]",0.0,33.0,1
2026-01,EXP,"(60,120]",0.0,106.0,1
2026-01,FA,"(-1,0]",0.0,0.0,49
2026-01,FA,"(-10,-5]",528.0,0.0,75
2026-01,FA,"(-15,-10]",257.0,0.0,24
2026-01,FA,"(-30,-15]",32.0,0.0,2
2026-01,FA,"(-5,-1]",203.0,0.0,81
2026-01,FA,"(0,1]",0.0,30.0,30
2026-01,FA,"(1,5]",0.0,348.0,101
2026-01,FA,"(10,15]",0.0,341.0,27
2026-01,FA,"(15,30]",0.0,628.0,29
2026-01,FA,"(30,60]",0.0,790.0,18
2026-01,FA,"(5,10]",0.0,459.0,60
2026-01,FA,"(60,120]",0.0,847.0,10
2026-01,FA,> 120,0.0,703.0,4
2026-01,FB,"(-1,0]",0.0,0.0,17
2026-01,FB,"(-10,-5]",128.0,0.0,23
2026-01,FB,"(-15,-10]",14.0,0.0,1
2026-01,FB,"(-5,-1]",148.0,0.0,65
2026-01,FB,"(0,1]",0.0,18.0,18
2026-01,FB,"(1,5]",0.0,168.0,51
2026-01,FB,"(10,15]",0.0,240.0,19
2026-01,FB,"(15,30]",0.0,255.0,13
2026-01,FB,"(30,60]",0.0,412.0,9
2026-01,FB,"(5,10]",0.0,220.0,28
2026-01,FB,"(60,120]",0.0,155.0,2
2026-01,FR,"(-1,0]",0.0,0.0,266
2026-01,FR,"(-10,-5]",3851.0,0.0,598
2026-01,FR,"(-15,-10]",2049.0,0.0,176
2026-01,FR,"(-30,-15]",773.0,0.0,44
2026-01,FR,"(-5,-1]",2984.0,0.0,1258
2026-01,FR,"(-60,-30]",31.0,0.0,1
2026-01,FR,"(0,1]",0.0,418.0,418
2026-01,FR,"(1,5]",0.0,5020.0,1484
2026-01,FR,"(10,15]",0.0,5825.0,459
2026-01,FR,"(15,30]",0.0,12006.0,553
2026-01,FR,"(30,60]",0.0,16584.0,391
2026-01,FR,"(5,10]",0.0,7172.0,933
2026-01,FR,"(60,120]",0.0,12978.0,160
2026-01,FR,> 120,0.0,4459.0,28
2026-01,IC,"(-1,0]",0.0,0.0,319
2026-01,IC,"(-10,-5]",3274.0,0.0,498
2026-01,IC,"(-15,-10]",1268.0,0.0,109
2026-01,IC,"(-30,-15]",453.0,0.0,24
2026-01,IC,"(-5,-1]",1626.0,0.0,707
2026-01,IC,"(-60,-30]",125.0,0.0,3
2026-01,IC,"(0,1]",0.0,206.0,206
2026-01,IC,"(1,5]",0.0,1666.0,504
2026-01,IC,"(10,15]",0.0,2047.0,157
2026-01,IC,"(15,30]",0.0,3892.0,177
2026-01,IC,"(30,60]",0.0,6202.0,148
2026-01,IC,"(5,10]",0.0,2410.0,315
2026-01,IC,"(60,120]",0.0,4437.0,51
2026-01,IC,> 120,0.0,3362.0,18
2026-01,IC,missing,0.0,0.0,12
2026-01,ICN,"(-1,0]",0.0,0.0,18
2026-01,ICN,"(-10,-5]",771.0,0.0,118
2026-01,ICN,"(-15,-10]",362.0,0.0,31
2026-01,ICN,"(-30,-15]",804.0,0.0,40
2026-01,ICN,"(-5,-1]",305.0,0.0,120
2026-01,ICN,"(-60,-30]",62.0,0.0,2
2026-01,ICN,"(0,1]",0.0,21.0,21
2026-01,ICN,"(1,5]",0.0,199.0,64
2026-01,ICN,"(10,15]",0.0,257.0,20
2026-01,ICN,"(15,30]",0.0,432.0,21
2026-01,ICN,"(30,60]",0.0,1059.0,24
2026-01,ICN,"(5,10]",0.0,236.0,30
2026-01,ICN,"(60,120]",0.0,843.0,10
2026-01,ICN,> 120,0.0,364.0,2
2026-01,MET,"(-1,0]",0.0,0.0,920
2026-01,MET,"(-10,-5]",2727.0,0.0,433
2026-01,MET,"(-15,-10]",30.0,0.0,3
2026-01,MET,"(-5,-1]",6075.0,0.0,3166
2026-01,MET,"(0,1]",0.0,954.0,954
2026-01,MET,"(1,5]",0.0,2941.0,1042
2026-01,MET,"(10,15]",0.0,496.0,40
2026-01,MET,"(15,30]",0.0,698.0,34
2026-01,MET,"(30,60]",0.0,568.0,13
2026-01,MET,"(5,10]",0.0,1191.0,165
2026-01,MET,"(60,120]",0.0,209.0,3
2026-01,NCL,"(-1,0]",0.0,0.0,5
2026-01,NCL,"(-10,-5]",16.0,0.0,2
2026-01,NCL,"(-15,-10]",11.0,0.0,1
2026-01,NCL,"(-30,-15]",40.0,0.0,2
2026-01,NCL,"(-5,-1]",12.0,0.0,4
2026-01,NCL,"(-60,-30]",271.0,0.0,7
2026-01,NCL,"(0,1]",0.0,1.0,1
2026-01,NCL,"(1,5]",0.0,11.0,3
2026-01,NCL,"(15,30]",0.0,52.0,2
2026-01,NCL,"(30,60]",0.0,129.0,3
2026-01,NCL,"(5,10]",0.0,39.0,5
2026-01,NCL,"(60,120]",0.0,540.0,6
2026-01,NCL,missing,0.0,0.0,2
2026-01,REG,"(-1,0]",0.0,0.0,31152
2026-01,REG,"(-10,-5]",72503.0,0.0,12064
2026-01,REG,"(-15,-10]",10492.0,0.0,932
2026-01,REG,"(-30,-15]",3307.0,0.0,189
2026-01,REG,"(-5,-1]",171886.0,0.0,83274
2026-01,REG,"(-60,-30]",74.0,0.0,2
2026-01,REG,"(0,1]",0.0,26834.0,26834
2026-01,REG,"(1,5]",0.0,173895.0,55652
2026-01,REG,"(10,15]",0.0,56966.0,4493
2026-01,REG,"(15,30]",0.0,92047.0,4300
2026-01,REG,"(30,60]",0.0,83273.0,2023
2026-01,REG,"(5,10]",0.0,113971.0,15400
2026-01,REG,"(60,120]",0.0,32064.0,406
2026-01,REG,> 120,0.0,8922.0,60
2026-01,REG,missing,0.0,0.0,211
2026-01,,"(-1,0]",0.0,0.0,15
2026-01,,"(-10,-5]",342.0,0.0,52
2026-01,,"(-15,-10]",183.0,0.0,16
2026-01,,"(-30,-15]",278.0,0.0,16
2026-01,,"(-5,-1]",316.0,0.0,127
2026-01,,"(-60,-30]",128.0,0.0,4
2026-01,,"(0,1]",0.0,36.0,36
2026-01,,"(1,5]",0.0,260.0,80
2026-01,,"(10,15]",0.0,275.0,21
2026-01,,"(15,30]",0.0,482.0,25
2026-01,,"(30,60]",0.0,725.0,18
2026-01,,"(5,10]",0.0,459.0,59
2026-01,,"(60,120]",0.0,336.0,4
2026-02,EC,"(-1,0]",0.0,0.0,49
2026-02,EC,"(-10,-5]",361.0,0.0,57
2026-02,EC,"(-15,-10]",297.0,0.0,26
2026-02,EC,"(-30,-15]",168.0,0.0,10
2026-02,EC,"(-5,-1]",940.0,0.0,370
2026-02,EC,"(0,1]",0.0,83.0,83
2026-02,EC,"(1,5]",0.0,666.0,200
2026-02,EC,"(10,15]",0.0,734.0,58
2026-02,EC,"(15,30]",0.0,1669.0,75
2026-02,EC,"(30,60]",0.0,1552.0,39
2026-02,EC,"(5,10]",0.0,972.0,126
2026-02,EC,"(60,120]",0.0,660.0,9
2026-02,EC,> 120,0.0,332.0,2
2026-02,ECFR,"(-1,0]",0.0,0.0,1
2026-02,ECFR,"(-10,-5]",40.0,0.0,5
2026-02,ECFR,"(-15,-10]",30.0,0.0,3
2026-02,ECFR,"(-5,-1]",5.0,0.0,2
2026-02,ECFR,"(0,1]",0.0,1.0,1
2026-02,ECFR,"(1,5]",0.0,4.0,2
2026-02,ECFR,"(10,15]",0.0,62.0,5
2026-02,ECFR,"(15,30]",0.0,116.0,5
2026-02,ECFR,"(30,60]",0.0,186.0,4
2026-02,ECFR,"(5,10]",0.0,113.0,14
2026-02,ECFR,"(60,120]",0.0,104.0,1
2026-02,EN,"(-5,-1]",4.0,0.0,2
2026-02,EN,"(1,5]",0.0,20.0,5
2026-02,EN,"(10,15]",0.0,122.0,10
2026-02,EN,"(15,30]",0.0,292.0,13
2026-02,EN,"(30,60]",0.0,176.0,4
2026-02,EN,"(5,10]",0.0,29.0,4
2026-02,EN,> 120,0.0,552.0,3
2026-02,EXP,"(-1,0]",0.0,0.0,2
2026-02,EXP,"(-10,-5]",13.0,0.0,2
2026-02,EXP,"(-15,-10]",12.0,0.0,1
2026-02,EXP,"(-5,-1]",4.0,0.0,2
2026-02,EXP,"(1,5]",0.0,14.0,4
2026-02,EXP,"(10,15]",0.0,11.0,1
2026-02,EXP,"(30,60]",0.0,34.0,1
2026-02,FA,"(-1,0]",0.0,0.0,26
2026-02,FA,"(-10,-5]",259.0,0.0,38
2026-02,FA,"(-15,-10]",99.0,0.0,9
2026-02,FA,"(-30,-15]",51.0,0.0,3
2026-02,FA,"(-5,-1]",134.0,0.0,53
2026-02,FA,"(0,1]",0.0,16.0,16
2026-02,FA,"(1,5]",0.0,188.0,59
2026-02,FA,"(10,15]",0.0,252.0,19
2026-02,FA,"(15,30]",0.0,504.0,22
2026-02,FA,"(30,60]",0.0,1044.0,23
2026-02,FA,"(5,10]",0.0,301.0,39
2026-02,FA,"(60,120]",0.0,1168.0,14
2026-02,FA,> 120,0.0,312.0,2
2026-02,FB,"(-1,0]",0.0,0.0,11
2026-02,FB,"(-10,-5]",85.0,0.0,13
2026-02,FB,"(-15,-10]",24.0,0.0,2
2026-02,FB,"(-5,-1]",73.0,0.0,31
2026-02,FB,"(0,1]",0.0,10.0,10
2026-02,FB,"(1,5]",0.0,87.0,26
2026-02,FB,"(10,15]",0.0,207.0,16
2026-02,FB,"(15,30]",0.0,577.0,24
2026-02,FB,"(30,60]",0.0,210.0,5
2026-02,FB,"(5,10]",0.0,183.0,23
2026-02,FB,"(60,120]",0.0,626.0,7
2026-02,FB,> 120,0.0,441.0,3
2026-02,FR,"(-1,0]",0.0,0.0,181
2026-02,FR,"(-10,-5]",3033.0,0.0,464
2026-02,FR,"(-15,-10]",1165.0,0.0,104
2026-02,FR,"(-30,-15]",419.0,0.0,25
2026-02,FR,"(-5,-1]",2062.0,0.0,899
2026-02,FR,"(0,1]",0.0,287.0,287
2026-02,FR,"(1,5]",0.0,3676.0,1094
2026-02,FR,"(10,15]",0.0,4397.0,343
2026-02,FR,"(15,30]",0.0,8432.0,393
2026-02,FR,"(30,60]",0.0,9554.0,229
2026-02,FR,"(5,10]",0.0,4944.0,647
2026-02,FR,"(60,120]",0.0,14520.0,166
2026-02,FR,> 120,0.0,9596.0,56
2026-02,IC,"(-1,0]",0.0,0.0,182
2026-02,IC,"(-10,-5]",1979.0,0.0,307
2026-02,IC,"(-15,-10]",768.0,0.0,67
2026-02,IC,"(-30,-15]",350.0,0.0,18
2026-02,IC,"(-5,-1]",1164.0,0.0,506
2026-02,IC,"(-60,-30]",38.0,0.0,1
2026-02,IC,"(0,1]",0.0,133.0,133
2026-02,IC,"(1,5]",0.0,1187.0,368
2026-02,IC,"(10,15]",0.0,1747.0,135
2026-02,IC,"(15,30]",0.0,3499.0,160
2026-02,IC,"(30,60]",0.0,3544.0,81
2026-02,IC,"(5,10]",0.0,1758.0,225
2026-02,IC,"(60,120]",0.0,4016.0,48
2026-02,IC,<= -60,67.0,0.0,1
2026-02,IC,> 120,0.0,2319.0,14
2026-02,ICN,"(-1,0]",0.0,0.0,15
2026-02,ICN,"(-10,-5]",380.0,0.0,61
2026-02,ICN,"(-15,-10]",110.0,0.0,9
2026-02,ICN,"(-30,-15]",445.0,0.0,22
2026-02,ICN,"(-5,-1]",265.0,0.0,105
2026-02,ICN,"(-60,-30]",54.0,0.0,1
2026-02,ICN,"(0,1]",0.0,19.0,19
2026-02,ICN,"(1,5]",0.0,160.0,52
2026-02,ICN,"(10,15]",0.0,234.0,18
2026-02,ICN,"(15,30]",0.0,324.0,15
2026-02,ICN,"(30,60]",0.0,467.0,11
2026-02,ICN,"(5,10]",0.0,214.0,27
2026-02,ICN,"(60,120]",0.0,1102.0,12
2026-02,ICN,> 120,0.0,717.0,4
2026-02,IR,"(30,60]",0.0,56.0,1
2026-02,MET,"(-1,0]",0.0,0.0,601
2026-02,MET,"(-10,-5]",1816.0,0.0,292
2026-02,MET,"(-15,-10]",152.0,0.0,13
2026-02,MET,"(-5,-1]",4103.0,0.0,2114
2026-02,MET,"(0,1]",0.0,750.0,750
2026-02,MET,"(1,5]",0.0,1918.0,688
2026-02,MET,"(10,15]",0.0,364.0,28
2026-02,MET,"(15,30]",0.0,548.0,25
2026-02,MET,"(30,60]",0.0,571.0,13
2026-02,MET,"(5,10]",0.0,622.0,85
2026-02,MET,"(60,120]",0.0,63.0,1
2026-02,NCL,"(-1,0]",0.0,0.0,7
2026-02,NCL,"(-10,-5]",7.0,0.0,1
2026-02,NCL,"(-15,-10]",87.0,0.0,7
2026-02,NCL,"(-30,-15]",211.0,0.0,9
2026-02,NCL,"(-5,-1]",14.0,0.0,5
2026-02,NCL,"(-60,-30]",418.0,0.0,10
2026-02,NCL,"(0,1]",0.0,1.0,1
2026-02,NCL,"(1,5]",0.0,11.0,3
2026-02,NCL,"(10,15]",0.0,52.0,4
2026-02,NCL,"(15,30]",0.0,253.0,11
2026-02,NCL,"(30,60]",0.0,202.0,5
2026-02,NCL,"(5,10]",0.0,25.0,3
2026-02,NCL,"(60,120]",0.0,1382.0,17
2026-02,NCL,<= -60,131.0,0.0,2
2026-02,NCL,> 120,0.0,121.0,1
2026-02,REG,"(-1,0]",0.0,0.0,19486
2026-02,REG,"(-10,-5]",52735.0,0.0,8783
2026-02,REG,"(-15,-10]",7137.0,0.0,641
2026-02,REG,"(-30,-15]",2348.0,0.0,135
2026-02,REG,"(-5,-1]",125242.0,0.0,61915
2026-02,REG,"(-60,-30]",36.0,0.0,1
2026-02,REG,"(0,1]",0.0,21169.0,21169
2026-02,REG,"(1,5]",0.0,131317.0,42369
2026-02,REG,"(10,15]",0.0,38428.0,3039
2026-02,REG,"(15,30]",0.0,60964.0,2864
2026-02,REG,"(30,60]",0.0,43964.0,1091
2026-02,REG,"(5,10]",0.0,83635.0,11329
2026-02,REG,"(60,120]",0.0,16617.0,212
2026-02,REG,> 120,0.0,3819.0,23
2026-02,nan,"(-1,0]",0.0,0.0,6
2026-02,nan,"(-10,-5]",44.0,0.0,7
2026-02,nan,"(-15,-10]",20.0,0.0,2
2026-02,nan,"(-5,-1]",25.0,0.0,11
2026-02,nan,"(0,1]",0.0,5.0,5
2026-02,nan,"(1,5]",0.0,75.0,24
2026-02,nan,"(10,15]",0.0,15.0,1
2026-02,nan,"(15,30]",0.0,48.0,2
2026-02,nan,"(30,60]",0.0,146.0,3
2026-02,nan,"(5,10]",0.0,25.0,3
2026-02,nan,"(60,120]",0.0,68.0,1
2026-02,,"(-1,0]",0.0,0.0,29
2026-02,,"(-10,-5]",233.0,0.0,37
2026-02,,"(-15,-10]",140.0,0.0,14
2026-02,,"(-5,-1]",151.0,0.0,63
2026-02,,"(0,1]",0.0,33.0,33
2026-02,,"(1,5]",0.0,424.0,132
2026-02,,"(10,15]",0.0,105.0,7
2026-02,,"(15,30]",0.0,336.0,14
2026-02,,"(30,60]",0.0,1022.0,21
2026-02,,"(5,10]",0.0,175.0,21
2026-02,,"(60,120]",0.0,476.0,7
