mese,categoria,cod_stazione,corse_osservate,effettuate,cancellate,soppresse,parzialmente_cancellate,cancellate_tot,info_mancante,in_orario,in_ritardo,in_anticipo,oltre_5,oltre_10,oltre_15,oltre_30,oltre_60,minuti_ritardo_tot,minuti_anticipo_tot,minuti_netti_tot,ritardo_medio,ritardo_mediano,p90,p95,ruolo,nome_stazione
2024-06,,N_188AB87A65BC,3,3,0,0,0,0,0,0,0,3,0,0,0,0,0,0.0,15.0,-15.0,-4.75,-4.75,-2.95,-2.725,nodo,UDINE
2024-06,,N_190F2FC36516,1,1,0,0,0,0,0,0,1,0,1,1,0,0,0,13.0,0.0,13.0,13.0,13.0,13.0,13.0,nodo,BATTIPAGLIA
2024-06,,N_244C15F9662C,1,1,0,0,0,0,0,0,1,0,1,1,0,0,0,12.0,0.0,12.0,12.0,12.0,12.0,12.0,nodo,SIBARI
2024-06,,N_26FAC2401D1E,40,40,0,0,0,0,0,13,19,8,19,12,5,1,0,292.0,32.0,260.0,6.546365914786968,4.0,17.299999999999997,22.349999999999973,nodo,VENEZIA SANTA LUCIA
2024-06,,N_29D6951DFB5A,7,7,0,0,0,0,0,2,3,2,3,3,1,0,0,39.0,10.0,29.0,3.25,3.0,6.950000000000001,7.475,nodo,TRIESTE CENTRALE
2024-06,,N_2B5A38574141,5,5,0,0,0,0,0,0,3,2,3,1,1,0,0,42.0,9.0,33.0,6.583333333333334,1.75,15.15,16.825,nodo,BARI CENTRALE
2024-06,,N_55C18CEAEA1C,1,1,0,0,0,0,0,1,0,0,0,0,0,0,0,2.0,0.0,2.0,2.0,2.0,2.0,2.0,nodo,BENEVENTO
2024-06,,N_66EFE7185ACC,7,7,0,0,0,0,0,2,3,2,3,3,0,0,0,38.0,4.0,34.0,3.55,5.25,7.25,7.624999999999999,nodo,GENOVA P.PRINCIPE
2024-06,,N_6DAD4A05816E,3,3,0,0,0,0,0,0,1,2,1,0,0,0,0,7.0,5.0,2.0,2.25,2.25,2.85,2.925,nodo,FIRENZE S.M.N.
2024-06,,N_6DCA844AE5BC,3,3,0,0,0,0,0,0,2,1,2,2,2,1,0,48.0,1.0,47.0,16.25,16.25,22.450000000000003,23.225,nodo,TARANTO
2024-06,,N_72DA38E192FF,2,2,0,0,0,0,0,0,0,2,0,0,0,0,0,0.0,15.0,-15.0,-7.5,-7.5,-5.5,-5.25,nodo,PESCARA
2024-06,,N_ACF3D2764DA3,65,65,0,0,0,0,0,15,25,25,25,18,9,1,0,369.0,124.0,245.0,3.8269230769230766,1.25,17.300000000000004,22.375,nodo,MILANO CENTRALE
2024-06,,N_AF7C7C87621E,3,3,0,0,0,0,0,1,0,2,0,0,0,0,0,3.0,3.0,0.0,-0.5,-0.5,0.30000000000000004,0.3999999999999999,nodo,FIUMICINO AEROPORTO
2024-06,,N_BF0DC42C9523,13,13,0,0,0,0,0,5,5,3,5,4,2,1,0,108.0,12.0,96.0,7.321428571428571,3.5,20.1,26.049999999999997,nodo,LECCE
2024-06,,N_C03F51FB3BED,10,10,0,0,0,0,0,3,5,2,5,4,3,0,0,88.0,12.0,76.0,7.875,7.5,18.950000000000003,20.974999999999998,nodo,SALERNO
2024-06,,N_C22D4B09E695,1,1,0,0,0,0,0,1,0,0,0,0,0,0,0,4.0,0.0,4.0,4.0,4.0,4.0,4.0,nodo,MANTOVA
2024-06,,N_C35DAF060D8A,2,2,0,0,0,0,0,0,2,0,2,2,1,1,0,64.0,0.0,64.0,32.0,32.0,32.0,32.0,nodo,GENOVA BRIGNOLE
2024-06,,N_D0B06A5290BB,1,1,0,0,0,0,0,0,0,1,0,0,0,0,0,0.0,6.0,-6.0,-6.0,-6.0,-6.0,-6.0,nodo,RAVENNA
2024-06,,N_DD6564CDFB93,2,2,0,0,0,0,0,1,0,1,0,0,0,0,0,1.0,11.0,-10.0,-5.0,-5.0,-0.19999999999999973,0.39999999999999947,nodo,ANCONA
2024-06,,N_DEBAB2A3D4C0,12,12,0,0,0,0,0,3,4,5,4,2,1,1,0,74.0,32.0,42.0,2.428571428571429,-1.5,12.700000000000006,18.849999999999987,nodo,REGGIO CALABRIA CENTRALE
2024-06,,N_E903EB64CBF3,49,49,0,0,0,0,0,13,17,19,17,11,7,3,1,358.0,81.0,277.0,4.976190476190475,1.0,16.15,20.449999999999996,nodo,ROMA TERMINI
2024-06,,N_EE539AC676E9,9,9,0,0,0,0,0,2,3,4,3,1,0,0,0,27.0,19.0,8.0,0.825,0.0,6.700000000000001,7.849999999999998,nodo,BOLZANO
2024-06,,N_F047351D32A4,35,35,0,0,0,0,0,7,14,14,14,6,3,1,0,175.0,75.0,100.0,2.908496732026144,0.75,13.05,17.59999999999998,nodo,NAPOLI CENTRALE
2024-06,,N_F0893AF956E9,1,1,0,0,0,0,0,1,0,0,0,0,0,0,0,4.0,0.0,4.0,4.0,4.0,4.0,4.0,nodo,PERUGIA
2024-06,,N_F6BAB1C5673F,2,2,0,0,0,0,0,0,2,0,2,0,0,0,0,11.0,0.0,11.0,5.5,5.5,5.9,5.95,nodo,BRESCIA
2024-06,,N_FEBDC4EA7CA2,38,38,0,0,0,0,0,12,20,6,20,13,9,4,1,419.0,20.0,399.0,10.5,5.0,28.499999999999996,34.89999999999995,nodo,TORINO P.NUOVA
2024-06,EC,N_25B9CF10B7D2,2,2,0,0,0,0,0,1,1,0,1,0,0,0,0,10.0,0.0,10.0,5.0,5.0,5.0,5.0,nodo,BOLOGNA C.LE
2024-06,EC,N_26FAC2401D1E,5,5,0,0,0,0,0,1,4,0,4,3,2,1,0,76.0,0.0,76.0,23.0,22.5,26.5,27.25,nodo,VENEZIA SANTA LUCIA
2024-06,EC,N_ACF3D2764DA3,11,11,0,0,0,0,0,3,4,4,4,3,3,0,0,82.0,13.0,69.0,6.683333333333333,3.75,17.4,19.95,nodo,MILANO CENTRALE
2024-06,EC,N_B222138E8EE4,5,5,0,0,0,0,0,4,0,1,0,0,0,0,0,10.0,2.0,8.0,1.6666666666666665,2.0,3.2,3.3499999999999996,nodo,CHIASSO
2024-06,EC,N_B7C7458ECDFE,1,1,0,0,0,0,0,1,0,0,0,0,0,0,0,2.0,0.0,2.0,2.0,2.0,2.0,2.0,nodo,RIMINI
2024-06,EC,N_CBBFAA6775E8,7,7,0,0,0,0,0,2,4,1,4,2,2,1,0,76.0,6.0,70.0,10.666666666666668,6.5,23.400000000000002,25.699999999999996,nodo,BRENNERO
2024-06,EC,N_DF72E0451C21,8,8,0,0,0,0,0,0,5,3,5,4,3,0,0,84.0,11.0,73.0,10.766666666666666,9.5,19.8,21.15,nodo,DOMODOSSOLA
2024-06,EC,N_EE539AC676E9,1,1,0,0,0,0,0,0,0,1,0,0,0,0,0,0.0,6.0,-6.0,-6.0,-6.0,-6.0,-6.0,nodo,BOLZANO
2024-06,EN,N_25B9CF10B7D2,1,1,0,0,0,0,0,1,0,0,0,0,0,0,0,1.0,0.0,1.0,1.0,1.0,1.0,1.0,nodo,BOLOGNA C.LE
2024-06,EN,N_2FAC400E8862,1,1,0,0,0,0,0,1,0,0,0,0,0,0,0,1.0,0.0,1.0,1.0,1.0,1.0,1.0,nodo,PADOVA
2024-06,EN,N_51EFB2AB0389,1,1,0,0,0,0,0,1,0,0,0,0,0,0,0,1.0,0.0,1.0,1.0,1.0,1.0,1.0,nodo,LA SPEZIA CENTRALE
2024-06,EN,N_E903EB64CBF3,1,1,0,0,0,0,0,1,0,0,0,0,0,0,0,1.0,0.0,1.0,1.0,1.0,1.0,1.0,nodo,ROMA TERMINI
2024-06,EXP,N_3A82FA9A0D0C,1,1,0,0,0,0,0,0,0,1,0,0,0,0,0,0.0,40.0,-40.0,-40.0,-40.0,-40.0,-40.0,nodo,VENTIMIGLIA
2024-06,EXP,N_E3B8163AC6FC,1,1,0,0,0,0,0,0,0,1,0,0,0,0,0,0.0,40.0,-40.0,-40.0,-40.0,-40.0,-40.0,nodo,PALERMO CENTRALE
2024-06,IC,N_03F21F592247,9,9,0,0,0,0,0,2,7,0,7,3,2,1,0,115.0,0.0,115.0,12.325,6.5,26.5,31.249999999999993,nodo,LIVORNO CENTRALE
2024-06,IC,N_25B9CF10B7D2,4,4,0,0,0,0,0,2,0,2,0,0,0,0,0,5.0,9.0,-4.0,-1.0,0.5,0.8999999999999999,0.95,nodo,BOLOGNA C.LE
2024-06,IC,N_29D6951DFB5A,5,5,0,0,0,0,0,1,0,4,0,0,0,0,0,3.0,32.0,-29.0,-6.25,-6.25,-1.6499999999999997,-1.0750000000000006,nodo,TRIESTE CENTRALE
2024-06,IC,N_2B5A38574141,3,3,0,0,0,0,0,2,0,1,0,0,0,0,0,5.0,4.0,1.0,1.0,1.0,2.2,2.3499999999999996,nodo,BARI CENTRALE
2024-06,IC,N_3A82FA9A0D0C,10,10,0,0,0,0,0,3,7,0,7,5,4,2,0,153.0,0.0,153.0,15.3,12.5,24.299999999999997,24.9,nodo,VENTIMIGLIA
2024-06,IC,N_51EFB2AB0389,3,3,0,0,0,0,0,1,1,1,1,0,0,0,0,7.0,7.0,0.0,-1.75,-1.75,-0.3500000000000001,-0.17500000000000027,nodo,LA SPEZIA CENTRALE
2024-06,IC,N_54735EC5B62B,1,1,0,0,0,0,0,0,0,1,0,0,0,0,0,0.0,3.0,-3.0,-3.0,-3.0,-3.0,-3.0,nodo,VILLA SAN GIOVANNI
2024-06,IC,N_637B235E9838,1,1,0,0,0,0,0,1,0,0,0,0,0,0,0,3.0,0.0,3.0,3.0,3.0,3.0,3.0,nodo,MILANO PORTA GARIBALDI
2024-06,IC,N_64548ED4BF34,5,5,0,0,0,0,0,1,4,0,4,2,2,1,0,89.0,0.0,89.0,13.0,9.25,24.400000000000002,26.949999999999996,nodo,SIRACUSA
2024-06,IC,N_66EFE7185ACC,1,1,0,0,0,0,0,1,0,0,0,0,0,0,0,4.0,0.0,4.0,4.0,4.0,4.0,4.0,nodo,GENOVA P.PRINCIPE
2024-06,IC,N_6DAD4A05816E,1,1,0,0,0,0,0,1,0,0,0,0,0,0,0,0.0,0.0,0.0,0.0,0.0,0.0,0.0,nodo,FIRENZE S.M.N.
2024-06,IC,N_6DCA844AE5BC,5,5,0,0,0,0,0,1,1,3,1,0,0,0,0,13.0,12.0,1.0,0.5833333333333334,0.25,5.25,5.875,nodo,TARANTO
2024-06,IC,N_72DA38E192FF,1,1,0,0,0,0,0,0,0,1,0,0,0,0,0,0.0,1.0,-1.0,-1.0,-1.0,-1.0,-1.0,nodo,PESCARA
2024-06,IC,N_9334DABDEC76,1,1,0,0,0,0,0,1,0,0,0,0,0,0,0,3.0,0.0,3.0,3.0,3.0,3.0,3.0,nodo,TERNI
2024-06,IC,N_AA00CE9E4DF9,1,1,0,0,0,0,0,1,0,0,0,0,0,0,0,2.0,0.0,2.0,2.0,2.0,2.0,2.0,nodo,FOLIGNO
2024-06,IC,N_AB0F0E99A555,2,2,0,0,0,0,0,0,1,1,1,1,0,0,0,11.0,1.0,10.0,5.0,5.0,5.0,5.0,nodo,BARDONECCHIA
2024-06,IC,N_ACF3D2764DA3,32,32,0,0,0,0,0,10,18,4,18,10,7,3,0,319.0,13.0,306.0,9.11111111111111,5.75,25.850000000000005,29.27499999999999,nodo,MILANO CENTRALE
2024-06,IC,N_AF3C86275983,1,1,0,0,0,0,0,0,1,0,1,0,0,0,0,5.0,0.0,5.0,5.0,5.0,5.0,5.0,nodo,SAVONA
2024-06,IC,N_BBC1739242B1,2,2,0,0,0,0,0,1,1,0,1,1,1,1,1,82.0,0.0,82.0,41.0,41.0,41.0,41.0,nodo,SESTRI LEVANTE
2024-06,IC,N_BF0DC42C9523,7,7,0,0,0,0,0,4,0,3,0,0,0,0,0,12.0,11.0,1.0,-0.65,-0.25,2.75,3.1249999999999996,nodo,LECCE
2024-06,IC,N_C03F51FB3BED,6,6,0,0,0,0,0,0,2,4,2,1,0,0,0,19.0,15.0,4.0,-1.0,-1.75,2.850000000000001,3.424999999999999,nodo,SALERNO
2024-06,IC,N_C35DAF060D8A,1,1,0,0,0,0,0,0,0,1,0,0,0,0,0,0.0,1.0,-1.0,-1.0,-1.0,-1.0,-1.0,nodo,GENOVA BRIGNOLE
2024-06,IC,N_DD6564CDFB93,4,4,0,0,0,0,0,2,1,1,1,0,0,0,0,8.0,2.0,6.0,1.5,1.5,2.7,2.8499999999999996,nodo,ANCONA
2024-06,IC,N_DD8D6A1F4D25,1,1,0,0,0,0,0,0,0,1,0,0,0,0,0,0.0,3.0,-3.0,-3.0,-3.0,-3.0,-3.0,nodo,GROSSETO
2024-06,IC,N_DEBAB2A3D4C0,9,9,0,0,0,0,0,2,1,6,1,0,0,0,0,12.0,21.0,-9.0,-0.925,-1.75,3.6000000000000005,4.549999999999999,nodo,REGGIO CALABRIA CENTRALE
2024-06,IC,N_E3B8163AC6FC,1,1,0,0,0,0,0,0,1,0,1,0,0,0,0,6.0,0.0,6.0,6.0,6.0,6.0,6.0,nodo,PALERMO CENTRALE
2024-06,IC,N_E903EB64CBF3,26,26,0,0,0,0,0,6,7,13,7,2,2,1,0,117.0,56.0,61.0,2.529761904761905,-1.0,12.700000000000003,21.499999999999986,nodo,ROMA TERMINI
2024-06,IC,N_F047351D32A4,4,4,0,0,0,0,0,1,2,1,2,2,2,1,1,97.0,4.0,93.0,41.833333333333336,41.0,45.8,46.4,nodo,NAPOLI CENTRALE
2024-06,IC,N_F0893AF956E9,1,1,0,0,0,0,0,0,1,0,1,0,0,0,0,7.0,0.0,7.0,7.0,7.0,7.0,7.0,nodo,PERUGIA
2024-06,IC,N_F6D345743682,2,2,0,0,0,0,0,0,2,0,2,0,0,0,0,12.0,0.0,12.0,6.0,6.0,6.0,6.0,nodo,MESSINA CENTRALE
2024-06,IC,N_FEBDC4EA7CA2,6,6,0,0,0,0,0,2,2,2,2,1,0,0,0,25.0,9.0,16.0,2.6666666666666665,5.0,7.0,7.25,nodo,TORINO P.NUOVA
2024-06,ICN,N_64548ED4BF34,2,2,0,0,0,0,0,0,0,2,0,0,0,0,0,0.0,13.0,-13.0,-6.5,-6.5,-2.9,-2.45,nodo,SIRACUSA
2024-06,ICN,N_ACF3D2764DA3,4,4,0,0,0,0,0,0,1,3,1,1,0,0,0,11.0,11.0,0.0,-2.0,-4.0,1.2000000000000002,1.8499999999999996,nodo,MILANO CENTRALE
2024-06,ICN,N_BF0DC42C9523,4,4,0,0,0,0,0,1,1,2,1,1,0,0,0,12.0,9.0,3.0,-1.5,-2.5,1.5,2.0,nodo,LECCE
2024-06,ICN,N_C03F51FB3BED,2,2,0,0,0,0,0,0,1,1,1,1,1,1,1,148.0,2.0,146.0,73.0,73.0,73.0,73.0,nodo,SALERNO
2024-06,ICN,N_DEBAB2A3D4C0,1,1,0,0,0,0,0,0,0,1,0,0,0,0,0,0.0,1.0,-1.0,-1.0,-1.0,-1.0,-1.0,nodo,REGGIO CALABRIA CENTRALE
2024-06,ICN,N_E3B8163AC6FC,4,4,0,0,0,0,0,0,0,4,0,0,0,0,0,0.0,52.0,-52.0,-13.0,-13.0,-10.2,-9.85,nodo,PALERMO CENTRALE
2024-06,ICN,N_E8F1FE5811E0,2,2,0,0,0,0,0,1,0,1,0,0,0,0,0,3.0,1.0,2.0,1.0,1.0,1.0,1.0,nodo,S.CANDIDO
2024-06,ICN,N_E903EB64CBF3,3,3,0,0,0,0,0,1,0,2,0,0,0,0,0,3.0,12.0,-9.0,-1.5,-1.5,0.5000000000000001,0.7499999999999998,nodo,ROMA TERMINI
2024-06,ICN,N_F6D345743682,4,4,0,0,0,0,0,0,0,4,0,0,0,0,0,0.0,52.0,-52.0,-13.0,-13.0,-10.2,-9.85,nodo,MESSINA CENTRALE
2024-06,ICN,N_FEBDC4EA7CA2,4,4,0,0,0,0,0,1,1,2,1,1,1,1,1,149.0,3.0,146.0,23.666666666666668,-0.5,58.300000000000004,65.64999999999999,nodo,TORINO P.NUOVA
2024-06,MET,N_0DCAED7E3CB2,2,2,0,0,0,0,0,0,0,2,0,0,0,0,0,0.0,3.0,-3.0,-1.5,-1.5,-1.1,-1.05,nodo,TORRE ANNUNZIATA CENTRALE
2024-06,MET,N_2231A438465D,53,53,0,0,0,0,0,16,5,32,5,2,0,0,0,59.0,82.0,-23.0,-0.4288793103448276,-1.0,3.2499999999999982,7.049999999999994,nodo,NAPOLI CAMPI FLEGREI
2024-06,MET,N_42A528D8B57B,11,11,0,0,0,0,0,4,1,6,1,1,0,0,0,15.0,14.0,1.0,0.5535714285714286,-0.5,4.700000000000001,5.599999999999998,nodo,CASERTA
2024-06,MET,N_461E3FBDEF95,2,2,0,0,0,0,0,1,1,0,1,1,0,0,0,13.0,0.0,13.0,6.5,6.5,6.5,6.5,nodo,NAPOLI GIANTURCO
2024-06,MET,N_4867F34F8972,62,62,0,0,0,0,0,32,3,27,3,2,0,0,0,68.0,53.0,15.0,0.22727272727272727,0.0,2.5,5.799999999999995,nodo,NAPOLI S.GIOV.BARRA
2024-06,MET,N_5A1ED9B2CC3E,17,17,0,0,0,0,0,6,3,8,3,0,0,0,0,30.0,21.0,9.0,0.6428571428571429,1.25,3.9499999999999993,5.224999999999997,nodo,NOCERA INFERIORE
2024-06,MET,N_607096404A55,1,1,0,0,0,0,0,0,0,1,0,0,0,0,0,0.0,1.0,-1.0,-1.0,-1.0,-1.0,-1.0,nodo,SAPRI
2024-06,MET,N_C03F51FB3BED,22,22,0,0,0,0,0,10,2,10,2,0,0,0,0,26.0,31.0,-5.0,-0.34615384615384615,-0.5,2.8000000000000003,3.9999999999999973,nodo,SALERNO
2024-06,MET,N_D77D870762C5,59,59,0,0,0,0,0,29,3,27,3,2,0,0,0,67.0,48.0,19.0,0.342741935483871,0.0,3.1000000000000014,6.3749999999999964,nodo,POZZUOLI SOLFATARA
2024-06,MET,N_F047351D32A4,1,1,0,0,0,0,0,0,0,1,0,0,0,0,0,0.0,1.0,-1.0,-1.0,-1.0,-1.0,-1.0,nodo,NAPOLI CENTRALE
2024-06,NCL,N_15B34DAEDC41,1,1,0,0,0,0,0,0,0,1,0,0,0,0,0,0.0,31.0,-31.0,-31.0,-31.0,-31.0,-31.0,nodo,SPOLETO
2024-06,NCL,N_616E8A8254DB,2,2,0,0,0,0,0,0,0,2,0,0,0,0,0,0.0,47.0,-47.0,-23.5,-23.5,-23.5,-23.5,nodo,ORTE
2024-06,NCL,N_7D7B53F2154F,1,1,0,0,0,0,0,0,0,1,0,0,0,0,0,0.0,1.0,-1.0,-1.0,-1.0,-1.0,-1.0,nodo,S.GIOVANNI VALDARNO
2024-06,NCL,N_AA00CE9E4DF9,3,3,0,0,0,0,0,0,0,3,0,0,0,0,0,0.0,78.0,-78.0,-26.0,-26.0,-24.0,-23.75,nodo,FOLIGNO
2024-06,NCL,N_E903EB64CBF3,1,1,0,0,0,0,0,0,0,1,0,0,0,0,0,0.0,1.0,-1.0,-1.0,-1.0,-1.0,-1.0,nodo,ROMA TERMINI
2024-06,REG,N_0042D1DF87B8,9,9,0,0,0,0,0,5,0,4,0,0,0,0,0,9.0,5.0,4.0,0.6,0.25,1.8000000000000003,2.1499999999999995,nodo,MONSELICE
2024-06,REG,N_0161CF483CE4,65,65,0,0,0,0,0,14,16,35,16,10,3,1,0,230.0,119.0,111.0,1.8333333333333333,0.0,11.25,14.674999999999999,nodo,ALESSANDRIA
2024-06,REG,N_02AF18E37314,39,39,0,0,0,0,0,18,7,14,7,2,2,1,0,118.0,44.0,74.0,1.8671052631578946,1.0,5.300000000000011,13.100000000000009,nodo,CHIVASSO
2024-06,REG,N_03F21F592247,25,25,0,0,0,0,0,14,4,7,4,2,0,0,0,60.0,11.0,49.0,2.1333333333333333,1.5,5.249999999999999,7.7249999999999925,nodo,LIVORNO CENTRALE
2024-06,REG,N_049B6C1A1016,27,27,0,0,0,0,0,11,0,15,0,0,0,0,0,21.0,28.0,-7.0,-0.34242424242424246,-0.5,1.7999999999999998,2.8999999999999995,nodo,ROMA OSTIENSE
2024-06,REG,N_052A3B36A270,1,1,0,0,0,0,0,0,0,1,0,0,0,0,0,0.0,1.0,-1.0,-1.0,-1.0,-1.0,-1.0,nodo,FIUMEFREDDO DI SICILIA
2024-06,REG,N_06F2305DF710,12,12,0,0,0,0,0,4,0,8,0,0,0,0,0,3.0,16.0,-13.0,-1.0833333333333333,-1.25,0.5,1.0,nodo,CARBONIA SERBARIU
2024-06,REG,N_0778A78A8E9E,23,23,0,0,0,0,0,9,0,14,0,0,0,0,0,6.0,62.0,-56.0,-2.3181818181818183,-2.5,-1.5,-1.25,nodo,GIACHERY
2024-06,REG,N_07E03923EBDB,9,9,0,0,0,0,0,3,0,6,0,0,0,0,0,4.0,8.0,-4.0,-0.55,-0.25,0.30000000000000004,0.3999999999999999,nodo,POGGIO MIRTETO
2024-06,REG,N_0825CE132492,61,61,0,0,0,0,0,28,5,28,5,1,0,0,0,80.0,80.0,0.0,-0.02311827956989243,-0.75,4.0,4.5,nodo,MODENA
2024-06,REG,N_08C23BC414B7,7,7,0,0,0,0,0,3,0,4,0,0,0,0,0,5.0,12.0,-7.0,-1.0833333333333335,-1.75,1.35,1.6749999999999996,nodo,ORISTANO
2024-06,REG,N_098D485D9D54,16,16,0,0,0,0,0,13,2,1,2,0,0,0,0,39.0,1.0,38.0,2.375,2.0,4.6,5.299999999999999,nodo,LAVENO
2024-06,REG,N_0CC5C72C4FFE,7,7,0,0,0,0,0,3,0,4,0,0,0,0,0,6.0,5.0,1.0,0.20833333333333331,-0.5,2.1000000000000005,2.549999999999999,nodo,CASARSA
2024-06,REG,N_0D2920696248,2,2,0,0,0,0,0,1,1,0,1,0,0,0,0,6.0,0.0,6.0,3.0,3.0,3.0,3.0,nodo,BUCCINO S.
2024-06,REG,N_0D41A196F1DD,10,10,0,0,0,0,0,1,0,9,0,0,0,0,0,2.0,13.0,-11.0,-1.1666666666666667,-1.0,-0.25,0.125,nodo,PIAZZA AL SERCHIO
2024-06,REG,N_0DCAED7E3CB2,1,1,0,0,0,0,0,0,0,1,0,0,0,0,0,0.0,3.0,-3.0,-3.0,-3.0,-3.0,-3.0,nodo,TORRE ANNUNZIATA CENTRALE
2024-06,REG,N_0F912C727550,21,21,0,0,0,0,0,16,0,5,0,0,0,0,0,25.0,10.0,15.0,0.6681818181818182,0.25,3.5,3.5,nodo,CHIERI
2024-06,REG,N_105299730773,5,5,0,0,0,0,0,1,0,4,0,0,0,0,0,1.0,8.0,-7.0,-1.6666666666666667,-2.0,-1.2,-1.1,nodo,SAN BENEDETTO SAMBRO-CAST.PEPOLI
2024-06,REG,N_10FAC90E1EDD,25,25,0,0,0,0,0,6,2,17,2,2,1,1,0,56.0,92.0,-36.0,-1.5,-4.25,6.200000000000003,11.024999999999986,nodo,ASTI
2024-06,REG,N_1135E3A06BBC,17,17,0,0,0,0,0,6,1,10,1,1,0,0,0,18.0,25.0,-7.0,-0.3888888888888889,-1.25,3.099999999999999,5.049999999999997,nodo,IMOLA
2024-06,REG,N_1178F7B0850D,35,35,0,0,0,0,0,29,5,1,5,1,0,0,0,80.0,1.0,79.0,2.216666666666667,2.0,5.3500000000000005,6.2250000000000005,nodo,TORINO REBAUDENGO FOSSATA
2024-06,REG,N_11F871780543,1,1,0,0,0,0,0,1,0,0,0,0,0,0,0,1.0,0.0,1.0,1.0,1.0,1.0,1.0,nodo,SEVESO
2024-06,REG,N_12E14CB6B0D0,10,10,0,0,0,0,0,4,4,2,4,0,0,0,0,32.0,7.0,25.0,3.0833333333333335,3.5,5.6,6.05,nodo,TORINO LINGOTTO
2024-06,REG,N_15523132CDAE,22,22,0,0,0,0,0,13,8,1,8,6,6,1,0,178.0,1.0,177.0,8.045454545454547,3.0,20.5,25.25,nodo,COLICO
2024-06,REG,N_15B34DAEDC41,1,1,0,0,0,0,0,0,0,1,0,0,0,0,0,0.0,3.0,-3.0,-3.0,-3.0,-3.0,-3.0,nodo,SPOLETO
2024-06,REG,N_164F491202A9,8,8,0,0,0,0,0,4,1,3,1,1,0,0,0,16.0,5.0,11.0,1.375,0.0,4.3500000000000005,5.174999999999998,nodo,GIAMPILIERI
2024-06,REG,N_16EA1E96E216,6,6,0,0,0,0,0,4,1,1,1,1,0,0,0,18.0,2.0,16.0,2.0,1.0,5.1000000000000005,5.799999999999999,nodo,ROCCAPALUMBA-ALIA
2024-06,REG,N_16FE1C8F66FD,12,12,0,0,0,0,0,3,0,9,0,0,0,0,0,7.0,18.0,-11.0,-0.7571428571428571,-1.5,1.4000000000000006,1.9499999999999988,nodo,S.BENEDETTO DEL TRONTO
2024-06,REG,N_174BEFE262C6,2,2,0,0,0,0,0,0,1,1,1,0,0,0,0,6.0,3.0,3.0,1.5,1.5,1.5,1.5,nodo,EBOLI
2024-06,REG,N_188AB87A65BC,32,32,0,0,0,0,0,10,4,18,4,2,1,1,0,98.0,42.0,56.0,1.75,-1.0,4.75,13.25,nodo,UDINE
2024-06,REG,N_1926B9FA75C4,19,19,0,0,0,0,0,9,3,7,3,0,0,0,0,32.0,14.0,18.0,0.9944444444444445,1.25,4.1,4.549999999999999,nodo,PORTO CERESIO
2024-06,REG,N_1B43F0C780A6,3,3,0,0,0,0,0,2,0,1,0,0,0,0,0,2.0,4.0,-2.0,-0.5,-0.5,0.7000000000000001,0.8499999999999999,nodo,LEGNAGO
2024-06,REG,N_1CFD0740D025,10,10,0,0,0,0,0,10,0,0,0,0,0,0,0,11.0,0.0,11.0,1.0833333333333335,1.0,1.6,1.7999999999999998,nodo,MOLTENO
2024-06,REG,N_1D58FF37BF86,2,2,0,0,0,0,0,0,2,0,2,1,0,0,0,19.0,0.0,19.0,9.5,9.5,12.3,12.65,nodo,TAVAZZANO
2024-06,REG,N_1DF0E577C8F9,29,29,0,0,0,0,0,19,5,5,5,0,0,0,0,69.0,10.0,59.0,2.038095238095238,2.0,4.8,5.175,nodo,VIAREGGIO
2024-06,REG,N_1E55D25CC515,12,12,0,0,0,0,0,4,3,5,3,0,0,0,0,22.0,13.0,9.0,0.9857142857142857,1.0,4.300000000000001,4.899999999999999,nodo,TIVOLI
2024-06,REG,N_2010D5DA7AAC,10,10,0,0,0,0,0,8,2,0,2,1,1,0,0,40.0,0.0,40.0,4.0,2.0,8.8,9.899999999999999,nodo,EDOLO
2024-06,REG,N_206061CF7349,25,25,0,0,0,0,0,9,4,11,4,0,0,0,0,41.0,35.0,6.0,0.25,-0.75,4.9,5.674999999999999,nodo,MORTARA
2024-06,REG,N_20C400A9568C,13,13,0,0,0,0,0,12,1,0,1,0,0,0,0,25.0,0.0,25.0,1.9642857142857144,1.75,3.9000000000000004,4.449999999999999,nodo,NOVARA NORD
2024-06,REG,N_20E979D75FAB,2,2,0,0,0,0,0,1,0,1,0,0,0,0,0,4.0,2.0,2.0,1.0,1.0,3.4000000000000004,3.6999999999999997,nodo,MONTEVARCHI TERRANUOVA
2024-06,REG,N_2231A438465D,33,33,0,0,0,0,0,14,12,4,12,5,3,0,0,155.0,10.0,145.0,4.625,4.5,9.850000000000001,11.6,nodo,NAPOLI CAMPI FLEGREI
2024-06,REG,N_22FD4A51ED9B,21,21,0,0,0,0,0,2,6,12,6,5,2,0,0,80.0,26.0,54.0,3.0,0.25,11.950000000000003,16.224999999999994,nodo,ARONA
2024-06,REG,N_23369BEE79A1,6,6,0,0,0,0,0,4,0,2,0,0,0,0,0,2.0,3.0,-1.0,-0.16666666666666666,0.0,0.8,0.8999999999999999,nodo,ROCCELLA JONICA
2024-06,REG,N_234AF1D1E980,1,1,0,0,0,0,0,0,0,1,0,0,0,0,0,0.0,1.0,-1.0,-1.0,-1.0,-1.0,-1.0,nodo,GIOIA DEL COLLE
2024-06,REG,N_244C15F9662C,18,18,0,0,0,0,0,12,3,3,3,1,0,0,0,38.0,9.0,29.0,1.55,1.25,4.649999999999999,6.0749999999999975,nodo,SIBARI
2024-06,REG,N_248A0C72651B,1,1,0,0,0,0,0,1,0,0,0,0,0,0,0,0.0,0.0,0.0,0.0,0.0,0.0,0.0,nodo,CASTELFRANCO VENETO
2024-06,REG,N_25B9CF10B7D2,205,205,0,0,0,0,0,58,27,120,27,11,4,2,2,497.0,394.0,103.0,0.4792857142857143,-1.5,6.5,9.024999999999999,nodo,BOLOGNA C.LE
2024-06,REG,N_262F31604DA1,2,2,0,0,0,0,0,0,0,2,0,0,0,0,0,0.0,2.0,-2.0,-1.0,-1.0,-1.0,-1.0,nodo,ALCANTARA
2024-06,REG,N_26FAC2401D1E,206,206,0,0,0,0,0,79,24,103,24,9,5,2,0,442.0,304.0,138.0,0.6744909502262443,-0.5,5.300000000000004,9.799999999999983,nodo,VENEZIA SANTA LUCIA
2024-06,REG,N_271FD3BAF268,41,41,0,0,0,0,0,21,9,11,9,8,4,0,0,172.0,21.0,151.0,3.708333333333333,1.75,12.05,13.675000000000002,nodo,MALPENSA AEROPORTO T2
2024-06,REG,N_2783D143E117,17,17,0,0,0,0,0,6,10,1,10,7,4,0,0,134.0,1.0,133.0,8.407142857142857,9.75,15.299999999999999,15.899999999999999,nodo,SONDRIO
2024-06,REG,N_27B05C137CB5,1,1,0,0,0,0,0,1,0,0,0,0,0,0,0,4.0,0.0,4.0,4.0,4.0,4.0,4.0,nodo,VERNIO MONTEPIANO CANTAGALLO
2024-06,REG,N_27B200A5F7DE,1,1,0,0,0,0,0,1,0,0,0,0,0,0,0,1.0,0.0,1.0,1.0,1.0,1.0,1.0,nodo,BRA
2024-06,REG,N_27E044DF1964,6,6,0,0,0,0,0,6,0,0,0,0,0,0,0,3.0,0.0,3.0,0.375,0.25,0.8500000000000001,0.9249999999999998,nodo,GUIDONIA-MONTECELIO-S.ANGELO
2024-06,REG,N_29C899324937,18,18,0,0,0,0,0,13,3,2,3,2,0,0,0,53.0,3.0,50.0,2.7777777777777777,2.0,5.500000000000002,8.499999999999996,nodo,GALLARATE
2024-06,REG,N_29D6951DFB5A,59,59,0,0,0,0,0,23,2,34,2,1,1,0,0,72.0,85.0,-13.0,-0.2235023041474654,-1.5,2.5,4.074999999999999,nodo,TRIESTE CENTRALE
2024-06,REG,N_2B5A38574141,95,95,0,0,0,0,0,36,7,52,7,4,3,0,0,143.0,137.0,6.0,0.04946524064171123,-0.5,2.5,8.500000000000007,nodo,BARI CENTRALE
2024-06,REG,N_2B653A1CD280,22,22,0,0,0,0,0,9,1,12,1,1,0,0,0,14.0,40.0,-26.0,-0.9658119658119657,-0.5,0.8000000000000007,2.7999999999999936,nodo,CATANIA CENTRALE
2024-06,REG,N_2D84FAAA1358,14,14,0,0,0,0,0,2,10,1,10,9,6,4,1,308.0,2.0,306.0,24.0,14.25,51.349999999999994,58.92499999999999,nodo,BOZZOLO
2024-06,REG,N_2FAC400E8862,32,32,0,0,0,0,0,16,6,10,6,4,3,1,0,118.0,23.0,95.0,2.96875,0.25,9.25,15.5,nodo,PADOVA
2024-06,REG,N_2FDB0AFD278A,3,3,0,0,0,0,0,0,1,2,1,0,0,0,0,6.0,3.0,3.0,0.5,0.5,2.1,2.3,nodo,PONTASSIEVE
2024-06,REG,N_2FEF5E06361D,2,2,0,0,0,0,0,1,0,1,0,0,0,0,0,1.0,1.0,0.0,0.0,0.0,0.0,0.0,nodo,ALA
2024-06,REG,N_2FFE4FA36CE4,19,19,0,0,0,0,0,10,2,7,2,0,0,0,0,23.0,13.0,10.0,0.7443181818181819,0.25,3.4499999999999997,4.225,nodo,PESARO
2024-06,REG,N_327D1BF489ED,11,11,0,0,0,0,0,8,0,3,0,0,0,0,0,10.0,3.0,7.0,0.6166666666666667,0.25,2.35,2.925,nodo,SASSUOLO RADICI
2024-06,REG,N_33BA0658D0C8,92,92,0,0,0,0,0,35,31,26,31,16,5,2,1,464.0,47.0,417.0,4.574231678486997,2.5,11.899999999999999,13.699999999999996,nodo,PAVIA
2024-06,REG,N_3476134E77A1,8,8,0,0,0,0,0,2,2,4,2,0,0,0,0,16.0,7.0,9.0,0.5833333333333334,0.0,3.6,4.05,nodo,FIRENZE CAMPO MARTE
2024-06,REG,N_362EE82F724F,103,103,0,0,0,0,0,51,15,37,15,4,1,0,0,205.0,149.0,56.0,0.5832075471698113,0.5,5.050000000000004,7.474999999999998,nodo,VERONA PORTA NUOVA
2024-06,REG,N_36C8728B06FB,50,50,0,0,0,0,0,12,0,38,0,0,0,0,0,10.0,79.0,-69.0,-1.4098228663446055,-1.5,0.9000000000000004,1.4499999999999993,nodo,CAGLIARI
2024-06,REG,N_382B2D202D0A,15,15,0,0,0,0,0,2,0,13,0,0,0,0,0,1.0,43.0,-42.0,-2.803571428571429,-2.5,-0.7499999999999996,-0.12500000000000133,nodo,ROVIGO
2024-06,REG,N_3A82FA9A0D0C,27,27,0,0,0,0,0,7,12,8,12,8,5,1,0,194.0,16.0,178.0,6.575,3.25,19.8,22.949999999999996,nodo,VENTIMIGLIA
2024-06,REG,N_3A83D2FA740C,14,14,0,0,0,0,0,9,1,4,1,1,1,0,0,40.0,9.0,31.0,2.2142857142857144,1.0,7.500000000000004,11.249999999999991,nodo,DITTAINO
2024-06,REG,N_3AE15A8EF205,12,12,0,0,0,0,0,7,0,5,0,0,0,0,0,11.0,20.0,-9.0,-0.75,0.25,2.25,2.375,nodo,BRINDISI
2024-06,REG,N_3B1765AE4BEE,1,1,0,0,0,0,0,1,0,0,0,0,0,0,0,0.0,0.0,0.0,0.0,0.0,0.0,0.0,nodo,ORVIETO
2024-06,REG,N_3B4784E91B0C,15,15,0,0,0,0,0,8,5,2,5,1,1,0,0,62.0,5.0,57.0,3.7232142857142856,3.25,8.399999999999999,11.199999999999996,nodo,FABRIANO
2024-06,REG,N_3C82391FCA2D,17,17,0,0,0,0,0,14,2,1,2,1,0,0,0,39.0,1.0,38.0,2.3055555555555554,1.0,5.55,6.2749999999999995,nodo,ALBA
2024-06,REG,N_3D0782E67133,15,15,0,0,0,0,0,6,2,6,2,0,0,0,0,28.0,7.0,21.0,0.8076923076923077,0.0,4.000000000000002,4.5,nodo,LODI
2024-06,REG,N_3F8361F33A46,19,19,0,0,0,0,0,9,0,10,0,0,0,0,0,4.0,26.0,-22.0,-1.1944444444444444,-1.0,-0.20000000000000062,0.8999999999999977,nodo,VELLETRI
2024-06,REG,N_40611E6A6CC5,13,13,0,0,0,0,0,4,1,8,1,0,0,0,0,14.0,47.0,-33.0,-1.5375,-2.25,0.24999999999999956,0.8749999999999991,nodo,CASTELBOLOGNESE
2024-06,REG,N_4099FB1B7918,7,7,0,0,0,0,0,0,3,4,3,3,2,0,0,67.0,14.0,53.0,8.375,5.25,21.1,23.799999999999997,nodo,ALBENGA
2024-06,REG,N_40FDF213030B,27,27,0,0,0,0,0,13,3,11,3,2,0,0,0,44.0,22.0,22.0,0.8500000000000001,0.25,6.400000000000001,7.599999999999999,nodo,SULMONA
2024-06,REG,N_42A528D8B57B,65,65,0,0,0,0,0,17,8,39,8,4,3,2,1,199.0,117.0,82.0,1.28125,-2.0,7.6500000000000075,18.34999999999999,nodo,CASERTA
2024-06,REG,N_443E51104707,4,4,0,0,0,0,0,2,0,2,0,0,0,0,0,1.0,2.0,-1.0,-0.25,-0.25,-0.04999999999999999,-0.025000000000000022,nodo,ROMA S.PIETRO
2024-06,REG,N_4449B7503C46,8,8,0,0,0,0,0,3,3,2,3,2,1,0,0,44.0,6.0,38.0,4.466666666666667,2.0,11.400000000000002,12.7,nodo,MACERATA
2024-06,REG,N_44A68103C7EE,16,16,0,0,0,0,0,8,3,5,3,1,0,0,0,41.0,13.0,28.0,1.75,0.5,6.449999999999999,8.724999999999996,nodo,CODOGNO
2024-06,REG,N_45266BDEF136,45,45,0,0,0,0,0,12,5,28,5,2,1,1,0,93.0,100.0,-7.0,-0.181547619047619,-1.5,4.35,5.424999999999999,nodo,CASSINO
2024-06,REG,N_45FDE096C05C,2,2,0,0,0,0,0,1,1,0,1,0,0,0,0,6.0,0.0,6.0,3.0,3.0,3.0,3.0,nodo,BAZZANO
2024-06,REG,N_4A032FBEC97E,48,48,0,0,0,0,0,21,5,22,5,1,1,0,0,80.0,47.0,33.0,0.7,0.0,4.100000000000001,5.299999999999997,nodo,PORTOGRUARO CAORLE
2024-06,REG,N_4B107DF6CED6,8,8,0,0,0,0,0,4,0,4,0,0,0,0,0,2.0,5.0,-3.0,-0.375,-0.5,0.5500000000000003,0.7749999999999995,nodo,VIGNA CLARA
2024-06,REG,N_4BB17CC0E70A,12,12,0,0,0,0,0,5,1,6,1,0,0,0,0,15.0,18.0,-3.0,0.85,0.75,3.05,3.524999999999999,nodo,ALBAIRATE VERMEZZO
2024-06,REG,N_4BE2E4A5131E,11,11,0,0,0,0,0,7,0,3,0,0,0,0,0,10.0,6.0,4.0,0.7083333333333333,1.0,2.1,2.3,nodo,CESANO DI ROMA
2024-06,REG,N_4C668E65BE34,1,1,0,0,0,0,0,0,0,1,0,0,0,0,0,0.0,3.0,-3.0,-3.0,-3.0,-3.0,-3.0,nodo,VASTO S.SALVO
2024-06,REG,N_4CB1CAC729C9,6,6,0,0,0,0,0,6,0,0,0,0,0,0,0,11.0,0.0,11.0,1.8333333333333333,1.5,2.7,2.8499999999999996,nodo,PORTO TORRES MARITTIMA
2024-06,REG,N_4EE209E84954,12,12,0,0,0,0,0,4,0,8,0,0,0,0,0,11.0,15.0,-4.0,0.125,0.25,1.7999999999999998,2.399999999999999,nodo,SASSARI
2024-06,REG,N_4F3CE9A0ABE3,14,14,0,0,0,0,0,7,5,2,5,3,1,0,0,60.0,3.0,57.0,4.0,1.5,11.1,13.049999999999999,nodo,ASSO
2024-06,REG,N_4FACCF341CB7,26,26,0,0,0,0,0,14,8,4,8,1,1,1,0,110.0,6.0,104.0,4.0,3.0,6.4,11.699999999999982,nodo,PONTE S.PIETRO
2024-06,REG,N_51D1ABF13579,23,23,0,0,0,0,0,11,0,12,0,0,0,0,0,16.0,47.0,-31.0,-1.2727272727272727,-1.75,1.5,2.424999999999999,nodo,PONTREMOLI
2024-06,REG,N_51DC968E0539,7,7,0,0,0,0,0,3,0,4,0,0,0,0,0,3.0,9.0,-6.0,-0.9583333333333334,-0.75,0.2500000000000001,0.3749999999999998,nodo,CARNIA
2024-06,REG,N_51EFB2AB0389,99,99,0,0,0,0,0,37,24,38,24,6,2,0,0,277.0,110.0,167.0,1.744885433715221,1.0,8.149999999999999,9.424999999999994,nodo,LA SPEZIA CENTRALE
2024-06,REG,N_5306D21208AD,3,3,0,0,0,0,0,2,0,1,0,0,0,0,0,2.0,4.0,-2.0,-0.25,-0.25,0.75,0.8749999999999999,nodo,MANDELA-SAMBUCI
2024-06,REG,N_53BE36F2F0BF,18,18,0,0,0,0,0,13,0,5,0,0,0,0,0,18.0,10.0,8.0,0.2875,0.25,2.15,2.3249999999999997,nodo,RIVAROLO
2024-06,REG,N_543FA4F5E84B,73,73,0,0,0,0,0,39,4,30,4,0,0,0,0,84.0,61.0,23.0,0.3081831831831832,0.5,3.0,4.349999999999998,nodo,COMO S. GIOVANNI
2024-06,REG,N_54735EC5B62B,8,8,0,0,0,0,0,5,0,3,0,0,0,0,0,8.0,7.0,1.0,0.125,0.0,1.4000000000000004,1.6999999999999993,nodo,VILLA SAN GIOVANNI
2024-06,REG,N_550927E1ED5E,30,30,0,0,0,0,0,12,1,17,1,1,0,0,0,32.0,44.0,-12.0,-0.2767857142857143,-0.5,1.8500000000000005,4.549999999999998,nodo,COSENZA
2024-06,REG,N_550ECA432EC6,27,27,0,0,0,0,0,14,6,7,6,1,1,0,0,73.0,13.0,60.0,2.2362637362637363,2.0,4.5,7.299999999999997,nodo,PINEROLO
2024-06,REG,N_55983C7F56C9,2,2,0,0,0,0,0,2,0,0,0,0,0,0,0,6.0,0.0,6.0,3.0,3.0,3.0,3.0,nodo,CAPISTRELLO
2024-06,REG,N_55C18CEAEA1C,12,12,0,0,0,0,0,1,0,11,0,0,0,0,0,2.0,65.0,-63.0,-5.625,-5.0,-0.5499999999999994,-0.025000000000001243,nodo,BENEVENTO
2024-06,REG,N_56227008909E,1,1,0,0,0,0,0,1,0,0,0,0,0,0,0,1.0,0.0,1.0,1.0,1.0,1.0,1.0,nodo,VAL D'ALA
2024-06,REG,N_57FE2A40F392,9,9,0,0,0,0,0,6,2,1,2,1,0,0,0,24.0,3.0,21.0,2.55,2.75,5.6000000000000005,6.049999999999999,nodo,GENOVA VOLTRI
2024-06,REG,N_580FFF8FD04F,4,4,0,0,0,0,0,2,2,0,2,0,0,0,0,11.0,0.0,11.0,1.8333333333333333,2.5,2.9,2.95,nodo,S.LAZZARO
2024-06,REG,N_58D4D5177F48,15,15,0,0,0,0,0,6,0,9,0,0,0,0,0,2.0,19.0,-17.0,-1.1964285714285714,-1.0,-0.2999999999999998,-0.15000000000000036,nodo,FELTRE
2024-06,REG,N_592534E3C981,56,56,0,0,0,0,0,22,3,31,3,1,0,0,0,72.0,68.0,4.0,0.08684546615581096,-0.5,3.5999999999999996,4.899999999999997,nodo,SIENA
2024-06,REG,N_596CADAC9540,2,2,0,0,0,0,0,1,0,1,0,0,0,0,0,2.0,2.0,0.0,0.0,0.0,0.0,0.0,nodo,MELITO DI PORTO SALVO
2024-06,REG,N_5A1ED9B2CC3E,2,2,0,0,0,0,0,2,0,0,0,0,0,0,0,5.0,0.0,5.0,2.5,2.5,3.7,3.8499999999999996,nodo,NOCERA INFERIORE
2024-06,REG,N_5BD6FECC05D9,61,61,0,0,0,0,0,30,1,30,1,0,0,0,0,58.0,62.0,-4.0,-0.06935483870967742,0.0,3.0,3.2749999999999986,nodo,TREVISO C.
2024-06,REG,N_5D245644C03E,6,6,0,0,0,0,0,4,0,2,0,0,0,0,0,4.0,2.0,2.0,0.33333333333333337,0.0,1.2000000000000002,1.3499999999999999,nodo,PONTEDERA CASCIANA TERME
2024-06,REG,N_5D701C22BFA0,32,32,0,0,0,0,0,19,3,10,3,0,0,0,0,47.0,19.0,28.0,0.8352941176470589,0.5,3.7,4.599999999999998,nodo,REGGIO EMILIA
2024-06,REG,N_5DE4C91147F9,2,2,0,0,0,0,0,2,0,0,0,0,0,0,0,6.0,0.0,6.0,3.0,3.0,3.8,3.9,nodo,BRENO
2024-06,REG,N_5F6B2483419A,6,6,0,0,0,0,0,4,1,1,1,0,0,0,0,13.0,1.0,12.0,2.0,2.5,3.7,3.85,nodo,FIRENZE CASTELLO
2024-06,REG,N_607096404A55,21,21,0,0,0,0,0,7,2,12,2,1,0,0,0,31.0,35.0,-4.0,-0.11363636363636365,-0.5,3.799999999999999,5.649999999999997,nodo,SAPRI
2024-06,REG,N_60AC40AB6E0D,10,10,0,0,0,0,0,5,3,2,3,1,1,0,0,43.0,6.0,37.0,3.958333333333333,2.5,10.400000000000002,12.199999999999998,nodo,BRACCIANO
2024-06,REG,N_616E8A8254DB,21,21,0,0,0,0,0,14,3,4,3,0,0,0,0,28.0,5.0,23.0,1.0138888888888888,0.25,3.7000000000000006,4.3999999999999995,nodo,ORTE
2024-06,REG,N_619A2B247E23,7,7,0,0,0,0,0,3,0,4,0,0,0,0,0,3.0,17.0,-14.0,-2.208333333333333,-0.75,0.7500000000000001,0.8749999999999998,nodo,FASANO
2024-06,REG,N_62A12958237E,16,16,0,0,0,0,0,6,2,8,2,1,1,0,0,35.0,17.0,18.0,1.0634920634920635,-0.5,4.900000000000002,8.949999999999996,nodo,TERMOLI
2024-06,REG,N_637B235E9838,177,177,0,0,0,0,0,73,42,59,42,12,6,1,0,520.0,130.0,390.0,2.253139458030403,1.0,7.5,11.099999999999994,nodo,MILANO PORTA GARIBALDI
2024-06,REG,N_63CE56BA8571,1,1,0,0,0,0,0,1,0,0,0,0,0,0,0,0.0,0.0,0.0,0.0,0.0,0.0,0.0,nodo,ROVERETO
2024-06,REG,N_64548ED4BF34,16,16,0,0,0,0,0,5,1,10,1,0,0,0,0,11.0,34.0,-23.0,-1.45,-1.25,1.549999999999999,3.024999999999997,nodo,SIRACUSA
2024-06,REG,N_65DA4217C250,16,16,0,0,0,0,0,4,11,1,11,8,7,4,0,249.0,1.0,248.0,15.5,15.25,31.449999999999996,33.724999999999994,nodo,TIRANO
2024-06,REG,N_65DC9B0163E8,5,5,0,0,0,0,0,2,1,2,1,1,1,0,0,26.0,2.0,24.0,4.25,1.25,10.25,11.375,nodo,MILANO CERTOSA
2024-06,REG,N_663C39032F0C,10,10,0,0,0,0,0,1,0,9,0,0,0,0,0,3.0,25.0,-22.0,-2.2,-2.5,0.20000000000000018,0.5999999999999996,nodo,PAOLA
2024-06,REG,N_66DEF0BD8D9B,21,21,0,0,0,0,0,14,2,5,2,1,1,0,0,48.0,5.0,43.0,2.0636363636363635,1.25,3.5999999999999996,7.799999999999999,nodo,STABIO
2024-06,REG,N_66EFE7185ACC,19,19,0,0,0,0,0,2,8,9,8,2,1,0,0,74.0,51.0,23.0,1.2111111111111112,0.25,9.0,10.749999999999996,nodo,GENOVA P.PRINCIPE
2024-06,REG,N_6A5E47BD3937,22,22,0,0,0,0,0,5,0,17,0,0,0,0,0,3.0,33.0,-30.0,-1.325,-1.5,0.4500000000000002,0.7749999999999995,nodo,ALBANO LAZIALE
2024-06,REG,N_6A893BB6B9F0,1,1,0,0,0,0,0,1,0,0,0,0,0,0,0,0.0,0.0,0.0,0.0,0.0,0.0,0.0,nodo,PATTI-SAN PIERO PATTI
2024-06,REG,N_6C5F1D064AA5,17,17,0,0,0,0,0,11,1,5,1,0,0,0,0,27.0,7.0,20.0,1.2222222222222223,1.5,3.65,3.8249999999999997,nodo,LUINO
2024-06,REG,N_6C88D68D6E24,14,14,0,0,0,0,0,4,1,9,1,0,0,0,0,16.0,20.0,-4.0,-0.45833333333333337,-1.25,2.6499999999999995,4.074999999999998,nodo,L`AQUILA
2024-06,REG,N_6D3FA2816116,8,8,0,0,0,0,0,3,0,5,0,0,0,0,0,4.0,11.0,-7.0,-1.0333333333333334,-1.0,1.2000000000000002,1.5999999999999996,nodo,FORTEZZA
2024-06,REG,N_6DAD4A05816E,220,220,0,0,0,0,0,95,26,99,26,4,1,0,0,352.0,253.0,99.0,0.45418079563311553,0.5,4.700000000000003,6.199999999999996,nodo,FIRENZE S.M.N.
2024-06,REG,N_6DCA844AE5BC,30,30,0,0,0,0,0,10,2,18,2,1,1,1,0,53.0,55.0,-2.0,-0.06696428571428571,-1.75,2.75,8.399999999999995,nodo,TARANTO
2024-06,REG,N_6DE3F8828605,1,1,0,0,0,0,0,0,1,0,1,0,0,0,0,6.0,0.0,6.0,6.0,6.0,6.0,6.0,nodo,PIOMBINO BINARI MARE
2024-06,REG,N_6DFAF47FD915,9,9,0,0,0,0,0,0,0,9,0,0,0,0,0,0.0,16.0,-16.0,-1.75,-1.75,-1.2,-1.1,nodo,DECIMOMANNU
2024-06,REG,N_6F14F556DBBD,1,1,0,0,0,0,0,1,0,0,0,0,0,0,0,0.0,0.0,0.0,0.0,0.0,0.0,0.0,nodo,LADISPOLI-CERVETERI
2024-06,REG,N_6F9274E48577,19,19,0,0,0,0,0,13,2,4,2,1,1,0,0,48.0,4.0,44.0,2.311111111111111,1.25,5.100000000000001,8.549999999999997,nodo,BUSTO ARSIZIO
2024-06,REG,N_6FDC22A1267B,9,9,0,0,0,0,0,5,1,3,1,1,1,0,0,22.0,10.0,12.0,1.55,0.5,6.700000000000001,7.849999999999998,nodo,BARLETTA
2024-06,REG,N_700A465545EF,1,1,0,0,0,0,0,0,0,1,0,0,0,0,0,0.0,1.0,-1.0,-1.0,-1.0,-1.0,-1.0,nodo,PORDENONE
2024-06,REG,N_716DEAB7B82E,61,61,0,0,0,0,0,31,12,16,12,5,4,1,0,206.0,31.0,175.0,2.9763824884792625,2.0,7.450000000000001,13.199999999999996,nodo,BERGAMO
2024-06,REG,N_72DA38E192FF,49,49,0,0,0,0,0,20,4,25,4,2,1,0,0,70.0,63.0,7.0,0.14666666666666667,-0.75,4.049999999999999,5.7499999999999964,nodo,PESCARA
2024-06,REG,N_742441A837EF,19,19,0,0,0,0,0,5,1,12,1,0,0,0,0,11.0,39.0,-28.0,-1.5555555555555556,-2.0,1.0000000000000004,1.9999999999999991,nodo,MI.P.GENOVA
2024-06,REG,N_74EE77A63E34,12,12,0,0,0,0,0,6,0,6,0,0,0,0,0,6.0,13.0,-7.0,-0.5857142857142856,0.0,1.0,1.0,nodo,FAENZA
2024-06,REG,N_7508BB1D63A3,23,23,0,0,0,0,0,5,0,18,0,0,0,0,0,11.0,99.0,-88.0,-3.821969696969697,-5.5,1.9500000000000002,2.6999999999999993,nodo,TORINO STURA
2024-06,REG,N_75EE60EB2654,11,11,0,0,0,0,0,5,0,6,0,0,0,0,0,7.0,10.0,-3.0,-0.36666666666666664,-0.25,1.35,1.6749999999999998,nodo,FARA SABINA
2024-06,REG,N_75FF6F509037,1,1,0,0,0,0,0,1,0,0,0,0,0,0,0,0.0,0.0,0.0,0.0,0.0,0.0,0.0,nodo,LATISANA LIGNANO B.
2024-06,REG,N_7658E5195902,2,2,0,0,0,0,0,0,0,2,0,0,0,0,0,0.0,3.0,-3.0,-1.5,-1.5,-1.5,-1.5,nodo,TAORMINA
2024-06,REG,N_76F3426C2E5E,1,1,0,0,0,0,0,1,0,0,0,0,0,0,0,3.0,0.0,3.0,3.0,3.0,3.0,3.0,nodo,SEREGNO
2024-06,REG,N_77D367E4BFD2,7,7,0,0,0,0,0,5,0,2,0,0,0,0,0,14.0,2.0,12.0,1.875,1.5,3.45,3.7249999999999996,nodo,TERONTOLA CORTONA
2024-06,REG,N_7892C2F503A0,1,1,0,0,0,0,0,1,0,0,0,0,0,0,0,1.0,0.0,1.0,1.0,1.0,1.0,1.0,nodo,PISOGNE
2024-06,REG,N_789590B1E821,1,1,0,0,0,0,0,1,0,0,0,0,0,0,0,1.0,0.0,1.0,1.0,1.0,1.0,1.0,nodo,CASALE MONFERRATO
2024-06,REG,N_79A7096BCFE7,16,16,0,0,0,0,0,11,4,1,4,3,3,1,0,100.0,1.0,99.0,6.1875,2.75,16.349999999999998,21.42499999999999,nodo,CHIAVENNA
2024-06,REG,N_7A0EEBBEAB93,96,96,0,0,0,0,0,31,20,45,20,9,3,1,0,274.0,94.0,180.0,1.8753799392097266,-0.5,7.799999999999997,11.449999999999992,nodo,NOVARA
2024-06,REG,N_7ABD63D32E61,18,18,0,0,0,0,0,5,1,12,1,1,1,0,0,27.0,25.0,2.0,-0.050000000000000044,-1.5,3.1999999999999975,6.5999999999999925,nodo,PRATO CENTRALE
2024-06,REG,N_7ACD08E29DE5,8,8,0,0,0,0,0,2,4,2,4,0,0,0,0,27.0,4.0,23.0,2.5,3.5,5.4,5.699999999999999,nodo,CAMPIGLIA MARITTIMA
2024-06,REG,N_7B8C90EC3AB1,1,1,0,0,0,0,0,0,1,0,1,1,1,1,0,46.0,0.0,46.0,46.0,46.0,46.0,46.0,nodo,S. ZENO FOLZANO
2024-06,REG,N_7BFFDD18032E,1,1,0,0,0,0,0,1,0,0,0,0,0,0,0,0.0,0.0,0.0,0.0,0.0,0.0,0.0,nodo,TORRE DEI PASSERI
2024-06,REG,N_7C26FB2E9EE9,13,13,0,0,0,0,0,4,2,7,2,0,0,0,0,16.0,16.0,0.0,-0.13095238095238093,-0.75,2.5,2.75,nodo,CIANO D'ENZA
2024-06,REG,N_7FA9E3AD7653,60,60,0,0,0,0,0,28,9,23,9,4,3,2,0,155.0,63.0,92.0,1.5178571428571428,0.5,5.350000000000003,15.949999999999994,nodo,ROMA TIBURTINA
2024-06,REG,N_7FEB58AE129D,16,16,0,0,0,0,0,8,5,3,5,4,3,2,2,201.0,8.0,193.0,12.0625,2.75,28.849999999999987,53.17499999999996,nodo,AGRIGENTO CENTRALE
2024-06,REG,N_811BC1C86782,22,22,0,0,0,0,0,9,0,13,0,0,0,0,0,12.0,29.0,-17.0,-0.6833333333333333,-1.0,1.9500000000000002,2.0,nodo,PORRETTA TERME
2024-06,REG,N_81FA3F9C2F03,1,1,0,0,0,0,0,0,1,0,1,0,0,0,0,5.0,0.0,5.0,5.0,5.0,5.0,5.0,nodo,VARESE CASBENO
2024-06,REG,N_835C7E781DA4,16,16,0,0,0,0,0,0,0,16,0,0,0,0,0,0.0,48.0,-48.0,-3.0,-3.25,-1.7000000000000002,-1.3500000000000005,nodo,CARPI
2024-06,REG,N_838D98750A26,25,25,0,0,0,0,0,9,5,11,5,4,2,1,0,93.0,22.0,71.0,2.4666666666666663,0.5,8.849999999999998,13.524999999999988,nodo,VOGHERA
2024-06,REG,N_83A3E77E8703,20,20,0,0,0,0,0,10,3,7,3,1,1,0,0,48.0,24.0,24.0,1.4583333333333333,1.5,6.299999999999999,9.074999999999996,nodo,AREZZO
2024-06,REG,N_83AEB434E87E,37,37,0,0,0,0,0,14,8,15,8,4,1,0,0,95.0,19.0,76.0,2.0588235294117645,0.75,7.5000000000000036,10.600000000000001,nodo,PIOLTELLO LIMITO
2024-06,REG,N_8646439FF3ED,20,20,0,0,0,0,0,8,1,11,1,0,0,0,0,13.0,14.0,-1.0,-0.125,-0.5,1.5,2.174999999999999,nodo,BITRITTO
2024-06,REG,N_882C5CBF332A,17,17,0,0,0,0,0,11,3,3,3,1,1,0,0,56.0,5.0,51.0,3.1666666666666665,2.25,7.349999999999998,10.174999999999997,nodo,VIGNOLA
2024-06,REG,N_88410A0B665C,1,1,0,0,0,0,0,0,0,1,0,0,0,0,0,0.0,4.0,-4.0,-4.0,-4.0,-4.0,-4.0,nodo,BUSSOLENO
2024-06,REG,N_8871845CF0C3,3,3,0,0,0,0,0,2,1,0,1,1,1,0,0,26.0,0.0,26.0,6.75,6.75,11.35,11.924999999999999,nodo,MELFI
2024-06,REG,N_89F54DBB8C9C,2,2,0,0,0,0,0,0,2,0,2,1,0,0,0,17.0,0.0,17.0,8.5,8.5,8.5,8.5,nodo,LA SPEZIA MIGLIARINA
2024-06,REG,N_8AE91C7CAA91,197,197,0,0,0,0,0,128,50,19,50,29,12,0,0,762.0,32.0,730.0,3.752429693961952,2.0,10.350000000000001,12.699999999999996,nodo,M N CADORNA
2024-06,REG,N_8B9D044050BD,18,18,0,0,0,0,0,8,2,8,2,1,1,0,0,43.0,18.0,25.0,1.5,0.25,6.249999999999998,9.624999999999995,nodo,SUZZARA
2024-06,REG,N_8C8FB2529F4E,39,39,0,0,0,0,0,18,15,6,15,9,3,1,0,233.0,6.0,227.0,5.841269841269841,3.0,12.8,15.649999999999984,nodo,MILANO LANCETTI
2024-06,REG,N_8CB7A8D7391B,1,1,0,0,0,0,0,1,0,0,0,0,0,0,0,0.0,0.0,0.0,0.0,0.0,0.0,0.0,nodo,FIRENZE RIFREDI
2024-06,REG,N_8CC5E83ABB23,4,4,0,0,0,0,0,3,0,1,0,0,0,0,0,3.0,1.0,2.0,0.5,0.5,1.3,1.4,nodo,GOLFO ARANCI
2024-06,REG,N_8E1CBD641B34,17,17,0,0,0,0,0,13,0,4,0,0,0,0,0,14.0,6.0,8.0,0.5138888888888888,0.5,1.85,2.4249999999999994,nodo,TERMINI IMERESE
2024-06,REG,N_8F448D03ECB2,40,40,0,0,0,0,0,19,5,16,5,3,1,0,0,75.0,64.0,11.0,0.29949874686716793,0.5,4.299999999999999,7.799999999999994,nodo,CATANZARO LIDO
2024-06,REG,N_8FE161C43F4D,9,9,0,0,0,0,0,3,0,6,0,0,0,0,0,4.0,8.0,-4.0,-0.375,-0.5,0.9500000000000002,1.2249999999999996,nodo,BUONCONVENTO
2024-06,REG,N_9120FEA55878,16,16,0,0,0,0,0,9,1,6,1,1,1,1,0,34.0,13.0,21.0,1.3125,-0.25,4.999999999999997,10.249999999999993,nodo,BIELLA S.PAOLO
2024-06,REG,N_91C54A7D6DE3,7,7,0,0,0,0,0,3,0,4,0,0,0,0,0,1.0,16.0,-15.0,-2.125,-1.0,0.30000000000000004,0.3999999999999999,nodo,MERCATO SAN SEVERINO
2024-06,REG,N_9205BAB6A5D0,29,29,0,0,0,0,0,15,2,12,2,1,0,0,0,43.0,27.0,16.0,0.5476190476190476,0.25,3.8500000000000005,5.374999999999998,nodo,EMPOLI
2024-06,REG,N_9253C2D55999,17,17,0,0,0,0,0,7,5,5,5,2,0,0,0,54.0,5.0,49.0,3.3071428571428574,2.5,7.9,8.949999999999998,nodo,VERCELLI
2024-06,REG,N_9334DABDEC76,17,17,0,0,0,0,0,9,1,7,1,0,0,0,0,22.0,25.0,-3.0,-0.3214285714285714,0.75,2.1999999999999993,3.849999999999996,nodo,TERNI
2024-06,REG,N_936516B1B527,26,26,0,0,0,0,0,10,2,14,2,1,1,0,0,46.0,62.0,-16.0,-0.7515151515151516,-0.5,3.5999999999999996,7.499999999999989,nodo,POTENZA CENTRALE
2024-06,REG,N_93A779399DBB,18,18,0,0,0,0,0,5,1,12,1,1,0,0,0,19.0,21.0,-2.0,-0.1111111111111111,-1.5,3.000000000000001,4.999999999999998,nodo,VITERBO PORTA FIORENTINA
2024-06,REG,N_940E2BC1FEE6,1,1,0,0,0,0,0,1,0,0,0,0,0,0,0,4.0,0.0,4.0,4.0,4.0,4.0,4.0,nodo,TORREBERETTI
2024-06,REG,N_946E795E4B2E,2,2,0,0,0,0,0,0,0,2,0,0,0,0,0,0.0,5.0,-5.0,-2.5,-2.5,-2.5,-2.5,nodo,LA STORTA
2024-06,REG,N_9498BA307100,17,17,0,0,0,0,0,10,0,7,0,0,0,0,0,17.0,16.0,1.0,0.08333333333333334,0.0,2.6,2.8,nodo,SACILE
2024-06,REG,N_958DB8C30856,12,12,0,0,0,0,0,7,2,3,2,2,1,0,0,54.0,4.0,50.0,4.085714285714285,2.0,10.700000000000005,15.34999999999999,nodo,STRADELLA
2024-06,REG,N_99035CE7EF2D,5,5,0,0,0,0,0,2,0,3,0,0,0,0,0,3.0,6.0,-3.0,-0.75,-0.75,0.6500000000000001,0.8249999999999998,nodo,LOCRI
2024-06,REG,N_9945873CF040,14,14,0,0,0,0,0,4,0,10,0,0,0,0,0,8.0,37.0,-29.0,-1.9166666666666667,-1.5,1.2999999999999998,1.6499999999999995,nodo,FROSINONE
2024-06,REG,N_99D19D74A384,10,10,0,0,0,0,0,7,0,3,0,0,0,0,0,8.0,8.0,0.0,0.0,1.0,1.5,1.5,nodo,CONEGLIANO
2024-06,REG,N_9A9F500D82A7,30,30,0,0,0,0,0,19,5,6,5,2,0,0,0,47.0,8.0,39.0,1.2723214285714286,0.0,4.8500000000000005,7.349999999999999,nodo,FIDENZA
2024-06,REG,N_9B3B1889810C,16,16,0,0,0,0,0,6,0,10,0,0,0,0,0,7.0,22.0,-15.0,-0.9375,-1.25,1.0999999999999996,1.799999999999999,nodo,BERCETO
2024-06,REG,N_9B9D28249135,14,14,0,0,0,0,0,4,2,8,2,0,0,0,0,15.0,36.0,-21.0,-1.5,-2.0,2.700000000000001,3.599999999999998,nodo,ARQUATA SCRIVIA
2024-06,REG,N_A25D0BE27D9B,40,40,0,0,0,0,0,17,13,9,13,5,3,0,0,170.0,18.0,152.0,3.951315789473684,3.0,9.700000000000001,11.799999999999994,nodo,VILLA LITERNO
2024-06,REG,N_A488E7F49CEA,2,2,0,0,0,0,0,0,0,2,0,0,0,0,0,0.0,7.0,-7.0,-3.5,-3.5,-3.5,-3.5,nodo,S.PIETRO IN CASALE
2024-06,REG,N_A852107EF56C,33,33,0,0,0,0,0,7,1,25,1,1,1,1,0,44.0,73.0,-29.0,-0.8161764705882353,-1.0,1.25,4.875,nodo,VICENZA
2024-06,REG,N_A913DD647FD7,3,3,0,0,0,0,0,1,1,1,1,1,1,0,0,28.0,1.0,27.0,13.25,13.25,13.85,13.925,nodo,S. DONA` DI PIAVE
2024-06,REG,N_AA00CE9E4DF9,24,24,0,0,0,0,0,14,3,7,3,0,0,0,0,55.0,26.0,29.0,1.25,1.5,4.800000000000001,5.724999999999999,nodo,FOLIGNO
2024-06,REG,N_AA1DCE485829,44,44,0,0,0,0,0,16,10,18,10,4,4,1,0,146.0,43.0,103.0,2.35,0.0,8.550000000000004,15.374999999999998,nodo,BASSANO DEL GRAPPA
2024-06,REG,N_AB0F0E99A555,16,16,0,0,0,0,0,4,9,3,9,4,3,0,0,101.0,9.0,92.0,5.75,4.5,14.6,17.049999999999997,nodo,BARDONECCHIA
2024-06,REG,N_AB154A1831F2,37,37,0,0,0,0,0,18,5,14,5,2,0,0,0,74.0,25.0,49.0,1.5163690476190477,1.0,6.5,8.375,nodo,CHIUSI C.T.
2024-06,REG,N_AC5B07AC3325,10,10,0,0,0,0,0,0,0,10,0,0,0,0,0,0.0,34.0,-34.0,-3.4,-3.5,-2.9,-2.7,nodo,VILLAMASSARGIA DOMUSNOVAS
2024-06,REG,N_AC64114ADFF7,12,12,0,0,0,0,0,9,1,2,1,1,0,0,0,24.0,7.0,17.0,1.4166666666666665,1.25,4.5,5.5,nodo,CALTANISSETTA XIRBI
2024-06,REG,N_ACBCDA610B0C,1,1,0,0,0,0,0,1,0,0,0,0,0,0,0,2.0,0.0,2.0,2.0,2.0,2.0,2.0,nodo,ANTRODOCO CENTRO
2024-06,REG,N_ACBFE7687ADF,13,13,0,0,0,0,0,4,0,9,0,0,0,0,0,4.0,19.0,-15.0,-1.1904761904761905,-1.25,0.7000000000000002,1.0999999999999996,nodo,OLBIA
2024-06,REG,N_ACF3D2764DA3,192,192,0,0,0,0,0,69,71,50,71,48,33,16,5,1696.0,131.0,1565.0,8.353507487895508,2.5,24.60000000000001,43.09999999999997,nodo,MILANO CENTRALE
2024-06,REG,N_AD796A65AE1B,15,15,0,0,0,0,0,5,0,10,0,0,0,0,0,7.0,22.0,-15.0,-1.25,-1.25,0.5,0.5,nodo,AULLA LUNIGIANA
2024-06,REG,N_AF3C86275983,45,45,0,0,0,0,0,9,14,22,14,7,2,1,0,183.0,66.0,117.0,2.485,-0.25,10.850000000000005,13.750000000000004,nodo,SAVONA
2024-06,REG,N_AF3EDA32BCDE,78,78,0,0,0,0,0,40,21,16,21,8,3,0,0,262.0,30.0,232.0,3.113095238095238,1.75,10.0,12.375,nodo,SARONNO
2024-06,REG,N_AF7C7C87621E,105,105,0,0,0,0,0,58,3,44,3,0,0,0,0,76.0,95.0,-19.0,-0.1809090909090909,0.0,2.3500000000000014,3.5,nodo,FIUMICINO AEROPORTO
2024-06,REG,N_AFCBEDA6671A,16,16,0,0,0,0,0,5,4,7,4,1,1,0,0,40.0,16.0,24.0,1.6507936507936507,1.0,6.400000000000002,8.949999999999996,nodo,CUNEO
2024-06,REG,N_B0E912F4A7F7,4,4,0,0,0,0,0,2,0,2,0,0,0,0,0,3.0,5.0,-2.0,-0.5,-0.5,1.1,1.2999999999999998,nodo,VILLA OPICINA
2024-06,REG,N_B101329F0BD5,57,57,0,0,0,0,0,14,16,26,16,9,6,2,1,326.0,72.0,254.0,4.535714285714286,0.5,13.750000000000002,23.94999999999998,nodo,PIACENZA
2024-06,REG,N_B222138E8EE4,55,55,0,0,0,0,0,17,18,18,18,7,0,0,0,190.0,38.0,152.0,2.852564102564102,3.0,9.25,11.075,nodo,CHIASSO
2024-06,REG,N_B3C51F98067B,1,1,0,0,0,0,0,0,0,1,0,0,0,0,0,0.0,3.0,-3.0,-3.0,-3.0,-3.0,-3.0,nodo,CEVA
2024-06,REG,N_B4C118FF93FF,4,4,0,0,0,0,0,2,0,2,0,0,0,0,0,2.0,2.0,0.0,0.0,0.0,0.4,0.44999999999999996,nodo,MONZA
2024-06,REG,N_B5A00BD1FD73,5,5,0,0,0,0,0,2,0,3,0,0,0,0,0,4.0,11.0,-7.0,-0.875,-1.75,0.9500000000000006,1.4749999999999988,nodo,TARVISIO BOSCOVERDE
2024-06,REG,N_B5DDBA4A079F,4,4,0,0,0,0,0,3,1,0,1,1,0,0,0,20.0,0.0,20.0,5.0,2.5,10.000000000000002,11.499999999999996,nodo,PIADENA
2024-06,REG,N_B7148A598580,17,17,0,0,0,0,0,6,9,2,9,3,1,0,0,103.0,3.0,100.0,5.951388888888889,5.25,11.349999999999998,14.174999999999997,nodo,LEVANTO
2024-06,REG,N_B7C7458ECDFE,57,57,0,0,0,0,0,17,7,33,7,1,1,0,0,87.0,106.0,-19.0,-0.3666666666666667,-1.5,4.3000000000000025,6.124999999999998,nodo,RIMINI
2024-06,REG,N_B9FAE4F317DF,10,10,0,0,0,0,0,10,0,0,0,0,0,0,0,0.0,0.0,0.0,0.0,0.0,0.0,0.0,nodo,ARECHI
2024-06,REG,N_BA12D3530425,2,2,0,0,0,0,0,1,0,1,0,0,0,0,0,0.0,5.0,-5.0,-2.5,-2.5,-2.5,-2.5,nodo,MACOMER
2024-06,REG,N_BA960D64F5CB,1,1,0,0,0,0,0,0,0,1,0,0,0,0,0,0.0,9.0,-9.0,-9.0,-9.0,-9.0,-9.0,nodo,RIETI
2024-06,REG,N_BAF228E8D2C5,4,4,0,0,0,0,0,1,2,1,2,2,2,1,1,121.0,1.0,120.0,30.0,30.0,53.2,56.099999999999994,nodo,MILANO ROGOREDO
2024-06,REG,N_BBC1739242B1,36,36,0,0,0,0,0,7,13,16,13,5,3,0,0,149.0,42.0,107.0,2.973684210526316,0.5,10.999999999999996,17.349999999999994,nodo,SESTRI LEVANTE
2024-06,REG,N_BC3AA5F1647F,1,1,0,0,0,0,0,1,0,0,0,0,0,0,0,0.0,0.0,0.0,0.0,0.0,0.0,0.0,nodo,CODOLA
2024-06,REG,N_BC426E8898F6,19,19,0,0,0,0,0,8,2,9,2,1,1,1,0,61.0,17.0,44.0,2.0,1.5,5.3,11.649999999999999,nodo,MERANO
2024-06,REG,N_BC7EF733D1AB,15,15,0,0,0,0,0,8,0,7,0,0,0,0,0,7.0,10.0,-3.0,-0.2678571428571429,-0.5,1.2000000000000002,1.3499999999999996,nodo,CATANIA AER. FONTANAROSSA
2024-06,REG,N_BCDBFFBD83A2,24,24,0,0,0,0,0,11,2,11,2,0,0,0,0,28.0,19.0,9.0,0.451048951048951,0.0,3.4000000000000004,4.449999999999999,nodo,PISTOIA
2024-06,REG,N_BF0DC42C9523,24,24,0,0,0,0,0,10,1,13,1,1,0,0,0,28.0,40.0,-12.0,-0.5,-1.25,1.9500000000000002,4.924999999999995,nodo,LECCE
2024-06,REG,N_BF1408138E38,1,1,0,0,0,0,0,0,0,1,0,0,0,0,0,0.0,1.0,-1.0,-1.0,-1.0,-1.0,-1.0,nodo,GENOVA SESTRI PONENTE
2024-06,REG,N_BF2C38E6DEAA,6,6,0,0,0,0,0,5,0,1,0,0,0,0,0,6.0,1.0,5.0,0.8333333333333333,0.0,2.4000000000000004,2.6999999999999997,nodo,ERBA
2024-06,REG,N_BF8B5FFB1959,15,15,0,0,0,0,0,7,1,7,1,0,0,0,0,16.0,15.0,1.0,0.0267857142857143,-0.25,2.7,3.3499999999999988,nodo,SUSA
2024-06,REG,N_BFBEB2B05300,1,1,0,0,0,0,0,0,1,0,1,1,1,0,0,25.0,0.0,25.0,25.0,25.0,25.0,25.0,nodo,MILANO S. CRISTOFORO
2024-06,REG,N_C0036EE1DC06,8,8,0,0,0,0,0,6,1,1,1,1,1,1,0,33.0,2.0,31.0,3.875,0.5,11.000000000000004,13.249999999999995,nodo,SANTHIA`
2024-06,REG,N_C00A09A2B357,17,17,0,0,0,0,0,3,3,11,3,1,0,0,0,28.0,24.0,4.0,0.3055555555555556,-0.75,4.15,7.0749999999999975,nodo,FRASCATI
2024-06,REG,N_C03F51FB3BED,49,49,0,0,0,0,0,26,4,19,4,2,2,1,0,100.0,72.0,28.0,0.9973684210526317,-0.5,5.199999999999996,14.07499999999997,nodo,SALERNO
2024-06,REG,N_C0CDB8856373,30,30,0,0,0,0,0,16,0,14,0,0,0,0,0,14.0,32.0,-18.0,-0.6,-0.5,1.2999999999999998,1.799999999999999,nodo,BELLUNO
2024-06,REG,N_C22D4B09E695,49,49,0,0,0,0,0,27,4,18,4,1,0,0,0,77.0,42.0,35.0,0.6304347826086957,0.0,4.15,5.625,nodo,MANTOVA
2024-06,REG,N_C2F2CD7408C1,19,19,0,0,0,0,0,13,1,5,1,0,0,0,0,23.0,12.0,11.0,0.6,0.0,3.9000000000000004,4.699999999999999,nodo,NETTUNO
2024-06,REG,N_C317D24D9E8F,18,18,0,0,0,0,0,7,3,8,3,0,0,0,0,35.0,17.0,18.0,1.0,0.0,6.200000000000001,7.599999999999999,nodo,VENEZIA MESTRE
2024-06,REG,N_C353AD614ED6,23,23,0,0,0,0,0,18,0,5,0,0,0,0,0,3.0,5.0,-2.0,-0.08333333333333333,0.0,0.4500000000000002,0.7249999999999996,nodo,SALSOMAGGIORE T.
2024-06,REG,N_C35DAF060D8A,52,52,0,0,0,0,0,18,9,25,9,3,0,0,0,100.0,82.0,18.0,0.22119815668202766,-0.5,8.0,9.0,nodo,GENOVA BRIGNOLE
2024-06,REG,N_C57D867C3F5A,2,2,0,0,0,0,0,0,0,2,0,0,0,0,0,0.0,15.0,-15.0,-7.5,-7.5,-3.0999999999999996,-2.5500000000000007,nodo,MILANO BOVISA
2024-06,REG,N_C632C9F50E6A,46,46,0,0,0,0,0,21,9,15,9,6,3,1,0,188.0,29.0,159.0,3.4404761904761902,1.5,11.449999999999998,19.874999999999986,nodo,MILANO GRECO PIRELLI
2024-06,REG,N_C685779BD8DE,4,4,0,0,0,0,0,2,0,2,0,0,0,0,0,5.0,4.0,1.0,0.25,0.25,0.85,0.925,nodo,ORBETELLO
2024-06,REG,N_C7427C4E857C,70,70,0,0,0,0,0,38,5,27,5,0,0,0,0,97.0,64.0,33.0,0.4583333333333333,0.5,3.75,4.875,nodo,TREVIGLIO
2024-06,REG,N_C76BB014A48D,4,4,0,0,0,0,0,0,0,4,0,0,0,0,0,0.0,20.0,-20.0,-5.0,-5.0,-4.6,-4.55,nodo,SAN GIUSEPPE DI CAIRO
2024-06,REG,N_C7D85556C887,1,1,0,0,0,0,0,1,0,0,0,0,0,0,0,2.0,0.0,2.0,2.0,2.0,2.0,2.0,nodo,TORTONA
2024-06,REG,N_C8DDC789E5D9,24,24,0,0,0,0,0,12,5,7,5,2,1,0,0,62.0,12.0,50.0,2.257142857142857,0.75,5.699999999999999,9.349999999999994,nodo,TRENTO
2024-06,REG,N_C8FFC2BCCFE1,16,16,0,0,0,0,0,6,2,8,2,0,0,0,0,19.0,30.0,-11.0,-0.6875,-0.5,3.2499999999999996,4.124999999999998,nodo,ISERNIA
2024-06,REG,N_CA5D554C65FF,1,1,0,0,0,0,0,0,0,1,0,0,0,0,0,0.0,1.0,-1.0,-1.0,-1.0,-1.0,-1.0,nodo,ROMA TUSCOLANA
2024-06,REG,N_CA806A7ABF21,26,26,0,0,0,0,0,10,0,16,0,0,0,0,0,6.0,68.0,-62.0,-2.3846153846153846,-2.5,-1.5,-0.5000000000000036,nodo,PALERMO NOTARBARTOLO
2024-06,REG,N_CB95E7379995,15,15,0,0,0,0,0,1,0,14,0,0,0,0,0,0.0,44.0,-44.0,-2.982142857142857,-3.25,-1.9499999999999997,-1.475000000000001,nodo,IGLESIAS
2024-06,REG,N_CBBFAA6775E8,25,25,0,0,0,0,0,9,7,9,7,4,1,1,0,113.0,28.0,85.0,3.4615384615384617,2.0,11.05,16.224999999999994,nodo,BRENNERO
2024-06,REG,N_CC2B3C5B881A,1,1,0,0,0,0,0,1,0,0,0,0,0,0,0,1.0,0.0,1.0,1.0,1.0,1.0,1.0,nodo,MARIANO COMENSE
2024-06,REG,N_D0B06A5290BB,45,45,0,0,0,0,0,20,8,17,8,5,0,0,0,122.0,69.0,53.0,1.2055335968379446,0.25,8.950000000000005,11.874999999999998,nodo,RAVENNA
2024-06,REG,N_D3BA5A52C06E,1,1,0,0,0,0,0,0,1,0,1,0,0,0,0,5.0,0.0,5.0,5.0,5.0,5.0,5.0,nodo,ALASSIO
2024-06,REG,N_D529594FCED5,2,2,0,0,0,0,0,0,1,1,1,0,0,0,0,6.0,1.0,5.0,2.5,2.5,2.5,2.5,nodo,SARZANA
2024-06,REG,N_D53F32E084D3,36,36,0,0,0,0,0,16,3,17,3,0,0,0,0,37.0,32.0,5.0,0.033333333333333326,-0.5,2.8,4.299999999999999,nodo,BORGO S. LORENZO
2024-06,REG,N_D58C6A65D7C1,34,34,0,0,0,0,0,12,4,18,4,2,2,0,0,80.0,62.0,18.0,0.5294117647058824,-1.5,4.200000000000001,9.699999999999987,nodo,FOGGIA
2024-06,REG,N_D5A2C27842EB,11,11,0,0,0,0,0,4,0,7,0,0,0,0,0,6.0,17.0,-11.0,-1.05,-1.25,1.35,1.6749999999999998,nodo,ASCOLI PICENO
2024-06,REG,N_D5B57085BF91,14,14,0,0,0,0,0,1,0,13,0,0,0,0,0,1.0,51.0,-50.0,-3.5714285714285716,-4.5,-1.3999999999999995,-0.9500000000000011,nodo,SCHIO
2024-06,REG,N_D680B4DDCF0A,12,12,0,0,0,0,0,9,3,0,3,0,0,0,0,32.0,0.0,32.0,2.6285714285714286,2.0,5.4,5.949999999999999,nodo,GUASTALLA
2024-06,REG,N_D765929A9E43,2,2,0,0,0,0,0,2,0,0,0,0,0,0,0,5.0,0.0,5.0,2.5,2.5,2.9,2.95,nodo,MINUCCIANO - PIEVE - CASOLA
2024-06,REG,N_D77D870762C5,3,3,0,0,0,0,0,0,1,0,1,1,1,0,0,15.0,0.0,15.0,15.0,15.0,15.0,15.0,nodo,POZZUOLI SOLFATARA
2024-06,REG,N_D915C715E0EF,26,26,0,0,0,0,0,10,9,7,9,4,1,1,0,122.0,16.0,106.0,4.076923076923077,2.5,8.700000000000001,15.799999999999976,nodo,AVEZZANO
2024-06,REG,N_D9EA6835B9EF,2,2,0,0,0,0,0,1,0,1,0,0,0,0,0,3.0,1.0,2.0,1.0,1.0,1.0,1.0,nodo,LATINA
2024-06,REG,N_D9F16B1C0E0D,23,23,0,0,0,0,0,15,7,1,7,2,2,1,0,114.0,1.0,113.0,4.507692307692308,1.5,10.600000000000003,17.049999999999983,nodo,CIVITAVECCHIA
2024-06,REG,N_DC24E40224D9,11,11,0,0,0,0,0,7,1,3,1,0,0,0,0,16.0,9.0,7.0,0.6666666666666666,0.5,3.8000000000000003,4.3999999999999995,nodo,FORMIA-GAETA
2024-06,REG,N_DCE99D8EF7E4,5,5,0,0,0,0,0,2,2,1,2,1,1,0,0,33.0,3.0,30.0,5.916666666666666,4.25,11.25,12.125,nodo,IMPERIA
2024-06,REG,N_DD6564CDFB93,77,77,0,0,0,0,0,23,8,46,8,5,3,0,0,134.0,127.0,7.0,0.05238095238095236,-1.0,4.449999999999999,8.474999999999984,nodo,ANCONA
2024-06,REG,N_DD8D6A1F4D25,22,22,0,0,0,0,0,9,2,11,2,1,0,0,0,28.0,33.0,-5.0,-0.3660714285714286,0.0,3.550000000000002,5.549999999999999,nodo,GROSSETO
2024-06,REG,N_DE47F51504B9,2,2,0,0,0,0,0,0,1,1,1,1,0,0,0,14.0,2.0,12.0,6.0,6.0,6.0,6.0,nodo,BORGO VALSUGANA EST
2024-06,REG,N_DEBAB2A3D4C0,38,38,0,0,0,0,0,14,2,22,2,2,1,0,0,41.0,91.0,-50.0,-1.0596590909090908,-0.5,1.75,3.0,nodo,REGGIO CALABRIA CENTRALE
2024-06,REG,N_DF72E0451C21,30,30,0,0,0,0,0,9,9,10,9,4,2,1,0,131.0,29.0,102.0,3.6428571428571432,1.25,10.850000000000001,16.599999999999994,nodo,DOMODOSSOLA
2024-06,REG,N_E02EBCB04D3A,6,6,0,0,0,0,0,0,2,4,2,1,1,1,1,71.0,12.0,59.0,9.833333333333332,-2.5,27.900000000000002,31.699999999999996,nodo,LIMONE
2024-06,REG,N_E10AB7D0ED3E,1,1,0,0,0,0,0,0,0,1,0,0,0,0,0,0.0,1.0,-1.0,-1.0,-1.0,-1.0,-1.0,nodo,FRANCAVILLA AL MARE
2024-06,REG,N_E29B12213D0A,27,27,0,0,0,0,0,15,1,11,1,1,0,0,0,30.0,19.0,11.0,0.5333333333333334,0.0,2.95,4.5749999999999975,nodo,MONTEBELLUNA
2024-06,REG,N_E2EC0D35D526,93,93,0,0,0,0,0,46,11,33,11,1,0,0,0,153.0,71.0,82.0,0.9243404678944749,1.0,5.0,5.5,nodo,PISA CENTRALE
2024-06,REG,N_E3B8163AC6FC,102,102,0,0,0,0,0,51,6,45,6,5,4,2,2,277.0,112.0,165.0,1.6651906045437042,-0.5,3.3000000000000043,8.799999999999994,nodo,PALERMO CENTRALE
2024-06,REG,N_E3D77242249F,49,49,0,0,0,0,0,22,15,11,15,5,2,1,1,233.0,25.0,208.0,4.333333333333333,3.0,9.899999999999999,10.924999999999999,nodo,CREMONA
2024-06,REG,N_E6726A16AA8C,5,5,0,0,0,0,0,1,0,4,0,0,0,0,0,0.0,8.0,-8.0,-1.5833333333333335,-1.75,-0.75,-0.6250000000000001,nodo,OZIERI CHILIVANI
2024-06,REG,N_E823754A40D3,1,1,0,0,0,0,0,0,0,1,0,0,0,0,0,0.0,3.0,-3.0,-3.0,-3.0,-3.0,-3.0,nodo,SESSA AURUNCA R.
2024-06,REG,N_E878615FB0A3,1,1,0,0,0,0,0,0,0,1,0,0,0,0,0,0.0,1.0,-1.0,-1.0,-1.0,-1.0,-1.0,nodo,JESI
2024-06,REG,N_E8F1FE5811E0,4,4,0,0,0,0,0,2,0,2,0,0,0,0,0,1.0,3.0,-2.0,0.0,0.0,0.4,0.44999999999999996,nodo,S.CANDIDO
2024-06,REG,N_E903EB64CBF3,294,294,0,0,0,0,0,128,20,146,20,4,3,1,0,333.0,432.0,-99.0,-0.3271450424141288,-0.5,3.0,5.5,nodo,ROMA TERMINI
2024-06,REG,N_E9632C67CC0B,5,5,0,0,0,0,0,1,0,4,0,0,0,0,0,1.0,8.0,-7.0,-1.625,-1.75,-0.7999999999999998,-0.6500000000000004,nodo,CIAMPINO
2024-06,REG,N_E988BD4F02ED,2,2,0,0,0,0,0,0,2,0,2,1,1,0,0,31.0,0.0,31.0,15.5,15.5,15.5,15.5,nodo,TAGGIA ARMA
2024-06,REG,N_E9B5426CE7DB,9,9,0,0,0,0,0,4,2,3,2,1,0,0,0,21.0,7.0,14.0,1.475,0.0,5.300000000000001,5.8999999999999995,nodo,GENOVA NERVI
2024-06,REG,N_E9CDB4158858,18,18,0,0,0,0,0,6,1,11,1,0,0,0,0,19.0,36.0,-17.0,-1.15,-1.75,2.599999999999999,3.7999999999999976,nodo,POGGIO RUSCO
2024-06,REG,N_EB4AA9FA6612,10,10,0,0,0,0,0,4,5,1,5,2,0,0,0,53.0,4.0,49.0,4.9,5.0,9.0,9.5,nodo,CODIGORO
2024-06,REG,N_EB74225A9F4B,6,6,0,0,0,0,0,1,2,3,2,2,1,0,0,33.0,3.0,30.0,3.875,2.5,9.700000000000001,10.599999999999998,nodo,NOVI LIGURE
2024-06,REG,N_ECBC275260A2,56,56,0,0,0,0,0,23,5,28,5,3,2,2,1,189.0,61.0,128.0,2.2592592592592595,-0.5,3.5999999999999996,8.19999999999999,nodo,PARMA
2024-06,REG,N_ECDBBF702ADF,7,7,0,0,0,0,0,2,3,2,3,2,2,2,0,71.0,4.0,67.0,11.25,14.75,16.5,16.75,nodo,VITERBO PORTA ROMANA
2024-06,REG,N_EDFB5356134D,43,43,0,0,0,0,0,25,5,10,5,0,0,0,0,88.0,25.0,63.0,1.575,2.25,4.550000000000001,5.050000000000001,nodo,LUCCA
2024-06,REG,N_EE539AC676E9,34,34,0,0,0,0,0,12,5,17,5,1,0,0,0,61.0,41.0,20.0,0.5882352941176471,-0.5,5.4,6.6999999999999975,nodo,BOLZANO
2024-06,REG,N_EE5FCCF4C16B,8,8,0,0,0,0,0,7,0,1,0,0,0,0,0,13.0,1.0,12.0,1.5,1.5,2.7,2.8499999999999996,nodo,MANIAGO
2024-06,REG,N_EE86D98A1207,9,9,0,0,0,0,0,5,0,4,0,0,0,0,0,5.0,13.0,-8.0,-0.775,-1.25,1.5000000000000002,1.7499999999999996,nodo,CEFALU`
2024-06,REG,N_F047351D32A4,109,109,0,0,0,0,0,27,14,67,14,6,3,2,1,249.0,275.0,-26.0,-0.2435677530017153,-2.0,4.800000000000001,9.34999999999999,nodo,NAPOLI CENTRALE
2024-06,REG,N_F05F8C811D2B,17,17,0,0,0,0,0,13,3,1,3,2,2,0,0,60.0,1.0,59.0,3.458333333333333,1.75,8.899999999999999,12.199999999999996,nodo,VARESE NORD
2024-06,REG,N_F0893AF956E9,8,8,0,0,0,0,0,5,0,3,0,0,0,0,0,8.0,11.0,-3.0,0.16666666666666674,-0.5,1.7,1.8499999999999999,nodo,PERUGIA
2024-06,REG,N_F0AD5A3868AC,1,1,0,0,0,0,0,1,0,0,0,0,0,0,0,0.0,0.0,0.0,0.0,0.0,0.0,0.0,nodo,GIARRE RIPOSTO
2024-06,REG,N_F31958C1911C,31,31,0,0,0,0,0,15,5,11,5,1,1,1,1,113.0,46.0,67.0,2.399159663865546,1.0,5.050000000000002,16.099999999999987,nodo,FOSSANO
2024-06,REG,N_F5ADCC2F8BB9,25,25,0,0,0,0,0,21,2,2,2,0,0,0,0,49.0,2.0,47.0,1.8621794871794872,1.0,3.5,5.2499999999999964,nodo,SASSUOLO
2024-06,REG,N_F5BB85C04F38,28,28,0,0,0,0,0,19,7,2,7,5,1,0,0,119.0,14.0,105.0,4.0055555555555555,3.0,10.150000000000002,11.849999999999998,nodo,CAMNAGO LENTATE
2024-06,REG,N_F5C11A0AB557,83,83,0,0,0,0,0,32,22,29,22,12,7,1,0,346.0,49.0,297.0,3.621212121212121,1.5,13.400000000000006,16.050000000000004,nodo,LECCO
2024-06,REG,N_F5C7A152B223,22,22,0,0,0,0,0,6,0,16,0,0,0,0,0,6.0,43.0,-37.0,-1.8504273504273505,-2.0,0.6000000000000005,1.0999999999999996,nodo,LAMEZIA TERME CENTRALE
2024-06,REG,N_F6337151F5AF,4,4,0,0,0,0,0,3,0,1,0,0,0,0,0,7.0,4.0,3.0,0.75,0.75,2.15,2.325,nodo,CROTONE
2024-06,REG,N_F6ABE6CB9A86,6,6,0,0,0,0,0,2,3,1,3,1,1,0,0,34.0,3.0,31.0,4.125,3.75,9.05,9.774999999999999,nodo,CIVITANOVA MARCHE
2024-06,REG,N_F6BAB1C5673F,87,87,0,0,0,0,0,50,17,18,17,5,4,0,0,255.0,29.0,226.0,2.661129568106312,2.0,6.850000000000001,12.699999999999978,nodo,BRESCIA
2024-06,REG,N_F6D345743682,57,57,0,0,0,0,0,24,4,29,4,2,0,0,0,61.0,85.0,-24.0,-0.467741935483871,-0.5,3.0,4.625,nodo,MESSINA CENTRALE
2024-06,REG,N_F718286AD2AD,2,2,0,0,0,0,0,1,0,1,0,0,0,0,0,1.0,1.0,0.0,0.0,0.0,0.0,0.0,nodo,POTENZA SUPERIORE
2024-06,REG,N_F72F5507B973,1,1,0,0,0,0,0,0,0,1,0,0,0,0,0,0.0,2.0,-2.0,-2.0,-2.0,-2.0,-2.0,nodo,SELLA DI CORNO
2024-06,REG,N_F79848B7185D,58,58,0,0,0,0,0,35,5,18,5,0,0,0,0,81.0,40.0,41.0,0.7068965517241379,1.0,3.6999999999999993,5.399999999999997,nodo,VARESE
2024-06,REG,N_F7A1B3B0EA1F,7,7,0,0,0,0,0,1,0,6,0,0,0,0,0,1.0,11.0,-10.0,-1.5416666666666667,-2.0,-0.4999999999999998,-0.25000000000000044,nodo,SAN GAVINO
2024-06,REG,N_F7AD6966E265,2,2,0,0,0,0,0,1,1,0,1,0,0,0,0,8.0,0.0,8.0,4.0,4.0,4.8,4.9,nodo,COLLEGNO
2024-06,REG,N_F7F1CF1BD4BA,3,3,0,0,0,0,0,1,0,2,0,0,0,0,0,1.0,8.0,-7.0,-1.5,-1.5,-0.7,-0.6000000000000001,nodo,CALTAGIRONE
2024-06,REG,N_F80F4BC5A58C,1,1,0,0,0,0,0,0,1,0,1,0,0,0,0,7.0,0.0,7.0,7.0,7.0,7.0,7.0,nodo,MONTEROSSO
2024-06,REG,N_F81D5A7930D5,43,43,0,0,0,0,0,19,0,24,0,0,0,0,0,23.0,60.0,-37.0,-0.8430735930735931,-0.25,1.0,2.4499999999999993,nodo,PUNTA RAISI
2024-06,REG,N_F8A251096935,27,27,0,0,0,0,0,16,10,1,10,7,2,0,0,142.0,3.0,139.0,5.112637362637363,2.5,10.4,14.074999999999989,nodo,COMO NORD LAGO
2024-06,REG,N_F8EA68484F28,25,25,0,0,0,0,0,11,2,11,2,2,2,2,0,93.0,37.0,56.0,2.3333333333333335,-0.25,15.950000000000006,20.874999999999996,nodo,IVREA
2024-06,REG,N_FA17B199D7D8,50,50,0,0,0,0,0,18,11,21,11,6,0,0,0,142.0,76.0,66.0,1.2708333333333333,1.0,7.85,9.174999999999999,nodo,FERRARA
2024-06,REG,N_FAD79C6DA063,4,4,0,0,0,0,0,2,1,1,1,0,0,0,0,7.0,1.0,6.0,1.5,1.5,2.3000000000000003,2.4,nodo,ISEO
2024-06,REG,N_FBACCF9B6EC3,18,18,0,0,0,0,0,8,1,9,1,0,0,0,0,20.0,15.0,5.0,0.2792207792207792,-0.5,3.2,3.8499999999999996,nodo,S.AGATA M.
2024-06,REG,N_FD6869CBE7DB,5,5,0,0,0,0,0,1,2,2,2,1,0,0,0,16.0,4.0,12.0,2.5,1.0,6.2,6.85,nodo,ACQUI TERME
2024-06,REG,N_FE3300C7FF4C,5,5,0,0,0,0,0,0,0,5,0,0,0,0,0,0.0,18.0,-18.0,-3.583333333333333,-3.25,-2.6500000000000004,-2.575,nodo,VAIRANO
2024-06,REG,N_FE865763BA15,9,9,0,0,0,0,0,1,2,6,2,0,0,0,0,13.0,15.0,-2.0,-0.09999999999999998,-0.25,3.25,3.6249999999999996,nodo,MINTURNO
2024-06,REG,N_FEBDC4EA7CA2,107,107,0,0,0,0,0,35,25,46,25,16,14,5,1,550.0,138.0,412.0,3.864672364672365,0.5,17.1,27.899999999999952,nodo,TORINO P.NUOVA
2024-06,REG,N_FEC97616C4E4,5,5,0,0,0,0,0,3,1,1,1,0,0,0,0,10.0,1.0,9.0,1.5,1.0,2.6,2.8,nodo,SERMIDE
2024-06,REG,N_FF7C08698F8E,14,14,0,0,0,0,0,7,0,7,0,0,0,0,0,14.0,15.0,-1.0,-0.07142857142857145,-0.5,2.7,2.8499999999999996,nodo,TERAMO
2024-06,REG,N_FFAC7F2CA52E,3,3,0,0,0,0,0,1,1,1,1,1,0,0,0,13.0,3.0,10.0,1.75,1.75,4.35,4.675,nodo,NOVATE M.SE
2024-06,,N_188AB87A65BC,3,3,0,0,0,0,0,0,0,3,0,0,0,0,0,0.0,15.0,-15.0,-4.75,-4.75,-2.95,-2.725,nodo,UDINE
2024-06,,N_190F2FC36516,1,1,0,0,0,0,0,0,1,0,1,1,0,0,0,13.0,0.0,13.0,13.0,13.0,13.0,13.0,nodo,BATTIPAGLIA
2024-06,,N_244C15F9662C,1,1,0,0,0,0,0,0,1,0,1,1,0,0,0,12.0,0.0,12.0,12.0,12.0,12.0,12.0,nodo,SIBARI
2024-06,,N_26FAC2401D1E,40,40,0,0,0,0,0,13,19,8,19,12,5,1,0,292.0,32.0,260.0,6.546365914786968,4.0,17.299999999999997,22.349999999999973,nodo,VENEZIA SANTA LUCIA
2024-06,,N_29D6951DFB5A,7,7,0,0,0,0,0,2,3,2,3,3,1,0,0,39.0,10.0,29.0,3.25,3.0,6.950000000000001,7.475,nodo,TRIESTE CENTRALE
2024-06,,N_2B5A38574141,5,5,0,0,0,0,0,0,3,2,3,1,1,0,0,42.0,9.0,33.0,6.583333333333334,1.75,15.15,16.825,nodo,BARI CENTRALE
2024-06,,N_55C18CEAEA1C,1,1,0,0,0,0,0,1,0,0,0,0,0,0,0,2.0,0.0,2.0,2.0,2.0,2.0,2.0,nodo,BENEVENTO
2024-06,,N_66EFE7185ACC,7,7,0,0,0,0,0,2,3,2,3,3,0,0,0,38.0,4.0,34.0,3.55,5.25,7.25,7.624999999999999,nodo,GENOVA P.PRINCIPE
2024-06,,N_6DAD4A05816E,3,3,0,0,0,0,0,0,1,2,1,0,0,0,0,7.0,5.0,2.0,2.25,2.25,2.85,2.925,nodo,FIRENZE S.M.N.
2024-06,,N_6DCA844AE5BC,3,3,0,0,0,0,0,0,2,1,2,2,2,1,0,48.0,1.0,47.0,16.25,16.25,22.450000000000003,23.225,nodo,TARANTO
2024-06,,N_72DA38E192FF,2,2,0,0,0,0,0,0,0,2,0,0,0,0,0,0.0,15.0,-15.0,-7.5,-7.5,-5.5,-5.25,nodo,PESCARA
2024-06,,N_ACF3D2764DA3,65,65,0,0,0,0,0,15,25,25,25,18,9,1,0,369.0,124.0,245.0,3.8269230769230766,1.25,17.300000000000004,22.375,nodo,MILANO CENTRALE
2024-06,,N_AF7C7C87621E,3,3,0,0,0,0,0,1,0,2,0,0,0,0,0,3.0,3.0,0.0,-0.5,-0.5,0.3,0.3999999999999999,nodo,FIUMICINO AEROPORTO
2024-06,,N_BF0DC42C9523,13,13,0,0,0,0,0,5,5,3,5,4,2,1,0,108.0,12.0,96.0,7.321428571428571,3.5,20.1,26.05,nodo,LECCE
2024-06,,N_C03F51FB3BED,10,10,0,0,0,0,0,3,5,2,5,4,3,0,0,88.0,12.0,76.0,7.875,7.5,18.950000000000003,20.975,nodo,SALERNO
2024-06,,N_C22D4B09E695,1,1,0,0,0,0,0,1,0,0,0,0,0,0,0,4.0,0.0,4.0,4.0,4.0,4.0,4.0,nodo,MANTOVA
2024-06,,N_C35DAF060D8A,2,2,0,0,0,0,0,0,2,0,2,2,1,1,0,64.0,0.0,64.0,32.0,32.0,32.0,32.0,nodo,GENOVA BRIGNOLE
2024-06,,N_D0B06A5290BB,1,1,0,0,0,0,0,0,0,1,0,0,0,0,0,0.0,6.0,-6.0,-6.0,-6.0,-6.0,-6.0,nodo,RAVENNA
2024-06,,N_DD6564CDFB93,2,2,0,0,0,0,0,1,0,1,0,0,0,0,0,1.0,11.0,-10.0,-5.0,-5.0,-0.1999999999999997,0.3999999999999994,nodo,ANCONA
2024-06,,N_DEBAB2A3D4C0,12,12,0,0,0,0,0,3,4,5,4,2,1,1,0,74.0,32.0,42.0,2.428571428571429,-1.5,12.700000000000006,18.849999999999987,nodo,REGGIO CALABRIA CENTRALE
2024-06,,N_E903EB64CBF3,49,49,0,0,0,0,0,13,17,19,17,11,7,3,1,358.0,81.0,277.0,4.976190476190475,1.0,16.15,20.45,nodo,ROMA TERMINI
2024-06,,N_EE539AC676E9,9,9,0,0,0,0,0,2,3,4,3,1,0,0,0,27.0,19.0,8.0,0.825,0.0,6.700000000000001,7.849999999999998,nodo,BOLZANO
2024-06,,N_F047351D32A4,35,35,0,0,0,0,0,7,14,14,14,6,3,1,0,175.0,75.0,100.0,2.908496732026144,0.75,13.05,17.59999999999998,nodo,NAPOLI CENTRALE
2024-06,,N_F0893AF956E9,1,1,0,0,0,0,0,1,0,0,0,0,0,0,0,4.0,0.0,4.0,4.0,4.0,4.0,4.0,nodo,PERUGIA
2024-06,,N_F6BAB1C5673F,2,2,0,0,0,0,0,0,2,0,2,0,0,0,0,11.0,0.0,11.0,5.5,5.5,5.9,5.95,nodo,BRESCIA
2024-06,,N_FEBDC4EA7CA2,38,38,0,0,0,0,0,12,20,6,20,13,9,4,1,419.0,20.0,399.0,10.5,5.0,28.5,34.89999999999995,nodo,TORINO P.NUOVA
