giorno,ora,categoria,bucket_ritardo_arrivo,count,minuti_ritardo,minuti_anticipo
2026-02-13,13:00,IC,"(10,15]",1,12,0
2026-02-13,14:00,FR,"(1,5]",1,2,0
2026-02-13,15:00,ICN,"(-10,-5]",1,0,7
2026-02-13,16:00,IC,"(-15,-10]",1,0,10
2026-02-13,16:00,IC,"(30,60]",1,32,0
2026-02-13,16:00,ICN,"(30,60]",1,44,0
2026-02-13,17:00,IC,"(-10,-5]",2,0,12
2026-02-13,18:00,ICN,"(-1,0]",1,0,0
2026-02-13,19:00,FR,"(-1,0]",1,0,0
2026-02-13,19:00,IC,"(-1,0]",1,0,0
2026-02-13,19:00,ICN,"(5,10]",2,16,0
2026-02-13,20:00,EXP,"(10,15]",1,11,0
2026-02-13,20:00,IC,"(-5,-1]",1,0,2
2026-02-13,20:00,IC,"(15,30]",2,54,0
2026-02-13,20:00,IC,"(5,10]",1,7,0
2026-02-13,20:00,ICN,"(-10,-5]",2,0,13
2026-02-13,20:00,ICN,"(-5,-1]",1,0,3
2026-02-13,20:00,ICN,"(10,15]",2,26,0
2026-02-13,20:00,REG,"(-5,-1]",1,0,2
2026-02-13,21:00,ICN,"(-10,-5]",1,0,6
2026-02-13,21:00,ICN,"(-5,-1]",1,0,2
2026-02-13,21:00,REG,"(1,5]",2,9,0
2026-02-13,21:00,REG,"(5,10]",1,10,0
2026-02-13,22:00,IC,"(-5,-1]",1,0,3
2026-02-13,22:00,ICN,"(-10,-5]",1,0,5
2026-02-13,22:00,REG,"(-1,0]",1,0,0
2026-02-13,22:00,REG,"(-5,-1]",9,0,22
2026-02-13,22:00,REG,"(0,1]",3,3,0
2026-02-13,22:00,REG,"(1,5]",5,18,0
2026-02-13,22:00,REG,"(5,10]",2,15,0
2026-02-13,23:00,IC,"(30,60]",1,50,0
2026-02-13,23:00,ICN,"(-10,-5]",1,0,8
2026-02-13,23:00,REG,"(-1,0]",7,0,0
2026-02-13,23:00,REG,"(-10,-5]",6,0,37
2026-02-13,23:00,REG,"(-5,-1]",27,0,50
2026-02-13,23:00,REG,"(0,1]",11,11,0
2026-02-13,23:00,REG,"(1,5]",11,29,0
2026-02-13,23:00,REG,"(15,30]",1,29,0
2026-02-13,23:00,REG,"(5,10]",5,38,0
2026-02-14,00:00,IC,"(-5,-1]",1,0,2
2026-02-14,00:00,REG,"(-1,0]",3,0,0
2026-02-14,00:00,REG,"(-10,-5]",5,0,29
2026-02-14,00:00,REG,"(-5,-1]",29,0,56
2026-02-14,00:00,REG,"(0,1]",6,6,0
2026-02-14,00:00,REG,"(1,5]",11,30,0
2026-02-14,00:00,REG,"(5,10]",4,25,0
2026-02-14,01:00,NCL,"(-60,-30]",1,0,42
2026-02-14,01:00,REG,"(-1,0]",4,0,0
2026-02-14,01:00,REG,"(-5,-1]",15,0,29
2026-02-14,01:00,REG,"(0,1]",6,6,0
2026-02-14,01:00,REG,"(1,5]",5,14,0
2026-02-14,01:00,REG,"(15,30]",1,23,0
2026-02-14,01:00,REG,"(30,60]",1,40,0
2026-02-14,01:00,REG,"(5,10]",3,19,0
2026-02-14,02:00,REG,"(-1,0]",2,0,0
2026-02-14,02:00,REG,"(-5,-1]",5,0,12
2026-02-14,02:00,REG,"(0,1]",1,1,0
2026-02-14,02:00,REG,"(1,5]",2,7,0
2026-02-14,03:00,NCL,"(1,5]",1,2,0
2026-02-14,03:00,REG,"(-5,-1]",2,0,2
2026-02-14,03:00,REG,"(0,1]",1,1,0
2026-02-14,03:00,REG,"(1,5]",1,5,0
2026-02-14,03:00,REG,"(10,15]",1,15,0
2026-02-14,04:00,IC,"(1,5]",1,4,0
2026-02-14,04:00,IC,"(5,10]",1,6,0
2026-02-14,04:00,REG,"(-1,0]",6,0,0
2026-02-14,04:00,REG,"(-10,-5]",4,0,25
2026-02-14,04:00,REG,"(-5,-1]",23,0,58
2026-02-14,04:00,REG,"(0,1]",10,10,0
2026-02-14,04:00,REG,"(1,5]",15,48,0
2026-02-14,04:00,REG,"(10,15]",1,11,0
2026-02-14,04:00,REG,"(15,30]",3,65,0
2026-02-14,04:00,REG,"(30,60]",2,88,0
2026-02-14,04:00,REG,"(5,10]",5,37,0
2026-02-14,05:00,EN,"(30,60]",1,36,0
2026-02-14,05:00,FB,"(60,120]",1,112,0
2026-02-14,05:00,FR,"(-5,-1]",3,0,4
2026-02-14,05:00,FR,"(0,1]",1,1,0
2026-02-14,05:00,FR,"(1,5]",3,9,0
2026-02-14,05:00,FR,"(10,15]",1,14,0
2026-02-14,05:00,FR,"(15,30]",1,19,0
2026-02-14,05:00,FR,"(30,60]",3,164,0
2026-02-14,05:00,FR,"(5,10]",1,7,0
2026-02-14,05:00,FR,"(60,120]",6,654,0
2026-02-14,05:00,FR,> 120,1,176,0
2026-02-14,05:00,IC,"(-5,-1]",3,0,10
2026-02-14,05:00,IC,"(10,15]",1,14,0
2026-02-14,05:00,IC,"(30,60]",2,72,0
2026-02-14,05:00,IC,"(5,10]",1,10,0
2026-02-14,05:00,IC,"(60,120]",1,86,0
2026-02-14,05:00,ICN,"(1,5]",1,3,0
2026-02-14,05:00,MET,"(-5,-1]",2,0,3
2026-02-14,05:00,MET,"(0,1]",4,4,0
2026-02-14,05:00,MET,"(1,5]",2,4,0
2026-02-14,05:00,REG,"(-1,0]",49,0,0
2026-02-14,05:00,REG,"(-10,-5]",18,0,120
2026-02-14,05:00,REG,"(-15,-10]",2,0,22
2026-02-14,05:00,REG,"(-5,-1]",141,0,282
2026-02-14,05:00,REG,"(0,1]",53,53,0
2026-02-14,05:00,REG,"(1,5]",106,346,0
2026-02-14,05:00,REG,"(10,15]",12,157,0
2026-02-14,05:00,REG,"(15,30]",8,177,0
2026-02-14,05:00,REG,"(30,60]",1,34,0
2026-02-14,05:00,REG,"(5,10]",26,200,0
2026-02-14,06:00,EXP,"(-15,-10]",1,0,12
2026-02-14,06:00,FA,"(-1,0]",1,0,0
2026-02-14,06:00,FA,"(30,60]",1,46,0
2026-02-14,06:00,FB,"(-1,0]",1,0,0
2026-02-14,06:00,FR,"(-1,0]",1,0,0
2026-02-14,06:00,FR,"(-5,-1]",3,0,7
2026-02-14,06:00,FR,"(0,1]",1,1,0
2026-02-14,06:00,FR,"(1,5]",2,9,0
2026-02-14,06:00,FR,"(10,15]",3,40,0
2026-02-14,06:00,FR,"(15,30]",1,20,0
2026-02-14,06:00,FR,"(30,60]",3,127,0
2026-02-14,06:00,FR,"(5,10]",3,25,0
2026-02-14,06:00,FR,"(60,120]",8,712,0
2026-02-14,06:00,FR,> 120,3,561,0
2026-02-14,06:00,IC,"(-1,0]",1,0,0
2026-02-14,06:00,IC,"(-30,-15]",1,0,15
2026-02-14,06:00,IC,"(-5,-1]",1,0,4
2026-02-14,06:00,IC,"(0,1]",1,1,0
2026-02-14,06:00,IC,"(10,15]",3,37,0
2026-02-14,06:00,IC,"(15,30]",1,18,0
2026-02-14,06:00,IC,"(30,60]",2,100,0
2026-02-14,06:00,IC,"(5,10]",1,7,0
2026-02-14,06:00,MET,"(-1,0]",2,0,0
2026-02-14,06:00,MET,"(-10,-5]",1,0,9
2026-02-14,06:00,MET,"(-5,-1]",3,0,5
2026-02-14,06:00,MET,"(0,1]",2,2,0
2026-02-14,06:00,MET,"(1,5]",6,16,0
2026-02-14,06:00,REG,"(-1,0]",49,0,0
2026-02-14,06:00,REG,"(-10,-5]",26,0,152
2026-02-14,06:00,REG,"(-15,-10]",1,0,11
2026-02-14,06:00,REG,"(-30,-15]",1,0,15
2026-02-14,06:00,REG,"(-5,-1]",196,0,413
2026-02-14,06:00,REG,"(0,1]",62,62,0
2026-02-14,06:00,REG,"(1,5]",183,589,0
2026-02-14,06:00,REG,"(10,15]",6,84,0
2026-02-14,06:00,REG,"(15,30]",12,266,0
2026-02-14,06:00,REG,"(30,60]",8,324,0
2026-02-14,06:00,REG,"(5,10]",38,289,0
2026-02-14,06:00,REG,"(60,120]",1,100,0
2026-02-14,07:00,EC,"(-5,-1]",2,0,7
2026-02-14,07:00,EC,"(0,1]",1,1,0
2026-02-14,07:00,EC,"(1,5]",1,5,0
2026-02-14,07:00,EC,"(15,30]",1,18,0
2026-02-14,07:00,FA,"(60,120]",1,103,0
2026-02-14,07:00,FA,> 120,1,122,0
2026-02-14,07:00,FR,"(-10,-5]",1,0,5
2026-02-14,07:00,FR,"(-30,-15]",1,0,18
2026-02-14,07:00,FR,"(-5,-1]",1,0,2
2026-02-14,07:00,FR,"(1,5]",1,3,0
2026-02-14,07:00,FR,"(15,30]",2,40,0
2026-02-14,07:00,FR,"(30,60]",4,200,0
2026-02-14,07:00,FR,"(5,10]",1,8,0
2026-02-14,07:00,FR,"(60,120]",6,518,0
2026-02-14,07:00,FR,> 120,4,753,0
2026-02-14,07:00,IC,"(-10,-5]",1,0,6
2026-02-14,07:00,IC,"(-5,-1]",2,0,6
2026-02-14,07:00,IC,"(1,5]",1,3,0
2026-02-14,07:00,IC,"(10,15]",1,12,0
2026-02-14,07:00,IC,"(30,60]",1,44,0
2026-02-14,07:00,IC,"(5,10]",3,23,0
2026-02-14,07:00,MET,"(-1,0]",3,0,0
2026-02-14,07:00,MET,"(-10,-5]",1,0,5
2026-02-14,07:00,MET,"(-5,-1]",5,0,11
2026-02-14,07:00,MET,"(0,1]",3,3,0
2026-02-14,07:00,MET,"(1,5]",1,4,0
2026-02-14,07:00,MET,"(5,10]",1,9,0
2026-02-14,07:00,REG,"(-1,0]",47,0,0
2026-02-14,07:00,REG,"(-10,-5]",21,0,126
2026-02-14,07:00,REG,"(-15,-10]",2,0,23
2026-02-14,07:00,REG,"(-5,-1]",170,0,333
2026-02-14,07:00,REG,"(0,1]",59,59,0
2026-02-14,07:00,REG,"(1,5]",127,393,0
2026-02-14,07:00,REG,"(10,15]",7,83,0
2026-02-14,07:00,REG,"(15,30]",13,280,0
2026-02-14,07:00,REG,"(30,60]",3,130,0
2026-02-14,07:00,REG,"(5,10]",39,285,0
2026-02-14,08:00,EC,"(-5,-1]",1,0,4
2026-02-14,08:00,EC,"(0,1]",1,1,0
2026-02-14,08:00,EC,"(15,30]",1,25,0
2026-02-14,08:00,FA,"(30,60]",1,60,0
2026-02-14,08:00,FR,"(-5,-1]",1,0,2
2026-02-14,08:00,FR,"(1,5]",1,3,0
2026-02-14,08:00,FR,"(30,60]",1,46,0
2026-02-14,08:00,FR,"(5,10]",2,17,0
2026-02-14,08:00,FR,"(60,120]",3,255,0
2026-02-14,08:00,FR,> 120,4,675,0
2026-02-14,08:00,IC,"(-1,0]",1,0,0
2026-02-14,08:00,IC,"(-15,-10]",1,0,13
2026-02-14,08:00,IC,"(1,5]",2,5,0
2026-02-14,08:00,IC,"(5,10]",1,6,0
2026-02-14,08:00,MET,"(-1,0]",1,0,0
2026-02-14,08:00,MET,"(-10,-5]",1,0,5
2026-02-14,08:00,MET,"(-5,-1]",6,0,14
2026-02-14,08:00,MET,"(0,1]",3,3,0
2026-02-14,08:00,MET,"(1,5]",3,7,0
2026-02-14,08:00,REG,"(-1,0]",38,0,0
2026-02-14,08:00,REG,"(-10,-5]",23,0,130
2026-02-14,08:00,REG,"(-5,-1]",160,0,322
2026-02-14,08:00,REG,"(0,1]",53,53,0
2026-02-14,08:00,REG,"(1,5]",112,348,0
2026-02-14,08:00,REG,"(10,15]",4,52,0
2026-02-14,08:00,REG,"(15,30]",10,225,0
2026-02-14,08:00,REG,"(30,60]",3,113,0
2026-02-14,08:00,REG,"(5,10]",21,147,0
2026-02-14,08:00,,"(1,5]",1,2,0
2026-02-14,09:00,EC,"(-5,-1]",1,0,3
2026-02-14,09:00,EC,"(1,5]",1,4,0
2026-02-14,09:00,EC,"(5,10]",1,6,0
2026-02-14,09:00,FR,"(10,15]",1,15,0
2026-02-14,09:00,FR,"(15,30]",1,19,0
2026-02-14,09:00,FR,"(30,60]",1,51,0
2026-02-14,09:00,FR,"(5,10]",1,6,0
2026-02-14,09:00,FR,"(60,120]",3,264,0
2026-02-14,09:00,FR,> 120,1,145,0
2026-02-14,09:00,IC,"(-1,0]",1,0,0
2026-02-14,09:00,IC,"(-10,-5]",2,0,12
2026-02-14,09:00,IC,"(-5,-1]",1,0,1
2026-02-14,09:00,IC,"(1,5]",1,2,0
2026-02-14,09:00,IC,"(5,10]",2,13,0
2026-02-14,09:00,IC,"(60,120]",1,77,0
2026-02-14,09:00,MET,"(-1,0]",1,0,0
2026-02-14,09:00,MET,"(-10,-5]",1,0,8
2026-02-14,09:00,MET,"(-5,-1]",5,0,10
2026-02-14,09:00,MET,"(0,1]",2,2,0
2026-02-14,09:00,MET,"(1,5]",3,8,0
2026-02-14,09:00,MET,"(5,10]",1,7,0
2026-02-14,09:00,REG,"(-1,0]",36,0,0
2026-02-14,09:00,REG,"(-10,-5]",17,0,100
2026-02-14,09:00,REG,"(-15,-10]",1,0,10
2026-02-14,09:00,REG,"(-5,-1]",133,0,271
2026-02-14,09:00,REG,"(0,1]",46,46,0
2026-02-14,09:00,REG,"(1,5]",86,289,0
2026-02-14,09:00,REG,"(10,15]",3,41,0
2026-02-14,09:00,REG,"(15,30]",7,166,0
2026-02-14,09:00,REG,"(30,60]",1,37,0
2026-02-14,09:00,REG,"(5,10]",30,230,0
2026-02-14,09:00,REG,"(60,120]",3,260,0
2026-02-14,10:00,EC,"(-5,-1]",1,0,3
2026-02-14,10:00,EC,"(0,1]",1,1,0
2026-02-14,10:00,EC,"(15,30]",1,22,0
2026-02-14,10:00,EC,"(5,10]",1,10,0
2026-02-14,10:00,FA,"(60,120]",1,68,0
2026-02-14,10:00,FR,"(-1,0]",1,0,0
2026-02-14,10:00,FR,"(0,1]",1,1,0
2026-02-14,10:00,FR,"(10,15]",1,13,0
2026-02-14,10:00,FR,"(15,30]",1,27,0
2026-02-14,10:00,FR,"(5,10]",1,10,0
2026-02-14,10:00,FR,"(60,120]",2,186,0
2026-02-14,10:00,FR,> 120,5,842,0
2026-02-14,10:00,IC,"(0,1]",1,1,0
2026-02-14,10:00,IC,"(1,5]",5,19,0
2026-02-14,10:00,IC,"(15,30]",1,23,0
2026-02-14,10:00,MET,"(-5,-1]",3,0,9
2026-02-14,10:00,MET,"(0,1]",3,3,0
2026-02-14,10:00,MET,"(1,5]",4,12,0
2026-02-14,10:00,MET,"(5,10]",1,6,0
2026-02-14,10:00,REG,"(-1,0]",50,0,0
2026-02-14,10:00,REG,"(-10,-5]",21,0,126
2026-02-14,10:00,REG,"(-5,-1]",99,0,188
2026-02-14,10:00,REG,"(0,1]",36,36,0
2026-02-14,10:00,REG,"(1,5]",68,214,0
2026-02-14,10:00,REG,"(10,15]",6,73,0
2026-02-14,10:00,REG,"(15,30]",6,125,0
2026-02-14,10:00,REG,"(30,60]",4,180,0
2026-02-14,10:00,REG,"(5,10]",25,183,0
2026-02-14,11:00,EC,"(-5,-1]",1,0,2
2026-02-14,11:00,EC,"(0,1]",1,1,0
2026-02-14,11:00,EC,"(1,5]",2,8,0
2026-02-14,11:00,EC,"(15,30]",1,18,0
2026-02-14,11:00,FB,"(15,30]",1,20,0
2026-02-14,11:00,FR,"(-1,0]",1,0,0
2026-02-14,11:00,FR,"(1,5]",2,10,0
2026-02-14,11:00,FR,"(15,30]",2,41,0
2026-02-14,11:00,FR,"(5,10]",1,9,0
2026-02-14,11:00,FR,"(60,120]",3,259,0
2026-02-14,11:00,FR,> 120,1,145,0
2026-02-14,11:00,IC,"(-1,0]",1,0,0
2026-02-14,11:00,IC,"(-10,-5]",1,0,5
2026-02-14,11:00,IC,"(0,1]",1,1,0
2026-02-14,11:00,IC,"(1,5]",3,9,0
2026-02-14,11:00,IC,"(15,30]",2,41,0
2026-02-14,11:00,MET,"(-10,-5]",2,0,14
2026-02-14,11:00,MET,"(-5,-1]",2,0,3
2026-02-14,11:00,MET,"(0,1]",1,1,0
2026-02-14,11:00,MET,"(1,5]",4,12,0
2026-02-14,11:00,MET,"(10,15]",1,15,0
2026-02-14,11:00,REG,"(-1,0]",40,0,0
2026-02-14,11:00,REG,"(-10,-5]",18,0,104
2026-02-14,11:00,REG,"(-15,-10]",2,0,22
2026-02-14,11:00,REG,"(-5,-1]",129,0,259
2026-02-14,11:00,REG,"(0,1]",39,39,0
2026-02-14,11:00,REG,"(1,5]",80,241,0
2026-02-14,11:00,REG,"(10,15]",6,71,0
2026-02-14,11:00,REG,"(15,30]",8,162,0
2026-02-14,11:00,REG,"(30,60]",4,142,0
2026-02-14,11:00,REG,"(5,10]",16,113,0
2026-02-14,11:00,REG,"(60,120]",2,172,0
2026-02-14,12:00,EC,"(0,1]",1,1,0
2026-02-14,12:00,EC,"(15,30]",1,16,0
2026-02-14,12:00,ECFR,"(10,15]",1,14,0
2026-02-14,12:00,FB,"(60,120]",1,106,0
2026-02-14,12:00,FR,"(-1,0]",1,0,0
2026-02-14,12:00,FR,"(1,5]",2,7,0
2026-02-14,12:00,FR,"(5,10]",1,6,0
2026-02-14,12:00,FR,"(60,120]",2,166,0
2026-02-14,12:00,FR,> 120,1,133,0
2026-02-14,12:00,IC,"(-1,0]",2,0,0
2026-02-14,12:00,IC,"(15,30]",1,22,0
2026-02-14,12:00,ICN,"(-10,-5]",1,0,6
2026-02-14,12:00,MET,"(-1,0]",2,0,0
2026-02-14,12:00,MET,"(-5,-1]",5,0,12
2026-02-14,12:00,MET,"(0,1]",2,2,0
2026-02-14,12:00,MET,"(1,5]",2,5,0
2026-02-14,12:00,REG,"(-1,0]",50,0,0
2026-02-14,12:00,REG,"(-10,-5]",19,0,117
2026-02-14,12:00,REG,"(-30,-15]",1,0,20
2026-02-14,12:00,REG,"(-5,-1]",164,0,322
2026-02-14,12:00,REG,"(0,1]",50,50,0
2026-02-14,12:00,REG,"(1,5]",121,350,0
2026-02-14,12:00,REG,"(10,15]",3,41,0
2026-02-14,12:00,REG,"(15,30]",10,225,0
2026-02-14,12:00,REG,"(30,60]",3,99,0
2026-02-14,12:00,REG,"(5,10]",18,140,0
2026-02-14,13:00,EC,"(-1,0]",1,0,0
2026-02-14,13:00,EC,"(-15,-10]",1,0,12
2026-02-14,13:00,EC,"(-5,-1]",1,0,4
2026-02-14,13:00,EC,"(1,5]",1,2,0
2026-02-14,13:00,FA,"(60,120]",1,97,0
2026-02-14,13:00,FB,"(1,5]",1,2,0
2026-02-14,13:00,FB,"(5,10]",1,10,0
2026-02-14,13:00,FR,"(-1,0]",1,0,0
2026-02-14,13:00,FR,"(-5,-1]",1,0,4
2026-02-14,13:00,FR,"(1,5]",2,7,0
2026-02-14,13:00,FR,"(60,120]",7,763,0
2026-02-14,13:00,FR,> 120,1,161,0
2026-02-14,13:00,IC,"(-5,-1]",2,0,3
2026-02-14,13:00,IC,"(0,1]",1,1,0
2026-02-14,13:00,IC,"(1,5]",1,2,0
2026-02-14,13:00,IC,"(10,15]",1,12,0
2026-02-14,13:00,ICN,"(15,30]",1,22,0
2026-02-14,13:00,MET,"(-1,0]",2,0,0
2026-02-14,13:00,MET,"(-10,-5]",2,0,14
2026-02-14,13:00,MET,"(-5,-1]",4,0,6
2026-02-14,13:00,MET,"(0,1]",4,4,0
2026-02-14,13:00,REG,"(-1,0]",62,0,0
2026-02-14,13:00,REG,"(-10,-5]",32,0,188
2026-02-14,13:00,REG,"(-5,-1]",180,0,376
2026-02-14,13:00,REG,"(0,1]",55,55,0
2026-02-14,13:00,REG,"(1,5]",120,377,0
2026-02-14,13:00,REG,"(10,15]",5,61,0
2026-02-14,13:00,REG,"(15,30]",9,174,0
2026-02-14,13:00,REG,"(30,60]",4,164,0
2026-02-14,13:00,REG,"(5,10]",24,173,0
2026-02-14,13:00,REG,"(60,120]",2,162,0
2026-02-14,14:00,EC,"(-5,-1]",1,0,1
2026-02-14,14:00,EC,"(5,10]",1,8,0
2026-02-14,14:00,FR,"(-1,0]",2,0,0
2026-02-14,14:00,FR,"(1,5]",2,7,0
2026-02-14,14:00,FR,"(15,30]",1,29,0
2026-02-14,14:00,FR,"(30,60]",3,127,0
2026-02-14,14:00,FR,"(5,10]",1,7,0
2026-02-14,14:00,FR,"(60,120]",3,324,0
2026-02-14,14:00,IC,"(-10,-5]",1,0,9
2026-02-14,14:00,IC,"(0,1]",1,1,0
2026-02-14,14:00,IC,"(5,10]",1,6,0
2026-02-14,14:00,MET,"(-1,0]",3,0,0
2026-02-14,14:00,MET,"(-5,-1]",4,0,7
2026-02-14,14:00,MET,"(0,1]",4,4,0
2026-02-14,14:00,MET,"(1,5]",2,5,0
2026-02-14,14:00,REG,"(-1,0]",47,0,0
2026-02-14,14:00,REG,"(-10,-5]",13,0,75
2026-02-14,14:00,REG,"(-15,-10]",2,0,21
2026-02-14,14:00,REG,"(-5,-1]",156,0,281
2026-02-14,14:00,REG,"(0,1]",63,63,0
2026-02-14,14:00,REG,"(1,5]",107,334,0
2026-02-14,14:00,REG,"(10,15]",10,124,0
2026-02-14,14:00,REG,"(15,30]",9,190,0
2026-02-14,14:00,REG,"(30,60]",2,65,0
2026-02-14,14:00,REG,"(5,10]",26,193,0
2026-02-14,14:00,REG,"(60,120]",1,75,0
2026-02-14,15:00,EC,"(-10,-5]",1,0,9
2026-02-14,15:00,EC,"(-5,-1]",1,0,3
2026-02-14,15:00,EC,"(0,1]",2,2,0
2026-02-14,15:00,EC,"(1,5]",1,5,0
2026-02-14,15:00,EC,"(10,15]",1,12,0
2026-02-14,15:00,FA,"(-1,0]",1,0,0
2026-02-14,15:00,FA,"(30,60]",1,54,0
2026-02-14,15:00,FR,"(-1,0]",1,0,0
2026-02-14,15:00,FR,"(-5,-1]",1,0,2
2026-02-14,15:00,FR,"(1,5]",3,7,0
2026-02-14,15:00,FR,"(10,15]",1,12,0
2026-02-14,15:00,FR,"(15,30]",1,20,0
2026-02-14,15:00,FR,"(30,60]",2,108,0
2026-02-14,15:00,FR,"(5,10]",2,18,0
2026-02-14,15:00,FR,"(60,120]",2,208,0
2026-02-14,15:00,IC,"(-10,-5]",2,0,15
2026-02-14,15:00,IC,"(-5,-1]",3,0,10
2026-02-14,15:00,IC,"(0,1]",1,1,0
2026-02-14,15:00,IC,"(1,5]",1,2,0
2026-02-14,15:00,IC,"(10,15]",1,14,0
2026-02-14,15:00,IC,"(60,120]",1,72,0
2026-02-14,15:00,MET,"(-1,0]",2,0,0
2026-02-14,15:00,MET,"(-10,-5]",1,0,5
2026-02-14,15:00,MET,"(-5,-1]",9,0,16
2026-02-14,15:00,REG,"(-1,0]",56,0,0
2026-02-14,15:00,REG,"(-10,-5]",22,0,131
2026-02-14,15:00,REG,"(-15,-10]",2,0,21
2026-02-14,15:00,REG,"(-5,-1]",148,0,291
2026-02-14,15:00,REG,"(0,1]",38,38,0
2026-02-14,15:00,REG,"(1,5]",114,356,0
2026-02-14,15:00,REG,"(10,15]",4,49,0
2026-02-14,15:00,REG,"(15,30]",7,153,0
2026-02-14,15:00,REG,"(30,60]",1,40,0
2026-02-14,15:00,REG,"(5,10]",29,220,0
2026-02-14,15:00,REG,"(60,120]",1,81,0
2026-02-14,15:00,REG,> 120,1,154,0
2026-02-14,16:00,EC,"(-15,-10]",1,0,10
2026-02-14,16:00,EC,"(-5,-1]",2,0,5
2026-02-14,16:00,EC,"(15,30]",1,28,0
2026-02-14,16:00,EC,"(30,60]",1,39,0
2026-02-14,16:00,FB,"(60,120]",1,78,0
2026-02-14,16:00,FR,"(-1,0]",1,0,0
2026-02-14,16:00,FR,"(10,15]",1,11,0
2026-02-14,16:00,FR,"(30,60]",1,53,0
2026-02-14,16:00,FR,"(5,10]",1,6,0
2026-02-14,16:00,FR,"(60,120]",6,523,0
2026-02-14,16:00,IC,"(-10,-5]",1,0,7
2026-02-14,16:00,IC,"(-5,-1]",2,0,7
2026-02-14,16:00,IC,"(1,5]",1,2,0
2026-02-14,16:00,IC,"(15,30]",1,23,0
2026-02-14,16:00,MET,"(-1,0]",1,0,0
2026-02-14,16:00,MET,"(-5,-1]",6,0,10
2026-02-14,16:00,MET,"(0,1]",2,2,0
2026-02-14,16:00,MET,"(1,5]",2,5,0
2026-02-14,16:00,REG,"(-1,0]",45,0,0
2026-02-14,16:00,REG,"(-10,-5]",22,0,129
2026-02-14,16:00,REG,"(-15,-10]",2,0,24
2026-02-14,16:00,REG,"(-30,-15]",1,0,16
2026-02-14,16:00,REG,"(-5,-1]",149,0,304
2026-02-14,16:00,REG,"(0,1]",46,46,0
2026-02-14,16:00,REG,"(1,5]",124,377,0
2026-02-14,16:00,REG,"(10,15]",2,25,0
2026-02-14,16:00,REG,"(15,30]",7,147,0
2026-02-14,16:00,REG,"(30,60]",5,212,0
2026-02-14,16:00,REG,"(5,10]",21,152,0
2026-02-14,16:00,REG,"(60,120]",2,151,0
2026-02-14,17:00,EC,"(-5,-1]",1,0,4
2026-02-14,17:00,EC,"(1,5]",1,5,0
2026-02-14,17:00,EC,"(5,10]",1,6,0
2026-02-14,17:00,EXP,"(1,5]",1,5,0
2026-02-14,17:00,FR,"(-1,0]",1,0,0
2026-02-14,17:00,FR,"(0,1]",1,1,0
2026-02-14,17:00,FR,"(1,5]",4,16,0
2026-02-14,17:00,FR,"(10,15]",1,13,0
2026-02-14,17:00,FR,"(15,30]",3,70,0
2026-02-14,17:00,FR,"(30,60]",3,131,0
2026-02-14,17:00,FR,"(5,10]",1,8,0
2026-02-14,17:00,FR,"(60,120]",2,152,0
2026-02-14,17:00,IC,"(-10,-5]",1,0,9
2026-02-14,17:00,IC,"(1,5]",1,4,0
2026-02-14,17:00,IC,"(10,15]",1,15,0
2026-02-14,17:00,MET,"(-1,0]",2,0,0
2026-02-14,17:00,MET,"(-10,-5]",1,0,7
2026-02-14,17:00,MET,"(-5,-1]",4,0,9
2026-02-14,17:00,MET,"(0,1]",3,3,0
2026-02-14,17:00,MET,"(1,5]",4,13,0
2026-02-14,17:00,REG,"(-1,0]",46,0,0
2026-02-14,17:00,REG,"(-10,-5]",24,0,143
2026-02-14,17:00,REG,"(-15,-10]",3,0,33
2026-02-14,17:00,REG,"(-5,-1]",153,0,310
2026-02-14,17:00,REG,"(0,1]",56,56,0
2026-02-14,17:00,REG,"(1,5]",121,369,0
2026-02-14,17:00,REG,"(10,15]",7,86,0
2026-02-14,17:00,REG,"(15,30]",9,167,0
2026-02-14,17:00,REG,"(30,60]",6,239,0
2026-02-14,17:00,REG,"(5,10]",32,238,0
2026-02-14,17:00,REG,"(60,120]",1,104,0
2026-02-14,18:00,EC,"(-1,0]",1,0,0
2026-02-14,18:00,EC,"(-5,-1]",1,0,4
2026-02-14,18:00,EC,"(30,60]",1,39,0
2026-02-14,18:00,EC,"(5,10]",1,8,0
2026-02-14,18:00,FA,"(-10,-5]",1,0,5
2026-02-14,18:00,FA,"(5,10]",1,10,0
2026-02-14,18:00,FR,"(-1,0]",1,0,0
2026-02-14,18:00,FR,"(-5,-1]",2,0,7
2026-02-14,18:00,FR,"(15,30]",1,29,0
2026-02-14,18:00,FR,"(30,60]",1,41,0
2026-02-14,18:00,FR,"(5,10]",2,16,0
2026-02-14,18:00,FR,"(60,120]",3,237,0
2026-02-14,18:00,IC,"(-10,-5]",1,0,8
2026-02-14,18:00,IC,"(1,5]",1,2,0
2026-02-14,18:00,IC,"(5,10]",1,10,0
2026-02-14,18:00,ICN,"(-5,-1]",1,0,1
2026-02-14,18:00,ICN,"(1,5]",1,3,0
2026-02-14,18:00,MET,"(-1,0]",3,0,0
2026-02-14,18:00,MET,"(-5,-1]",7,0,9
2026-02-14,18:00,MET,"(0,1]",2,2,0
2026-02-14,18:00,MET,"(1,5]",1,2,0
2026-02-14,18:00,REG,"(-1,0]",52,0,0
2026-02-14,18:00,REG,"(-10,-5]",26,0,157
2026-02-14,18:00,REG,"(-15,-10]",1,0,11
2026-02-14,18:00,REG,"(-5,-1]",155,0,306
2026-02-14,18:00,REG,"(0,1]",56,56,0
2026-02-14,18:00,REG,"(1,5]",106,338,0
2026-02-14,18:00,REG,"(10,15]",9,118,0
2026-02-14,18:00,REG,"(15,30]",7,172,0
2026-02-14,18:00,REG,"(30,60]",3,106,0
2026-02-14,18:00,REG,"(5,10]",26,195,0
2026-02-14,18:00,REG,"(60,120]",2,139,0
2026-02-14,18:00,,"(-5,-1]",1,0,2
2026-02-14,19:00,EC,"(-5,-1]",1,0,3
2026-02-14,19:00,FR,"(-1,0]",2,0,0
2026-02-14,19:00,FR,"(-10,-5]",2,0,10
2026-02-14,19:00,FR,"(-30,-15]",1,0,20
2026-02-14,19:00,FR,"(-5,-1]",1,0,2
2026-02-14,19:00,FR,"(30,60]",1,46,0
2026-02-14,19:00,IC,"(-1,0]",1,0,0
2026-02-14,19:00,IC,"(0,1]",1,1,0
2026-02-14,19:00,IC,"(1,5]",1,3,0
2026-02-14,19:00,IC,"(5,10]",1,8,0
2026-02-14,19:00,ICN,"(-10,-5]",2,0,18
2026-02-14,19:00,ICN,"(10,15]",1,14,0
2026-02-14,19:00,MET,"(-1,0]",2,0,0
2026-02-14,19:00,MET,"(-5,-1]",8,0,14
2026-02-14,19:00,MET,"(1,5]",3,7,0
2026-02-14,19:00,REG,"(-1,0]",45,0,0
2026-02-14,19:00,REG,"(-10,-5]",19,0,108
2026-02-14,19:00,REG,"(-15,-10]",2,0,26
2026-02-14,19:00,REG,"(-5,-1]",143,0,286
2026-02-14,19:00,REG,"(0,1]",52,52,0
2026-02-14,19:00,REG,"(1,5]",104,313,0
2026-02-14,19:00,REG,"(10,15]",4,54,0
2026-02-14,19:00,REG,"(15,30]",14,293,0
2026-02-14,19:00,REG,"(30,60]",4,160,0
2026-02-14,19:00,REG,"(5,10]",24,172,0
2026-02-14,19:00,REG,"(60,120]",2,159,0
2026-02-14,20:00,EC,"(-5,-1]",3,0,6
2026-02-14,20:00,EC,"(10,15]",1,11,0
2026-02-14,20:00,ECFR,"(10,15]",1,12,0
2026-02-14,20:00,IC,"(-1,0]",1,0,0
2026-02-14,20:00,IC,"(-5,-1]",1,0,2
2026-02-14,20:00,IC,"(1,5]",1,2,0
2026-02-14,20:00,ICN,"(-1,0]",1,0,0
2026-02-14,20:00,ICN,"(-15,-10]",1,0,12
2026-02-14,20:00,ICN,"(-5,-1]",1,0,2
2026-02-14,20:00,ICN,"(0,1]",1,1,0
2026-02-14,20:00,MET,"(-1,0]",1,0,0
2026-02-14,20:00,MET,"(-10,-5]",1,0,7
2026-02-14,20:00,MET,"(-5,-1]",2,0,3
2026-02-14,20:00,MET,"(0,1]",4,4,0
2026-02-14,20:00,MET,"(1,5]",2,7,0
2026-02-14,20:00,REG,"(-1,0]",41,0,0
2026-02-14,20:00,REG,"(-10,-5]",16,0,94
2026-02-14,20:00,REG,"(-15,-10]",2,0,22
2026-02-14,20:00,REG,"(-5,-1]",129,0,261
2026-02-14,20:00,REG,"(0,1]",39,39,0
2026-02-14,20:00,REG,"(1,5]",82,238,0
2026-02-14,20:00,REG,"(10,15]",7,87,0
2026-02-14,20:00,REG,"(15,30]",4,74,0
2026-02-14,20:00,REG,"(30,60]",2,88,0
2026-02-14,20:00,REG,"(5,10]",1,7,0
2026-02-14,21:00,EC,"(-5,-1]",1,0,4
2026-02-14,21:00,EC,"(10,15]",1,11,0
2026-02-14,21:00,FA,"(-30,-15]",1,0,17
2026-02-14,21:00,IC,"(1,5]",3,9,0
2026-02-14,21:00,ICN,"(-1,0]",1,0,0
2026-02-14,21:00,ICN,"(-10,-5]",1,0,5
2026-02-14,21:00,ICN,"(-5,-1]",1,0,2
2026-02-14,21:00,ICN,"(0,1]",1,1,0
2026-02-14,21:00,ICN,"(1,5]",1,4,0
2026-02-14,21:00,MET,"(-10,-5]",1,0,8
2026-02-14,21:00,MET,"(-5,-1]",6,0,9
2026-02-14,21:00,MET,"(0,1]",1,1,0
2026-02-14,21:00,MET,"(1,5]",1,3,0
2026-02-14,21:00,MET,"(30,60]",1,50,0
2026-02-14,21:00,REG,"(-1,0]",34,0,0
2026-02-14,21:00,REG,"(-10,-5]",13,0,79
2026-02-14,21:00,REG,"(-30,-15]",1,0,23
2026-02-14,21:00,REG,"(-5,-1]",1,0,2
2026-02-14,21:00,REG,"(0,1]",25,25,0
2026-02-14,21:00,REG,"(1,5]",1,4,0
2026-02-14,21:00,REG,"(10,15]",4,48,0
2026-02-14,21:00,REG,"(15,30]",1,30,0
2026-02-14,21:00,REG,"(30,60]",1,48,0
2026-02-14,21:00,REG,"(5,10]",11,84,0
2026-02-14,22:00,EC,"(-5,-1]",1,0,2
2026-02-14,22:00,IC,"(-30,-15]",1,0,15
2026-02-14,22:00,IC,"(-5,-1]",1,0,2
2026-02-14,22:00,ICN,"(-10,-5]",1,0,6
2026-02-14,22:00,MET,"(-5,-1]",5,0,15
2026-02-14,22:00,REG,"(-1,0]",1,0,0
2026-02-14,22:00,REG,"(-10,-5]",2,0,11
2026-02-14,22:00,REG,"(-15,-10]",1,0,11
2026-02-14,22:00,REG,"(-5,-1]",4,0,7
2026-02-14,22:00,REG,"(0,1]",5,5,0
2026-02-14,22:00,REG,"(1,5]",7,23,0
2026-02-14,22:00,REG,"(15,30]",1,29,0
2026-02-14,22:00,REG,"(5,10]",1,9,0
2026-02-14,23:00,IC,"(-1,0]",1,0,0
2026-02-14,23:00,IC,"(-10,-5]",1,0,8
2026-02-14,23:00,MET,"(-5,-1]",2,0,3
2026-02-14,23:00,REG,"(-1,0]",7,0,0
2026-02-14,23:00,REG,"(-10,-5]",2,0,12
2026-02-14,23:00,REG,"(-5,-1]",31,0,71
2026-02-14,23:00,REG,"(0,1]",11,11,0
2026-02-14,23:00,REG,"(1,5]",13,40,0
2026-02-14,23:00,REG,"(10,15]",2,24,0
2026-02-14,23:00,REG,"(15,30]",1,19,0
2026-02-14,23:00,REG,"(5,10]",1,6,0
2026-02-15,00:00,ICN,"(-10,-5]",1,0,9
2026-02-15,00:00,REG,"(-1,0]",7,0,0
2026-02-15,00:00,REG,"(-10,-5]",4,0,25
2026-02-15,00:00,REG,"(-5,-1]",27,0,48
2026-02-15,00:00,REG,"(0,1]",6,6,0
2026-02-15,00:00,REG,"(1,5]",13,42,0
2026-02-15,00:00,REG,"(5,10]",1,6,0
2026-02-15,01:00,NCL,"(-60,-30]",1,0,36
2026-02-15,01:00,REG,"(-1,0]",4,0,0
2026-02-15,01:00,REG,"(-10,-5]",2,0,12
2026-02-15,01:00,REG,"(-5,-1]",17,0,29
2026-02-15,01:00,REG,"(0,1]",7,7,0
2026-02-15,01:00,REG,"(1,5]",2,5,0
2026-02-15,01:00,REG,"(5,10]",3,20,0
2026-02-15,02:00,REG,"(-1,0]",3,0,0
2026-02-15,02:00,REG,"(-5,-1]",5,0,10
2026-02-15,02:00,REG,"(0,1]",2,2,0
2026-02-15,02:00,REG,"(1,5]",1,4,0
2026-02-15,03:00,NCL,"(-60,-30]",1,0,42
2026-02-15,03:00,REG,"(-5,-1]",2,0,5
2026-02-15,03:00,REG,"(1,5]",1,2,0
2026-02-15,04:00,IC,"(-5,-1]",1,0,2
2026-02-15,04:00,IC,"(0,1]",1,1,0
2026-02-15,04:00,REG,"(-1,0]",2,0,0
2026-02-15,04:00,REG,"(-10,-5]",2,0,13
2026-02-15,04:00,REG,"(-5,-1]",14,0,27
2026-02-15,04:00,REG,"(0,1]",3,3,0
2026-02-15,04:00,REG,"(1,5]",7,19,0
2026-02-15,05:00,FB,"(0,1]",1,1,0
2026-02-15,05:00,FR,"(-10,-5]",3,0,24
2026-02-15,05:00,FR,"(-15,-10]",1,0,12
2026-02-15,05:00,FR,"(-30,-15]",1,0,16
2026-02-15,05:00,FR,"(-5,-1]",4,0,10
2026-02-15,05:00,FR,"(1,5]",3,11,0
2026-02-15,05:00,FR,"(15,30]",1,24,0
2026-02-15,05:00,FR,"(30,60]",1,45,0
2026-02-15,05:00,FR,"(5,10]",3,23,0
2026-02-15,05:00,IC,"(-1,0]",1,0,0
2026-02-15,05:00,IC,"(-10,-5]",1,0,5
2026-02-15,05:00,IC,"(-5,-1]",3,0,7
2026-02-15,05:00,IC,"(1,5]",2,4,0
2026-02-15,05:00,IC,"(15,30]",1,18,0
2026-02-15,05:00,ICN,"(-5,-1]",1,0,3
2026-02-15,05:00,MET,"(-1,0]",1,0,0
2026-02-15,05:00,MET,"(-5,-1]",1,0,1
2026-02-15,05:00,MET,"(0,1]",1,1,0
2026-02-15,05:00,MET,"(1,5]",1,4,0
2026-02-15,05:00,MET,"(5,10]",1,6,0
2026-02-15,05:00,REG,"(-1,0]",17,0,0
2026-02-15,05:00,REG,"(-10,-5]",18,0,115
2026-02-15,05:00,REG,"(-15,-10]",3,0,30
2026-02-15,05:00,REG,"(-30,-15]",1,0,16
2026-02-15,05:00,REG,"(-5,-1]",75,0,155
2026-02-15,05:00,REG,"(0,1]",19,19,0
2026-02-15,05:00,REG,"(1,5]",36,101,0
2026-02-15,05:00,REG,"(10,15]",1,11,0
2026-02-15,05:00,REG,"(15,30]",2,41,0
2026-02-15,05:00,REG,"(5,10]",12,85,0
2026-02-15,06:00,EXP,"(-10,-5]",1,0,8
2026-02-15,06:00,FA,"(-30,-15]",1,0,18
2026-02-15,06:00,FA,"(-5,-1]",1,0,3
2026-02-15,06:00,FB,"(5,10]",1,9,0
2026-02-15,06:00,FR,"(-1,0]",2,0,0
2026-02-15,06:00,FR,"(-10,-5]",5,0,37
2026-02-15,06:00,FR,"(-5,-1]",9,0,19
2026-02-15,06:00,FR,"(1,5]",3,11,0
2026-02-15,06:00,FR,"(10,15]",3,38,0
2026-02-15,06:00,FR,"(5,10]",2,15,0
2026-02-15,06:00,IC,"(-1,0]",1,0,0
2026-02-15,06:00,IC,"(-10,-5]",2,0,11
2026-02-15,06:00,IC,"(-15,-10]",1,0,14
2026-02-15,06:00,IC,"(-5,-1]",5,0,14
2026-02-15,06:00,IC,"(1,5]",1,2,0
2026-02-15,06:00,MET,"(-1,0]",1,0,0
2026-02-15,06:00,MET,"(-10,-5]",1,0,7
2026-02-15,06:00,MET,"(-5,-1]",5,0,7
2026-02-15,06:00,MET,"(0,1]",4,4,0
2026-02-15,06:00,MET,"(1,5]",2,7,0
2026-02-15,06:00,REG,"(-1,0]",40,0,0
2026-02-15,06:00,REG,"(-10,-5]",24,0,150
2026-02-15,06:00,REG,"(-15,-10]",3,0,32
2026-02-15,06:00,REG,"(-5,-1]",132,0,286
2026-02-15,06:00,REG,"(0,1]",26,26,0
2026-02-15,06:00,REG,"(1,5]",58,179,0
2026-02-15,06:00,REG,"(15,30]",4,89,0
2026-02-15,06:00,REG,"(30,60]",1,33,0
2026-02-15,06:00,REG,"(5,10]",16,115,0
2026-02-15,07:00,EC,"(-15,-10]",1,0,12
2026-02-15,07:00,EC,"(-5,-1]",2,0,5
2026-02-15,07:00,EC,"(1,5]",1,3,0
2026-02-15,07:00,FA,"(-10,-5]",1,0,9
2026-02-15,07:00,FR,"(-10,-5]",3,0,22
2026-02-15,07:00,FR,"(-15,-10]",2,0,26
2026-02-15,07:00,FR,"(-5,-1]",3,0,10
2026-02-15,07:00,FR,"(0,1]",1,1,0
2026-02-15,07:00,FR,"(1,5]",6,17,0
2026-02-15,07:00,FR,"(5,10]",5,36,0
2026-02-15,07:00,IC,"(-1,0]",2,0,0
2026-02-15,07:00,IC,"(-10,-5]",2,0,15
2026-02-15,07:00,IC,"(-15,-10]",1,0,10
2026-02-15,07:00,IC,"(1,5]",3,10,0
2026-02-15,07:00,IC,"(5,10]",1,6,0
2026-02-15,07:00,MET,"(-1,0]",2,0,0
2026-02-15,07:00,MET,"(-10,-5]",1,0,5
2026-02-15,07:00,MET,"(-5,-1]",6,0,10
2026-02-15,07:00,MET,"(1,5]",1,2,0
2026-02-15,07:00,REG,"(-1,0]",35,0,0
2026-02-15,07:00,REG,"(-10,-5]",18,0,115
2026-02-15,07:00,REG,"(-15,-10]",5,0,58
2026-02-15,07:00,REG,"(-5,-1]",142,0,310
2026-02-15,07:00,REG,"(0,1]",39,39,0
2026-02-15,07:00,REG,"(1,5]",50,149,0
2026-02-15,07:00,REG,"(10,15]",5,61,0
2026-02-15,07:00,REG,"(15,30]",1,17,0
2026-02-15,07:00,REG,"(5,10]",16,109,0
2026-02-15,08:00,EC,"(-5,-1]",2,0,6
2026-02-15,08:00,EC,"(0,1]",1,1,0
2026-02-15,08:00,FA,"(-5,-1]",1,0,1
2026-02-15,08:00,FR,"(-1,0]",1,0,0
2026-02-15,08:00,FR,"(-10,-5]",2,0,14
2026-02-15,08:00,FR,"(-5,-1]",2,0,6
2026-02-15,08:00,FR,"(1,5]",1,5,0
2026-02-15,08:00,FR,"(10,15]",1,11,0
2026-02-15,08:00,FR,"(15,30]",1,20,0
2026-02-15,08:00,FR,"(5,10]",4,28,0
2026-02-15,08:00,FR,"(60,120]",1,95,0
2026-02-15,08:00,IC,"(-10,-5]",2,0,14
2026-02-15,08:00,IC,"(-15,-10]",1,0,12
2026-02-15,08:00,IC,"(0,1]",1,1,0
2026-02-15,08:00,IC,"(1,5]",1,4,0
2026-02-15,08:00,ICN,"(-30,-15]",1,0,27
2026-02-15,08:00,MET,"(-1,0]",2,0,0
2026-02-15,08:00,MET,"(-10,-5]",2,0,11
2026-02-15,08:00,MET,"(-5,-1]",5,0,8
2026-02-15,08:00,MET,"(1,5]",2,5,0
2026-02-15,08:00,REG,"(-1,0]",37,0,0
2026-02-15,08:00,REG,"(-10,-5]",21,0,119
2026-02-15,08:00,REG,"(-5,-1]",125,0,256
2026-02-15,08:00,REG,"(0,1]",42,42,0
2026-02-15,08:00,REG,"(1,5]",67,204,0
2026-02-15,08:00,REG,"(10,15]",2,24,0
2026-02-15,08:00,REG,"(15,30]",3,68,0
2026-02-15,08:00,REG,"(30,60]",1,31,0
2026-02-15,08:00,REG,"(5,10]",11,81,0
2026-02-15,08:00,nan,"(1,5]",1,2,0
2026-02-15,09:00,EC,"(-5,-1]",2,0,3
2026-02-15,09:00,EC,"(1,5]",2,9,0
2026-02-15,09:00,FR,"(-1,0]",1,0,0
2026-02-15,09:00,FR,"(-10,-5]",1,0,6
2026-02-15,09:00,FR,"(-5,-1]",3,0,8
2026-02-15,09:00,FR,"(1,5]",2,9,0
2026-02-15,09:00,FR,"(15,30]",1,20,0
2026-02-15,09:00,IC,"(-10,-5]",1,0,9
2026-02-15,09:00,IC,"(-5,-1]",2,0,4
2026-02-15,09:00,IC,"(1,5]",2,6,0
2026-02-15,09:00,IC,"(10,15]",2,25,0
2026-02-15,09:00,IC,"(5,10]",1,7,0
2026-02-15,09:00,MET,"(-1,0]",1,0,0
2026-02-15,09:00,MET,"(-10,-5]",1,0,8
2026-02-15,09:00,MET,"(-5,-1]",4,0,9
2026-02-15,09:00,MET,"(0,1]",2,2,0
2026-02-15,09:00,MET,"(1,5]",3,6,0
2026-02-15,09:00,REG,"(-1,0]",26,0,0
2026-02-15,09:00,REG,"(-10,-5]",16,0,92
2026-02-15,09:00,REG,"(-5,-1]",122,0,268
2026-02-15,09:00,REG,"(0,1]",42,42,0
2026-02-15,09:00,REG,"(1,5]",55,177,0
2026-02-15,09:00,REG,"(10,15]",3,38,0
2026-02-15,09:00,REG,"(15,30]",1,20,0
2026-02-15,09:00,REG,"(30,60]",1,33,0
2026-02-15,09:00,REG,"(5,10]",11,77,0
2026-02-15,09:00,REG,"(60,120]",1,91,0
2026-02-15,10:00,EC,"(-5,-1]",2,0,6
2026-02-15,10:00,EC,"(30,60]",1,39,0
2026-02-15,10:00,EC,"(5,10]",1,9,0
2026-02-15,10:00,FA,"(1,5]",1,4,0
2026-02-15,10:00,FR,"(-10,-5]",2,0,13
2026-02-15,10:00,FR,"(-15,-10]",1,0,11
2026-02-15,10:00,FR,"(1,5]",1,3,0
2026-02-15,10:00,FR,"(10,15]",1,12,0
2026-02-15,10:00,FR,"(15,30]",3,60,0
2026-02-15,10:00,FR,"(5,10]",4,29,0
2026-02-15,10:00,IC,"(-1,0]",1,0,0
2026-02-15,10:00,IC,"(-10,-5]",2,0,11
2026-02-15,10:00,IC,"(-30,-15]",1,0,19
2026-02-15,10:00,IC,"(-5,-1]",3,0,4
2026-02-15,10:00,IC,"(10,15]",1,13,0
2026-02-15,10:00,MET,"(-10,-5]",1,0,9
2026-02-15,10:00,MET,"(-5,-1]",5,0,7
2026-02-15,10:00,MET,"(0,1]",3,3,0
2026-02-15,10:00,MET,"(1,5]",1,4,0
2026-02-15,10:00,REG,"(-1,0]",30,0,0
2026-02-15,10:00,REG,"(-10,-5]",20,0,119
2026-02-15,10:00,REG,"(-15,-10]",1,0,10
2026-02-15,10:00,REG,"(-30,-15]",1,0,17
2026-02-15,10:00,REG,"(-5,-1]",116,0,228
2026-02-15,10:00,REG,"(0,1]",35,35,0
2026-02-15,10:00,REG,"(1,5]",60,166,0
2026-02-15,10:00,REG,"(10,15]",3,35,0
2026-02-15,10:00,REG,"(15,30]",3,63,0
2026-02-15,10:00,REG,"(30,60]",2,73,0
2026-02-15,10:00,REG,"(5,10]",9,65,0
2026-02-15,11:00,EC,"(-1,0]",1,0,0
2026-02-15,11:00,EC,"(-5,-1]",2,0,5
2026-02-15,11:00,EC,"(0,1]",1,1,0
2026-02-15,11:00,EC,"(1,5]",1,2,0
2026-02-15,11:00,FB,"(15,30]",1,29,0
2026-02-15,11:00,FR,"(-10,-5]",1,0,5
2026-02-15,11:00,FR,"(-5,-1]",2,0,3
2026-02-15,11:00,FR,"(1,5]",5,21,0
2026-02-15,11:00,FR,"(5,10]",2,16,0
2026-02-15,11:00,IC,"(-1,0]",2,0,0
2026-02-15,11:00,IC,"(-10,-5]",2,0,13
2026-02-15,11:00,IC,"(-30,-15]",1,0,15
2026-02-15,11:00,IC,"(-5,-1]",1,0,4
2026-02-15,11:00,IC,"(0,1]",1,1,0
2026-02-15,11:00,IC,"(1,5]",2,6,0
2026-02-15,11:00,MET,"(-1,0]",1,0,0
2026-02-15,11:00,MET,"(-10,-5]",2,0,10
2026-02-15,11:00,MET,"(-5,-1]",6,0,15
2026-02-15,11:00,MET,"(1,5]",1,2,0
2026-02-15,11:00,REG,"(-1,0]",32,0,0
2026-02-15,11:00,REG,"(-10,-5]",17,0,100
2026-02-15,11:00,REG,"(-15,-10]",2,0,22
2026-02-15,11:00,REG,"(-30,-15]",1,0,15
2026-02-15,11:00,REG,"(-5,-1]",111,0,228
2026-02-15,11:00,REG,"(0,1]",31,31,0
2026-02-15,11:00,REG,"(1,5]",42,122,0
2026-02-15,11:00,REG,"(10,15]",4,51,0
2026-02-15,11:00,REG,"(15,30]",6,114,0
2026-02-15,11:00,REG,"(30,60]",1,43,0
2026-02-15,11:00,REG,"(5,10]",11,75,0
2026-02-15,12:00,EC,"(-5,-1]",1,0,2
2026-02-15,12:00,EC,"(5,10]",1,8,0
2026-02-15,12:00,ECFR,"(5,10]",1,6,0
2026-02-15,12:00,FB,"(5,10]",1,7,0
2026-02-15,12:00,FR,"(-1,0]",1,0,0
2026-02-15,12:00,FR,"(-10,-5]",1,0,9
2026-02-15,12:00,FR,"(-5,-1]",1,0,1
2026-02-15,12:00,FR,"(0,1]",1,1,0
2026-02-15,12:00,FR,"(1,5]",2,4,0
2026-02-15,12:00,FR,"(10,15]",2,25,0
2026-02-15,12:00,FR,"(15,30]",1,23,0
2026-02-15,12:00,FR,"(5,10]",1,9,0
2026-02-15,12:00,IC,"(1,5]",1,3,0
2026-02-15,12:00,IC,"(10,15]",1,15,0
2026-02-15,12:00,ICN,"(-5,-1]",1,0,4
2026-02-15,12:00,MET,"(-1,0]",1,0,0
2026-02-15,12:00,MET,"(-10,-5]",1,0,5
2026-02-15,12:00,MET,"(-5,-1]",5,0,10
2026-02-15,12:00,MET,"(0,1]",2,2,0
2026-02-15,12:00,MET,"(1,5]",1,2,0
2026-02-15,12:00,REG,"(-1,0]",34,0,0
2026-02-15,12:00,REG,"(-10,-5]",13,0,84
2026-02-15,12:00,REG,"(-15,-10]",1,0,10
2026-02-15,12:00,REG,"(-5,-1]",134,0,283
2026-02-15,12:00,REG,"(0,1]",31,31,0
2026-02-15,12:00,REG,"(1,5]",59,175,0
2026-02-15,12:00,REG,"(10,15]",5,72,0
2026-02-15,12:00,REG,"(15,30]",1,20,0
2026-02-15,12:00,REG,"(30,60]",4,145,0
2026-02-15,12:00,REG,"(5,10]",11,85,0
2026-02-15,12:00,REG,> 120,1,146,0
2026-02-15,13:00,EC,"(-15,-10]",1,0,11
2026-02-15,13:00,EC,"(-5,-1]",2,0,5
2026-02-15,13:00,EC,"(30,60]",1,42,0
2026-02-15,13:00,FA,"(1,5]",1,2,0
2026-02-15,13:00,FA,"(5,10]",1,8,0
2026-02-15,13:00,FB,"(10,15]",1,11,0
2026-02-15,13:00,FB,"(15,30]",1,16,0
2026-02-15,13:00,FR,"(-15,-10]",1,0,10
2026-02-15,13:00,FR,"(-5,-1]",2,0,7
2026-02-15,13:00,FR,"(0,1]",1,1,0
2026-02-15,13:00,FR,"(1,5]",2,7,0
2026-02-15,13:00,FR,"(10,15]",2,26,0
2026-02-15,13:00,FR,"(15,30]",2,49,0
2026-02-15,13:00,FR,"(30,60]",3,144,0
2026-02-15,13:00,IC,"(-1,0]",1,0,0
2026-02-15,13:00,IC,"(-10,-5]",1,0,7
2026-02-15,13:00,IC,"(-5,-1]",2,0,4
2026-02-15,13:00,IC,"(0,1]",1,1,0
2026-02-15,13:00,IC,<= -60,1,0,67
2026-02-15,13:00,MET,"(-5,-1]",6,0,9
2026-02-15,13:00,MET,"(0,1]",1,1,0
2026-02-15,13:00,MET,"(1,5]",4,13,0
2026-02-15,13:00,MET,"(15,30]",1,20,0
2026-02-15,13:00,REG,"(-1,0]",35,0,0
2026-02-15,13:00,REG,"(-10,-5]",19,0,116
2026-02-15,13:00,REG,"(-5,-1]",133,0,287
2026-02-15,13:00,REG,"(0,1]",43,43,0
2026-02-15,13:00,REG,"(1,5]",54,168,0
2026-02-15,13:00,REG,"(10,15]",6,81,0
2026-02-15,13:00,REG,"(15,30]",2,40,0
2026-02-15,13:00,REG,"(30,60]",1,38,0
2026-02-15,13:00,REG,"(5,10]",10,77,0
2026-02-15,14:00,EC,"(-5,-1]",1,0,4
2026-02-15,14:00,EC,"(5,10]",1,6,0
2026-02-15,14:00,FR,"(-1,0]",1,0,0
2026-02-15,14:00,FR,"(-10,-5]",1,0,6
2026-02-15,14:00,FR,"(-5,-1]",1,0,3
2026-02-15,14:00,FR,"(0,1]",2,2,0
2026-02-15,14:00,FR,"(1,5]",4,15,0
2026-02-15,14:00,FR,"(10,15]",2,22,0
2026-02-15,14:00,FR,"(15,30]",1,18,0
2026-02-15,14:00,IC,"(-10,-5]",2,0,18
2026-02-15,14:00,IC,"(0,1]",1,1,0
2026-02-15,14:00,MET,"(-1,0]",2,0,0
2026-02-15,14:00,MET,"(-5,-1]",6,0,10
2026-02-15,14:00,MET,"(0,1]",4,4,0
2026-02-15,14:00,REG,"(-1,0]",40,0,0
2026-02-15,14:00,REG,"(-10,-5]",22,0,132
2026-02-15,14:00,REG,"(-30,-15]",1,0,15
2026-02-15,14:00,REG,"(-5,-1]",124,0,235
2026-02-15,14:00,REG,"(0,1]",37,37,0
2026-02-15,14:00,REG,"(1,5]",60,204,0
2026-02-15,14:00,REG,"(10,15]",5,68,0
2026-02-15,14:00,REG,"(15,30]",4,91,0
2026-02-15,14:00,REG,"(30,60]",3,102,0
2026-02-15,14:00,REG,"(5,10]",14,95,0
2026-02-15,15:00,EC,"(-5,-1]",3,0,10
2026-02-15,15:00,EC,"(15,30]",1,20,0
2026-02-15,15:00,EC,"(5,10]",1,7,0
2026-02-15,15:00,EC,"(60,120]",1,64,0
2026-02-15,15:00,FA,"(0,1]",1,1,0
2026-02-15,15:00,FA,"(1,5]",2,5,0
2026-02-15,15:00,FR,"(-1,0]",1,0,0
2026-02-15,15:00,FR,"(-10,-5]",3,0,20
2026-02-15,15:00,FR,"(-5,-1]",1,0,2
2026-02-15,15:00,FR,"(1,5]",5,20,0
2026-02-15,15:00,FR,"(10,15]",1,13,0
2026-02-15,15:00,FR,"(15,30]",1,21,0
2026-02-15,15:00,FR,"(30,60]",1,34,0
2026-02-15,15:00,FR,"(5,10]",2,16,0
2026-02-15,15:00,IC,"(-10,-5]",2,0,12
2026-02-15,15:00,IC,"(-5,-1]",3,0,10
2026-02-15,15:00,IC,"(0,1]",1,1,0
2026-02-15,15:00,IC,"(1,5]",2,4,0
2026-02-15,15:00,IC,"(5,10]",1,6,0
2026-02-15,15:00,MET,"(-1,0]",2,0,0
2026-02-15,15:00,MET,"(-5,-1]",4,0,6
2026-02-15,15:00,MET,"(0,1]",4,4,0
2026-02-15,15:00,MET,"(1,5]",1,2,0
2026-02-15,15:00,REG,"(-1,0]",41,0,0
2026-02-15,15:00,REG,"(-10,-5]",13,0,78
2026-02-15,15:00,REG,"(-5,-1]",133,0,271
2026-02-15,15:00,REG,"(0,1]",21,21,0
2026-02-15,15:00,REG,"(1,5]",65,195,0
2026-02-15,15:00,REG,"(10,15]",4,52,0
2026-02-15,15:00,REG,"(15,30]",4,104,0
2026-02-15,15:00,REG,"(30,60]",2,80,0
2026-02-15,15:00,REG,"(5,10]",17,123,0
2026-02-15,16:00,EC,"(0,1]",1,1,0
2026-02-15,16:00,EC,"(1,5]",3,12,0
2026-02-15,16:00,EC,"(5,10]",1,8,0
2026-02-15,16:00,FA,"(1,5]",1,3,0
2026-02-15,16:00,FA,"(30,60]",1,34,0
2026-02-15,16:00,FB,"(-5,-1]",1,0,2
2026-02-15,16:00,FR,"(-10,-5]",2,0,12
2026-02-15,16:00,FR,"(-5,-1]",3,0,6
2026-02-15,16:00,FR,"(1,5]",4,13,0
2026-02-15,16:00,FR,"(10,15]",1,13,0
2026-02-15,16:00,FR,"(5,10]",2,16,0
2026-02-15,16:00,IC,"(-5,-1]",2,0,6
2026-02-15,16:00,IC,"(1,5]",1,3,0
2026-02-15,16:00,IC,"(10,15]",1,13,0
2026-02-15,16:00,MET,"(-5,-1]",2,0,4
2026-02-15,16:00,MET,"(0,1]",3,3,0
2026-02-15,16:00,MET,"(1,5]",5,14,0
2026-02-15,16:00,REG,"(-1,0]",40,0,0
2026-02-15,16:00,REG,"(-10,-5]",19,0,102
2026-02-15,16:00,REG,"(-15,-10]",3,0,33
2026-02-15,16:00,REG,"(-5,-1]",112,0,228
2026-02-15,16:00,REG,"(0,1]",46,46,0
2026-02-15,16:00,REG,"(1,5]",79,250,0
2026-02-15,16:00,REG,"(10,15]",2,23,0
2026-02-15,16:00,REG,"(15,30]",1,16,0
2026-02-15,16:00,REG,"(30,60]",4,163,0
2026-02-15,16:00,REG,"(5,10]",14,105,0
2026-02-15,16:00,REG,"(60,120]",1,62,0
2026-02-15,17:00,EC,"(-5,-1]",1,0,3
2026-02-15,17:00,EC,"(1,5]",1,5,0
2026-02-15,17:00,EC,"(5,10]",1,10,0
2026-02-15,17:00,FA,"(-5,-1]",1,0,2
2026-02-15,17:00,FR,"(-1,0]",2,0,0
2026-02-15,17:00,FR,"(-10,-5]",3,0,23
2026-02-15,17:00,FR,"(-5,-1]",3,0,7
2026-02-15,17:00,FR,"(0,1]",1,1,0
2026-02-15,17:00,FR,"(1,5]",3,11,0
2026-02-15,17:00,FR,"(10,15]",4,54,0
2026-02-15,17:00,FR,"(15,30]",2,36,0
2026-02-15,17:00,FR,"(5,10]",1,10,0
2026-02-15,17:00,IC,"(-5,-1]",1,0,4
2026-02-15,17:00,IC,"(10,15]",1,14,0
2026-02-15,17:00,MET,"(-1,0]",2,0,0
2026-02-15,17:00,MET,"(-5,-1]",8,0,18
2026-02-15,17:00,MET,"(0,1]",2,2,0
2026-02-15,17:00,MET,"(1,5]",1,2,0
2026-02-15,17:00,REG,"(-1,0]",31,0,0
2026-02-15,17:00,REG,"(-10,-5]",14,0,84
2026-02-15,17:00,REG,"(-15,-10]",5,0,58
2026-02-15,17:00,REG,"(-5,-1]",132,0,276
2026-02-15,17:00,REG,"(0,1]",46,46,0
2026-02-15,17:00,REG,"(1,5]",77,239,0
2026-02-15,17:00,REG,"(10,15]",7,95,0
2026-02-15,17:00,REG,"(15,30]",7,163,0
2026-02-15,17:00,REG,"(30,60]",3,148,0
2026-02-15,17:00,REG,"(5,10]",20,152,0
2026-02-15,18:00,EC,"(-10,-5]",1,0,7
2026-02-15,18:00,EC,"(-5,-1]",1,0,3
2026-02-15,18:00,EC,"(1,5]",2,5,0
2026-02-15,18:00,EN,"(5,10]",1,7,0
2026-02-15,18:00,FA,"(-5,-1]",1,0,2
2026-02-15,18:00,FB,"(10,15]",1,13,0
2026-02-15,18:00,FR,"(-10,-5]",1,0,5
2026-02-15,18:00,FR,"(-5,-1]",1,0,4
2026-02-15,18:00,FR,"(1,5]",3,10,0
2026-02-15,18:00,FR,"(10,15]",3,40,0
2026-02-15,18:00,FR,"(5,10]",2,17,0
2026-02-15,18:00,IC,"(-10,-5]",1,0,8
2026-02-15,18:00,IC,"(-5,-1]",1,0,1
2026-02-15,18:00,IC,"(5,10]",1,7,0
2026-02-15,18:00,ICN,"(-5,-1]",1,0,4
2026-02-15,18:00,MET,"(-5,-1]",7,0,12
2026-02-15,18:00,MET,"(1,5]",3,9,0
2026-02-15,18:00,REG,"(-1,0]",34,0,0
2026-02-15,18:00,REG,"(-10,-5]",19,0,125
2026-02-15,18:00,REG,"(-5,-1]",112,0,237
2026-02-15,18:00,REG,"(0,1]",47,47,0
2026-02-15,18:00,REG,"(1,5]",96,307,0
2026-02-15,18:00,REG,"(10,15]",2,23,0
2026-02-15,18:00,REG,"(15,30]",4,94,0
2026-02-15,18:00,REG,"(30,60]",2,76,0
2026-02-15,18:00,REG,"(5,10]",29,214,0
2026-02-15,18:00,REG,"(60,120]",1,71,0
2026-02-15,18:00,nan,"(1,5]",1,5,0
2026-02-15,19:00,EC,"(-5,-1]",1,0,2
2026-02-15,19:00,FR,"(-10,-5]",1,0,5
2026-02-15,19:00,FR,"(-5,-1]",2,0,5
2026-02-15,19:00,FR,"(1,5]",2,7,0
2026-02-15,19:00,FR,"(10,15]",1,12,0
2026-02-15,19:00,FR,"(15,30]",1,19,0
2026-02-15,19:00,FR,"(5,10]",2,18,0
2026-02-15,19:00,IC,"(-5,-1]",1,0,2
2026-02-15,19:00,IC,"(1,5]",1,4,0
2026-02-15,19:00,IC,"(15,30]",2,51,0
2026-02-15,19:00,MET,"(-10,-5]",2,0,10
2026-02-15,19:00,MET,"(-5,-1]",7,0,12
2026-02-15,19:00,MET,"(0,1]",1,1,0
2026-02-15,19:00,MET,"(1,5]",3,8,0
2026-02-15,19:00,REG,"(-1,0]",33,0,0
2026-02-15,19:00,REG,"(-10,-5]",14,0,88
2026-02-15,19:00,REG,"(-15,-10]",1,0,11
2026-02-15,19:00,REG,"(-5,-1]",113,0,230
2026-02-15,19:00,REG,"(0,1]",39,39,0
2026-02-15,19:00,REG,"(1,5]",89,282,0
2026-02-15,19:00,REG,"(10,15]",3,35,0
2026-02-15,19:00,REG,"(15,30]",4,86,0
2026-02-15,19:00,REG,"(30,60]",2,79,0
2026-02-15,19:00,REG,"(5,10]",22,157,0
2026-02-15,20:00,EC,"(-10,-5]",1,0,6
2026-02-15,20:00,EC,"(-5,-1]",1,0,1
2026-02-15,20:00,EC,"(0,1]",1,1,0
2026-02-15,20:00,EC,"(5,10]",1,8,0
2026-02-15,20:00,ECFR,"(5,10]",1,7,0
2026-02-15,20:00,EXP,"(-1,0]",1,0,0
2026-02-15,20:00,FR,"(-10,-5]",2,0,16
2026-02-15,20:00,FR,"(5,10]",1,6,0
2026-02-15,20:00,IC,"(-10,-5]",1,0,5
2026-02-15,20:00,MET,"(-1,0]",1,0,0
2026-02-15,20:00,MET,"(-10,-5]",2,0,14
2026-02-15,20:00,MET,"(-5,-1]",3,0,7
2026-02-15,20:00,MET,"(0,1]",2,2,0
2026-02-15,20:00,MET,"(1,5]",3,8,0
2026-02-15,20:00,REG,"(-1,0]",31,0,0
2026-02-15,20:00,REG,"(-10,-5]",18,0,103
2026-02-15,20:00,REG,"(-15,-10]",3,0,31
2026-02-15,20:00,REG,"(-5,-1]",119,0,251
2026-02-15,20:00,REG,"(0,1]",29,29,0
2026-02-15,20:00,REG,"(1,5]",67,196,0
2026-02-15,20:00,REG,"(10,15]",5,60,0
2026-02-15,20:00,REG,"(15,30]",1,20,0
2026-02-15,20:00,REG,"(5,10]",15,102,0
2026-02-15,21:00,EC,"(-5,-1]",1,0,4
2026-02-15,21:00,EC,"(10,15]",1,12,0
2026-02-15,21:00,MET,"(-1,0]",1,0,0
2026-02-15,21:00,MET,"(-10,-5]",1,0,6
2026-02-15,21:00,MET,"(-15,-10]",1,0,11
2026-02-15,21:00,MET,"(-5,-1]",1,0,4
2026-02-15,21:00,MET,"(0,1]",1,1,0
2026-02-15,21:00,MET,"(1,5]",2,5,0
2026-02-15,21:00,REG,"(-1,0]",19,0,0
2026-02-15,21:00,REG,"(-10,-5]",5,0,30
2026-02-15,21:00,REG,"(-5,-1]",90,0,193
2026-02-15,21:00,REG,"(0,1]",35,35,0
2026-02-15,21:00,REG,"(1,5]",46,131,0
2026-02-15,21:00,REG,"(10,15]",1,15,0
2026-02-15,21:00,REG,"(30,60]",2,66,0
2026-02-15,21:00,REG,"(5,10]",10,71,0
2026-02-15,22:00,EC,"(10,15]",1,14,0
2026-02-15,22:00,MET,"(-10,-5]",1,0,7
2026-02-15,22:00,MET,"(-5,-1]",4,0,10
2026-02-15,22:00,REG,"(-1,0]",16,0,0
2026-02-15,22:00,REG,"(-10,-5]",6,0,38
2026-02-15,22:00,REG,"(-5,-1]",57,0,104
2026-02-15,22:00,REG,"(0,1]",20,20,0
2026-02-15,22:00,REG,"(1,5]",19,58,0
2026-02-15,23:00,MET,"(-5,-1]",2,0,5
2026-02-15,23:00,REG,"(-1,0]",1,0,0
2026-02-15,23:00,REG,"(-5,-1]",6,0,9
