giorno,categoria,cod_stazione,corse_osservate,effettuate,cancellate,soppresse,parzialmente_cancellate,cancellate_tot,info_mancante,in_orario,in_ritardo,in_anticipo,oltre_5,oltre_10,oltre_15,oltre_30,oltre_60,minuti_ritardo_tot,minuti_anticipo_tot,minuti_netti_tot,ritardo_medio,ritardo_mediano,p90,p95,ruolo,nome_stazione
2026-02-13,EXP,S07113,1,1,0,0,0,0,0,0,1,0,1,1,0,0,0,11,0,11,11.0,11.0,11.0,11.0,nodo,ANCONA
2026-02-13,EXP,S08406,1,1,0,0,0,0,0,0,1,0,1,1,0,0,0,11,0,11,11.0,11.0,11.0,11.0,nodo,ROMA OSTIENSE
2026-02-13,FR,S01700,2,2,0,0,0,0,0,2,0,0,0,0,0,0,0,2,0,2,1.0,1.0,1.0,1.0,nodo,MILANO CENTRALE
2026-02-13,FR,S08409,1,1,0,0,0,0,0,1,0,0,0,0,0,0,0,0,0,0,0.0,0.0,0.0,0.0,nodo,ROMA TERMINI
2026-02-13,FR,S11781,1,1,0,0,0,0,0,1,0,0,0,0,0,0,0,2,0,2,2.0,2.0,2.0,2.0,nodo,REGGIO DI CALABRIA CENTRALE
2026-02-13,IC,S00219,1,0,0,0,1,1,0,0,0,1,0,0,0,0,0,0,5,-5,-5.0,-5.0,-5.0,-5.0,nodo,TORINO PORTA NUOVA
2026-02-13,IC,S01700,5,5,0,0,0,0,0,1,3,1,3,2,1,0,0,48,7,41,8.2,7.0,22.200000000000003,25.599999999999998,nodo,MILANO CENTRALE
2026-02-13,IC,S04501,1,1,0,0,0,0,0,0,1,0,1,0,0,0,0,7,0,7,7.0,7.0,7.0,7.0,nodo,VENTIMIGLIA
2026-02-13,IC,S04725,1,1,0,0,0,0,0,0,1,0,1,1,1,1,0,32,0,32,32.0,32.0,32.0,32.0,nodo,SESTRI LEVANTE
2026-02-13,IC,S05007,1,0,1,0,0,1,0,0,0,1,0,0,0,0,0,0,2,-2,-2.0,-2.0,-2.0,-2.0,nodo,FIORENZUOLA
2026-02-13,IC,S06000,1,1,0,0,0,0,0,0,1,0,1,1,1,0,0,29,0,29,29.0,29.0,29.0,29.0,nodo,LA SPEZIA CENTRALE
2026-02-13,IC,S07226,1,1,0,0,0,0,0,0,0,1,0,0,0,0,0,0,7,-7,-7.0,-7.0,-7.0,-7.0,nodo,TERNI
2026-02-13,IC,S08409,4,4,0,0,0,0,0,0,2,2,2,2,2,1,0,75,13,62,9.333333333333334,11.0,21.0,22.25,nodo,ROMA TERMINI
2026-02-13,IC,S09218,1,1,0,0,0,0,0,0,1,0,1,1,1,1,0,32,0,32,32.0,32.0,32.0,32.0,nodo,NAPOLI CENTRALE
2026-02-13,IC,S09818,1,1,0,0,0,0,0,0,1,0,1,1,0,0,0,12,0,12,12.0,12.0,12.0,12.0,nodo,SALERNO
2026-02-13,IC,S11145,1,0,1,0,0,1,0,0,0,1,0,0,0,0,0,0,2,-2,-2.0,-2.0,-2.0,-2.0,nodo,LECCE
2026-02-13,IC,S11781,2,1,0,0,1,1,0,0,0,2,0,0,0,0,0,0,15,-15,-7.5,-7.5,-7.5,-7.5,nodo,REGGIO DI CALABRIA CENTRALE
2026-02-13,IC,S12301,4,4,0,0,0,0,0,1,2,1,2,2,2,1,0,75,3,72,11.0,11.0,21.0,22.25,nodo,MESSINA CENTRALE
2026-02-13,ICN,S00219,6,6,0,0,0,0,0,0,2,4,2,2,0,0,0,26,23,3,1.75,-0.5,9.450000000000003,11.224999999999996,nodo,TORINO PORTA NUOVA
2026-02-13,ICN,S01700,5,5,0,0,0,0,0,0,3,2,3,1,1,1,0,60,8,52,8.0,2.0,17.200000000000003,19.099999999999998,nodo,MILANO CENTRALE
2026-02-13,ICN,S02026,1,1,0,0,0,0,0,0,0,1,0,0,0,0,0,0,8,-8,-8.0,-8.0,-8.0,-8.0,nodo,BOLZANO
2026-02-13,ICN,S03317,2,2,0,0,0,0,0,1,0,1,0,0,0,0,0,0,5,-5,-2.5,-2.5,-2.5,-2.5,nodo,TRIESTE CENTRALE
2026-02-13,ICN,S08409,3,3,0,0,0,0,0,1,0,2,0,0,0,0,0,0,13,-13,-3.25,-3.25,-2.65,-2.575,nodo,ROMA TERMINI
2026-02-13,ICN,S09818,4,4,0,0,0,0,0,0,1,3,1,1,0,0,0,14,16,-2,-0.5,-0.5,3.1000000000000005,3.5499999999999994,nodo,SALERNO
2026-02-13,ICN,S11145,5,5,0,0,0,0,0,0,3,2,3,1,0,0,0,28,8,20,4.666666666666667,3.0,8.600000000000001,9.299999999999999,nodo,LECCE
2026-02-13,ICN,S11781,1,1,0,0,0,0,0,0,0,1,0,0,0,0,0,0,7,-7,-7.0,-7.0,-7.0,-7.0,nodo,REGGIO DI CALABRIA CENTRALE
2026-02-13,ICN,S12301,1,1,0,0,0,0,0,0,1,0,1,1,1,1,0,44,0,44,44.0,44.0,44.0,44.0,nodo,MESSINA CENTRALE
2026-02-13,REG,S00034,1,1,0,0,0,0,0,0,0,1,0,0,0,0,0,0,1,-1,-1.0,-1.0,-1.0,-1.0,nodo,MORTARA
2026-02-13,REG,S00248,4,4,0,0,0,0,0,2,0,2,0,0,0,0,0,2,2,0,0.0,0.0,0.8,0.8999999999999999,nodo,NOVARA
2026-02-13,REG,S00452,1,1,0,0,0,0,0,0,0,1,0,0,0,0,0,0,4,-4,-4.0,-4.0,-4.0,-4.0,nodo,TORINO LINGOTTO
2026-02-13,REG,S01030,6,6,0,0,0,0,0,1,2,3,2,0,0,0,0,19,4,15,2.5,2.5,3.7,3.8499999999999996,nodo,GALLARATE
2026-02-13,REG,S01059,2,2,0,0,0,0,0,0,0,2,0,0,0,0,0,0,3,-3,-1.5,-1.5,-1.5,-1.5,nodo,ALBAIRATE-VERMEZZO
2026-02-13,REG,S01066,9,9,0,0,0,0,0,6,0,3,0,0,0,0,0,9,6,3,0.275,0.0,2.5,2.7499999999999996,nodo,MILANO CADORNA
2026-02-13,REG,S01146,4,4,0,0,0,0,0,3,0,1,0,0,0,0,0,1,1,0,0.33333333333333337,0.5,0.5,0.5,nodo,MALPENSA AEROPORTO TERMINAL 2
2026-02-13,REG,S01205,8,8,0,0,0,0,0,3,0,5,0,0,0,0,0,6,12,-6,-0.75,-0.25,0.7000000000000002,0.8499999999999996,nodo,VARESE
2026-02-13,REG,S01301,2,2,0,0,0,0,0,0,0,2,0,0,0,0,0,0,5,-5,-2.5,-2.5,-2.1,-2.05,nodo,CHIASSO
2026-02-13,REG,S01307,3,3,0,0,0,0,0,2,0,1,0,0,0,0,0,3,1,2,0.75,0.75,1.35,1.4249999999999998,nodo,COMO S.GIOVANNI
2026-02-13,REG,S01316,4,4,0,0,0,0,0,3,0,1,0,0,0,0,0,6,4,2,0.5,0.5,2.5,2.7499999999999996,nodo,CAMNAGO-LENTATE
2026-02-13,REG,S01326,2,2,0,0,0,0,0,2,0,0,0,0,0,0,0,1,0,1,0.5,0.5,0.5,0.5,nodo,MILANO GRECO PIRELLI
2026-02-13,REG,S01400,2,2,0,0,0,0,0,2,0,0,0,0,0,0,0,6,0,6,3.0,3.0,3.0,3.0,nodo,CHIAVENNA
2026-02-13,REG,S01420,2,2,0,0,0,0,0,2,0,0,0,0,0,0,0,6,0,6,3.0,3.0,3.0,3.0,nodo,COLICO
2026-02-13,REG,S01430,4,3,1,0,0,1,0,1,1,2,1,0,0,0,0,7,8,-1,0.16666666666666669,-1.0,2.6,3.05,nodo,SONDRIO
2026-02-13,REG,S01440,6,6,0,0,0,0,0,3,3,0,3,1,0,0,0,32,0,32,6.375,6.5,7.300000000000001,7.3999999999999995,nodo,TIRANO
2026-02-13,REG,S01520,4,4,0,0,0,0,0,2,0,2,0,0,0,0,0,3,4,-1,-0.25,-0.25,-0.050000000000000044,-0.025000000000000022,nodo,LECCO
2026-02-13,REG,S01642,8,8,0,0,0,0,0,2,2,4,2,0,0,0,0,17,6,11,1.375,0.0,5.550000000000001,6.524999999999998,nodo,MILANO BOVISA POLITECNICO
2026-02-13,REG,S01645,12,12,0,0,0,0,0,6,0,6,0,0,0,0,0,12,13,-1,-0.08333333333333331,-0.25,2.25,2.625,nodo,MILANO PORTA GARIBALDI
2026-02-13,REG,S01700,20,19,1,0,0,1,0,7,7,6,7,1,0,0,0,71,14,57,2.583333333333333,3.0,6.65,7.049999999999999,nodo,MILANO CENTRALE
2026-02-13,REG,S01703,2,2,0,0,0,0,0,1,0,1,0,0,0,0,0,0,1,-1,-0.5,-0.5,-0.09999999999999998,-0.050000000000000044,nodo,PIOLTELLO LIMITO
2026-02-13,REG,S01708,8,8,0,0,0,0,0,3,0,5,0,0,0,0,0,6,12,-6,-0.75,-0.25,0.7000000000000002,0.8499999999999996,nodo,TREVIGLIO
2026-02-13,REG,S01810,1,1,0,0,0,0,0,1,0,0,0,0,0,0,0,0,0,0,0.0,0.0,0.0,0.0,nodo,TORTONA
2026-02-13,REG,S01820,3,3,0,0,0,0,0,0,0,3,0,0,0,0,0,0,4,-4,-1.25,-1.25,-1.05,-1.025,nodo,MILANO ROGOREDO
2026-02-13,REG,S01825,4,4,0,0,0,0,0,2,0,2,0,0,0,0,0,2,4,-2,-0.5,-0.5,0.7000000000000001,0.8499999999999999,nodo,LODI
2026-02-13,REG,S01860,4,4,0,0,0,0,0,0,2,2,2,0,0,0,0,15,2,13,3.25,3.25,6.65,7.074999999999999,nodo,PAVIA
2026-02-13,REG,S01933,2,2,0,0,0,0,0,1,0,1,0,0,0,0,0,2,1,1,0.5,0.5,0.5,0.5,nodo,SARONNO
2026-02-13,REG,S02011,2,2,0,0,0,0,0,1,1,0,1,1,1,0,0,29,0,29,14.5,14.5,14.5,14.5,nodo,FORTEZZA
2026-02-13,REG,S02114,2,2,0,0,0,0,0,1,1,0,1,1,1,0,0,29,0,29,14.5,14.5,14.5,14.5,nodo,S.CANDIDO
2026-02-13,REG,S02430,2,2,0,0,0,0,0,1,1,0,1,0,0,0,0,9,0,9,4.5,4.5,7.3,7.6499999999999995,nodo,VERONA PORTA NUOVA
2026-02-13,REG,S02550,1,1,0,0,0,0,0,1,0,0,0,0,0,0,0,1,0,1,1.0,1.0,1.0,1.0,nodo,CALALZO PIEVE CADORE CORTINA
2026-02-13,REG,S02559,6,6,0,0,0,0,0,4,0,2,0,0,0,0,0,2,10,-8,-0.75,-0.25,0.5,0.5,nodo,BELLUNO
2026-02-13,REG,S02581,3,3,0,0,0,0,0,1,0,2,0,0,0,0,0,1,10,-9,-2.0,-2.0,-1.2,-1.1,nodo,PADOVA
2026-02-13,REG,S02593,5,5,0,0,0,0,0,3,0,2,0,0,0,0,0,2,5,-3,-0.5,-0.5,0.7000000000000001,0.8499999999999999,nodo,VENEZIA S.LUCIA
2026-02-13,REG,S03026,1,1,0,0,0,0,0,0,0,1,0,0,0,0,0,0,4,-4,-4.0,-4.0,-4.0,-4.0,nodo,UDINE
2026-02-13,REG,S03200,1,1,0,0,0,0,0,0,0,1,0,0,0,0,0,0,1,-1,-1.0,-1.0,-1.0,-1.0,nodo,PORTOGRUARO CAORLE
2026-02-13,REG,S03310,1,1,0,0,0,0,0,1,0,0,0,0,0,0,0,2,0,2,2.0,2.0,2.0,2.0,nodo,MONFALCONE
2026-02-13,REG,S04700,1,1,0,0,0,0,0,0,0,1,0,0,0,0,0,0,4,-4,-4.0,-4.0,-4.0,-4.0,nodo,GENOVA PIAZZA PRINCIPE
2026-02-13,REG,S04702,2,2,0,0,0,0,0,1,0,1,0,0,0,0,0,4,3,1,0.5,0.5,0.5,0.5,nodo,GENOVA BRIGNOLE
2026-02-13,REG,S04725,4,4,0,0,0,0,0,0,0,4,0,0,0,0,0,0,11,-11,-2.166666666666667,-2.0,-2.0,-2.0,nodo,SESTRI LEVANTE
2026-02-13,REG,S04801,1,1,0,0,0,0,0,0,0,1,0,0,0,0,0,0,1,-1,-1.0,-1.0,-1.0,-1.0,nodo,SAVONA
2026-02-13,REG,S05000,1,1,0,0,0,0,0,1,0,0,0,0,0,0,0,1,0,1,1.0,1.0,1.0,1.0,nodo,PIACENZA
2026-02-13,REG,S05043,2,2,0,0,0,0,0,1,0,1,0,0,0,0,0,4,7,-3,-1.5,-1.5,-1.5,-1.5,nodo,BOLOGNA CENTRALE
2026-02-13,REG,S05308,1,1,0,0,0,0,0,0,0,1,0,0,0,0,0,0,7,-7,-7.0,-7.0,-7.0,-7.0,nodo,POGGIO RUSCO
2026-02-13,REG,S06000,1,1,0,0,0,0,0,0,0,1,0,0,0,0,0,0,3,-3,-3.0,-3.0,-3.0,-3.0,nodo,LA SPEZIA CENTRALE
2026-02-13,REG,S06421,2,2,0,0,0,0,0,0,0,2,0,0,0,0,0,0,5,-5,-2.5,-2.5,-2.1,-2.05,nodo,FIRENZE SANTA MARIA NOVELLA
2026-02-13,REG,S06500,1,1,0,0,0,0,0,0,0,1,0,0,0,0,0,0,2,-2,-2.0,-2.0,-2.0,-2.0,nodo,PISA CENTRALE
2026-02-13,REG,S06725,1,1,0,0,0,0,0,0,0,1,0,0,0,0,0,0,3,-3,-3.0,-3.0,-3.0,-3.0,nodo,LIVORNO CENTRALE
2026-02-13,REG,S06915,1,1,0,0,0,0,0,0,0,1,0,0,0,0,0,0,2,-2,-2.0,-2.0,-2.0,-2.0,nodo,AREZZO
2026-02-13,REG,S07113,1,1,0,0,0,0,0,0,1,0,1,0,0,0,0,5,0,5,5.0,5.0,5.0,5.0,nodo,ANCONA
2026-02-13,REG,S08010,1,1,0,0,0,0,0,0,0,1,0,0,0,0,0,0,3,-3,-3.0,-3.0,-3.0,-3.0,nodo,CIVITAVECCHIA
2026-02-13,REG,S08409,5,5,0,0,0,0,0,1,1,3,1,0,0,0,0,6,10,-4,-2.375,-2.75,-0.5999999999999996,-0.3000000000000007,nodo,ROMA TERMINI
2026-02-13,REG,S08411,1,1,0,0,0,0,0,0,0,1,0,0,0,0,0,0,5,-5,-5.0,-5.0,-5.0,-5.0,nodo,FIUMICINO AEROPORTO
2026-02-13,REG,S08640,1,1,0,0,0,0,0,1,0,0,0,0,0,0,0,1,0,1,1.0,1.0,1.0,1.0,nodo,FORMIA-GAETA
2026-02-13,REG,S11119,1,1,0,0,0,0,0,1,0,0,0,0,0,0,0,1,0,1,1.0,1.0,1.0,1.0,nodo,BARI CENTRALE
2026-02-13,REG,S11145,1,1,0,0,0,0,0,1,0,0,0,0,0,0,0,1,0,1,1.0,1.0,1.0,1.0,nodo,LECCE
2026-02-13,REG,S12317,1,1,0,0,0,0,0,0,0,1,0,0,0,0,0,0,7,-7,-7.0,-7.0,-7.0,-7.0,nodo,TAORMINA-GIARDINI
2026-02-13,REG,S12332,1,1,0,0,0,0,0,0,0,1,0,0,0,0,0,0,7,-7,-7.0,-7.0,-7.0,-7.0,nodo,CATANIA CENTRALE
2026-02-13,REG,S19919,1,1,0,0,0,0,0,1,0,0,0,0,0,0,0,0,0,0,0.0,0.0,0.0,0.0,nodo,STABIO
2026-02-14,EC,S01003,16,16,0,0,0,0,0,3,9,4,9,5,2,0,0,114,35,79,4.9375,4.5,16.25,17.125,nodo,DOMODOSSOLA
2026-02-14,EC,S01301,26,26,0,0,0,0,0,6,4,16,4,1,1,0,0,39,48,-9,-0.3461538461538461,-2.0,3.4000000000000004,6.699999999999989,nodo,CHIASSO
2026-02-14,EC,S01700,36,36,0,0,0,0,0,8,10,18,10,4,1,0,0,104,70,34,0.9444444444444444,-1.5,8.15,9.924999999999986,nodo,MILANO CENTRALE
2026-02-14,EC,S02001,12,12,0,0,0,0,0,3,7,2,7,6,5,2,0,160,3,157,13.083333333333334,10.75,27.0,27.75,nodo,BRENNERO
2026-02-14,EC,S02026,2,2,0,0,0,0,0,1,0,1,0,0,0,0,0,1,1,0,0.0,0.0,0.0,0.0,nodo,BOLZANO
2026-02-14,EC,S02430,2,2,0,0,0,0,0,0,1,1,1,1,1,1,0,39,2,37,18.5,18.5,18.5,18.5,nodo,VERONA PORTA NUOVA
2026-02-14,EC,S02593,8,8,0,0,0,0,0,2,5,1,5,4,3,0,0,89,10,79,9.875,11.0,16.700000000000003,17.599999999999998,nodo,VENEZIA S.LUCIA
2026-02-14,EC,S05043,5,5,0,0,0,0,0,1,4,0,4,3,3,1,0,80,0,80,15.0,13.0,25.4,26.949999999999996,nodo,BOLOGNA CENTRALE
2026-02-14,EC,S06421,1,1,0,0,0,0,0,0,0,1,0,0,0,0,0,0,3,-3,-3.0,-3.0,-3.0,-3.0,nodo,FIRENZE SANTA MARIA NOVELLA
2026-02-14,ECFR,S00201,2,2,0,0,0,0,0,0,2,0,2,2,0,0,0,26,0,26,13.0,13.0,13.8,13.9,nodo,MODANE
2026-02-14,ECFR,S01700,2,2,0,0,0,0,0,0,2,0,2,2,0,0,0,26,0,26,13.0,13.0,13.8,13.9,nodo,MILANO CENTRALE
2026-02-14,EN,S05043,1,1,0,0,0,0,0,0,1,0,1,1,1,1,0,36,0,36,36.0,36.0,36.0,36.0,nodo,BOLOGNA CENTRALE
2026-02-14,EN,S08217,1,1,0,0,0,0,0,0,1,0,1,1,1,1,0,36,0,36,36.0,36.0,36.0,36.0,nodo,ROMA TIBURTINA
2026-02-14,EXP,S02430,1,1,0,0,0,0,0,0,0,1,0,0,0,0,0,0,12,-12,-12.0,-12.0,-12.0,-12.0,nodo,VERONA PORTA NUOVA
2026-02-14,EXP,S07113,1,1,0,0,0,0,0,0,0,1,0,0,0,0,0,0,12,-12,-12.0,-12.0,-12.0,-12.0,nodo,ANCONA
2026-02-14,FA,S04700,3,3,0,0,0,0,0,1,1,1,1,1,1,1,1,122,5,117,29.25,29.25,54.65,57.824999999999996,nodo,GENOVA PIAZZA PRINCIPE
2026-02-14,FA,S05811,1,1,0,0,0,0,0,0,1,0,1,1,1,1,0,46,0,46,46.0,46.0,46.0,46.0,nodo,RAVENNA
2026-02-14,FA,S08409,11,10,0,1,0,0,0,2,8,1,8,8,7,7,5,560,5,555,48.910714285714285,44.5,98.55000000000001,105.52499999999998,nodo,ROMA TERMINI
2026-02-14,FA,S09211,3,2,0,1,0,0,0,1,2,0,2,2,1,1,1,78,0,78,22.0,22.0,35.6,37.3,nodo,CASERTA
2026-02-14,FA,S11781,4,4,0,0,0,0,0,0,4,0,4,4,4,4,3,314,0,314,78.5,78.5,95.7,97.85,nodo,REGGIO DI CALABRIA CENTRALE
2026-02-14,FB,S01700,2,2,0,0,0,0,0,1,1,0,1,1,0,0,0,12,0,12,6.0,6.0,6.0,6.0,nodo,MILANO CENTRALE
2026-02-14,FB,S04700,5,4,0,0,1,1,0,1,4,0,4,4,4,3,3,316,0,316,60.833333333333336,77.5,91.5,93.25,nodo,GENOVA PIAZZA PRINCIPE
2026-02-14,FB,S08409,7,6,0,0,1,1,0,2,5,0,5,5,4,3,3,328,0,328,45.5,37.0,88.30000000000001,91.64999999999999,nodo,ROMA TERMINI
2026-02-14,FR,S00202,2,2,0,0,0,0,0,0,2,0,2,2,1,1,1,126,0,126,63.0,63.0,63.0,63.0,nodo,BARDONECCHIA
2026-02-14,FR,S00219,42,38,2,2,0,2,0,5,35,2,35,30,29,26,19,2815,5,2810,66.9047619047619,55.5,145.5,168.0,nodo,TORINO PORTA NUOVA
2026-02-14,FR,S01700,93,83,2,8,0,2,0,22,60,11,60,43,37,29,23,3291,67,3224,34.6968085106383,8.75,115.84999999999998,144.74999999999997,nodo,MILANO CENTRALE
2026-02-14,FR,S01717,5,5,0,0,0,0,0,0,5,0,5,5,5,4,4,510,0,510,100.5,109.5,130.7,133.35,nodo,BRESCIA
2026-02-14,FR,S02026,12,12,0,0,0,0,0,0,11,1,11,9,9,9,7,825,2,823,65.44285714285715,85.5,107.10000000000001,115.79999999999998,nodo,BOLZANO
2026-02-14,FR,S02336,2,2,0,0,0,0,0,0,2,0,2,2,2,2,1,125,0,125,62.5,62.5,62.5,62.5,nodo,MANTOVA
2026-02-14,FR,S02589,5,0,5,0,0,5,0,0,5,0,5,5,4,4,4,445,0,445,82.08333333333334,82.75,114.14999999999999,118.07499999999999,nodo,VENEZIA MESTRE
2026-02-14,FR,S02593,52,51,1,0,0,1,0,14,34,4,34,25,21,17,13,1765,10,1755,33.75,8.5,101.5,108.875,nodo,VENEZIA S.LUCIA
2026-02-14,FR,S03026,3,3,0,0,0,0,0,1,2,0,2,0,0,0,0,17,0,17,6.5,6.5,8.1,8.3,nodo,UDINE
2026-02-14,FR,S03304,2,2,0,0,0,0,0,0,2,0,2,2,2,2,2,297,0,297,148.5,148.5,148.5,148.5,nodo,GORIZIA CENTRALE
2026-02-14,FR,S03317,10,10,0,0,0,0,0,1,7,2,7,5,5,2,2,313,8,305,30.5,11.5,79.50000000000001,98.99999999999999,nodo,TRIESTE CENTRALE
2026-02-14,FR,S04702,2,2,0,0,0,0,0,0,2,0,2,2,0,0,0,26,0,26,13.0,13.0,13.0,13.0,nodo,GENOVA BRIGNOLE
2026-02-14,FR,S06421,2,2,0,0,0,0,0,0,2,0,2,2,2,2,0,103,0,103,51.5,51.5,55.1,55.55,nodo,FIRENZE SANTA MARIA NOVELLA
2026-02-14,FR,S07004,1,1,0,0,0,0,0,0,1,0,1,1,1,0,0,19,0,19,19.0,19.0,19.0,19.0,nodo,PERUGIA
2026-02-14,FR,S07113,4,4,0,0,0,0,0,0,1,3,1,1,1,0,0,20,26,-6,-1.5,-1.5,6.1000000000000005,7.049999999999999,nodo,ANCONA
2026-02-14,FR,S07810,4,4,0,0,0,0,0,1,2,1,2,1,1,1,0,45,4,41,10.25,10.25,16.849999999999998,17.675,nodo,PESCARA
2026-02-14,FR,S08409,56,46,5,5,0,5,0,10,40,6,40,39,37,33,22,2924,16,2908,51.47692307692307,43.75,105.0,138.22499999999997,nodo,ROMA TERMINI
2026-02-14,FR,S09211,6,5,0,1,0,0,0,1,5,0,5,5,5,4,3,300,0,300,50.0,49.0,75.4,78.69999999999999,nodo,CASERTA
2026-02-14,FR,S09218,49,41,5,3,0,5,0,5,43,1,43,43,42,42,34,4486,1,4485,91.15583333333333,93.25,148.75,173.17499999999993,nodo,NAPOLI CENTRALE
2026-02-14,FR,S09818,12,11,0,1,0,0,0,1,11,0,11,11,10,8,7,1048,0,1048,85.54285714285714,93.5,162.39999999999998,167.7,nodo,SALERNO
2026-02-14,FR,S09823,2,2,0,0,0,0,0,0,2,0,2,2,2,2,1,125,0,125,62.5,62.5,62.5,62.5,nodo,BATTIPAGLIA
2026-02-14,FR,S11119,7,7,0,0,0,0,0,1,4,2,4,3,1,0,0,50,20,30,3.75,3.0,13.15,14.325,nodo,BARI CENTRALE
2026-02-14,FR,S11145,11,11,0,0,0,0,0,2,6,3,6,4,3,1,0,123,7,116,10.783333333333333,3.0,28.950000000000003,34.474999999999994,nodo,LECCE
2026-02-14,FR,S11465,1,1,0,0,0,0,0,0,1,0,1,1,1,1,1,100,0,100,100.0,100.0,100.0,100.0,nodo,TARANTO
2026-02-14,FR,S11781,9,7,2,0,0,2,0,0,9,0,9,9,9,8,8,955,0,955,109.65,109.5,159.55,166.52499999999998,nodo,REGGIO DI CALABRIA CENTRALE
2026-02-14,FR,S11811,2,2,0,0,0,0,0,0,2,0,2,2,2,2,2,249,0,249,124.5,124.5,124.5,124.5,nodo,SIBARI
2026-02-14,IC,S00219,6,6,0,0,0,0,0,1,2,3,2,2,2,0,0,44,27,17,2.8333333333333335,-2.5,15.9,18.2,nodo,TORINO PORTA NUOVA
2026-02-14,IC,S01645,1,1,0,0,0,0,0,0,1,0,1,0,0,0,0,7,0,7,7.0,7.0,7.0,7.0,nodo,MILANO PORTA GARIBALDI
2026-02-14,IC,S01700,41,41,0,0,0,0,0,16,15,10,15,7,3,1,1,249,53,196,4.662679425837321,2.75,12.000000000000002,13.224999999999994,nodo,MILANO CENTRALE
2026-02-14,IC,S02026,2,2,0,0,0,0,0,1,0,1,0,0,0,0,0,2,5,-3,-1.5,-1.5,-1.5,-1.5,nodo,BOLZANO
2026-02-14,IC,S03317,4,4,0,0,0,0,0,1,2,1,2,2,1,1,1,90,1,89,22.25,22.25,39.25,41.375,nodo,TRIESTE CENTRALE
2026-02-14,IC,S04501,13,13,0,0,0,0,0,3,4,6,4,2,1,0,0,46,28,18,1.4880952380952381,-1.0,10.350000000000001,10.924999999999999,nodo,VENTIMIGLIA
2026-02-14,IC,S04702,2,2,0,0,0,0,0,0,0,2,0,0,0,0,0,0,12,-12,-6.0,-6.0,-6.0,-6.0,nodo,GENOVA BRIGNOLE
2026-02-14,IC,S04725,1,1,0,0,0,0,0,0,1,0,1,1,0,0,0,14,0,14,14.0,14.0,14.0,14.0,nodo,SESTRI LEVANTE
2026-02-14,IC,S04801,4,4,0,0,0,0,0,1,1,2,1,0,0,0,0,9,20,-11,-2.75,-2.75,-0.1499999999999999,0.17499999999999982,nodo,SAVONA
2026-02-14,IC,S05043,3,3,0,0,0,0,0,0,2,1,2,2,1,0,0,30,1,29,9.75,9.75,13.95,14.475,nodo,BOLOGNA CENTRALE
2026-02-14,IC,S06000,3,3,0,0,0,0,0,1,1,1,1,0,0,0,0,6,7,-1,-0.25,-0.25,2.35,2.675,nodo,LA SPEZIA CENTRALE
2026-02-14,IC,S06039,2,2,0,0,0,0,0,0,0,2,0,0,0,0,0,0,17,-17,-8.5,-8.5,-8.5,-8.5,nodo,GROSSETO
2026-02-14,IC,S06416,3,1,0,2,0,0,0,3,0,0,0,0,0,0,0,1,0,1,0.25,0.25,0.45,0.475,nodo,PRATO CENTRALE
2026-02-14,IC,S06421,1,1,0,0,0,0,0,0,1,0,1,1,1,1,0,40,0,40,40.0,40.0,40.0,40.0,nodo,FIRENZE SANTA MARIA NOVELLA
2026-02-14,IC,S06725,10,10,0,0,0,0,0,8,1,1,1,0,0,0,0,26,4,22,2.2,2.5,4.5,5.0,nodo,LIVORNO CENTRALE
2026-02-14,IC,S07004,1,1,0,0,0,0,0,0,1,0,1,1,1,1,0,49,0,49,49.0,49.0,49.0,49.0,nodo,PERUGIA
2026-02-14,IC,S07113,4,3,1,0,0,1,0,0,3,1,3,3,3,3,1,148,4,144,36.0,36.0,48.800000000000004,50.4,nodo,ANCONA
2026-02-14,IC,S07226,2,1,1,0,0,1,0,0,1,1,1,1,0,0,0,10,4,6,3.0,3.0,3.0,3.0,nodo,TERNI
2026-02-14,IC,S07810,2,2,0,0,0,0,0,1,1,0,1,0,0,0,0,9,0,9,4.5,4.5,4.5,4.5,nodo,PESCARA
2026-02-14,IC,S08409,31,29,0,2,0,0,0,5,14,12,14,12,9,7,2,458,50,408,13.184873949579831,2.25,46.25,56.47499999999999,nodo,ROMA TERMINI
2026-02-14,IC,S09211,2,2,0,0,0,0,0,0,1,1,1,1,0,0,0,12,2,10,5.0,5.0,5.0,5.0,nodo,CASERTA
2026-02-14,IC,S09218,3,3,0,0,0,0,0,1,2,0,2,2,0,0,0,26,0,26,6.75,6.75,7.35,7.425,nodo,NAPOLI CENTRALE
2026-02-14,IC,S09818,5,5,0,0,0,0,0,1,2,2,2,2,2,0,0,41,13,28,5.833333333333334,3.5,17.1,18.799999999999997,nodo,SALERNO
2026-02-14,IC,S11119,4,4,0,0,0,0,0,1,2,1,2,2,2,1,1,102,5,97,24.25,24.25,39.650000000000006,41.575,nodo,BARI CENTRALE
2026-02-14,IC,S11145,10,10,0,0,0,0,0,3,5,2,5,2,1,0,0,59,8,51,5.1,4.5,11.8,12.9,nodo,LECCE
2026-02-14,IC,S11465,4,4,0,0,0,0,0,0,2,2,2,1,1,1,0,57,9,48,12.0,12.0,25.200000000000003,26.849999999999998,nodo,TARANTO
2026-02-14,IC,S11774,2,2,0,0,0,0,0,1,1,0,1,1,1,0,0,16,0,16,8.0,8.0,8.0,8.0,nodo,VILLA S.GIOVANNI
2026-02-14,IC,S11781,9,9,0,0,0,0,0,1,4,4,4,3,2,0,0,58,18,40,4.825,5.0,14.85,15.425,nodo,REGGIO DI CALABRIA CENTRALE
2026-02-14,IC,S12002,5,5,0,0,0,0,0,4,0,1,0,0,0,0,0,7,2,5,1.1666666666666667,1.5,2.3,2.4,nodo,PALERMO CENTRALE
2026-02-14,IC,S12301,8,8,0,0,0,0,0,5,2,1,2,2,1,0,0,42,2,40,5.6,2.5,12.5,14.249999999999998,nodo,MESSINA CENTRALE
2026-02-14,ICN,S12002,4,4,0,0,0,0,0,2,1,1,1,1,1,0,0,28,6,22,5.5,5.5,11.100000000000001,11.8,nodo,PALERMO CENTRALE
2026-02-14,ICN,S12301,4,4,0,0,0,0,0,2,1,1,1,1,1,0,0,28,6,22,5.5,5.5,11.100000000000001,11.8,nodo,MESSINA CENTRALE
2026-02-14,MET,S09101,128,124,2,2,0,2,0,82,4,42,4,0,0,0,0,132,63,69,0.5390625,0.5,3.0,3.924999999999997,nodo,POZZUOLI SOLFATARA
2026-02-14,MET,S09103,90,88,2,0,0,2,0,24,4,62,4,2,2,1,0,116,195,-79,-0.8942687747035574,-1.5,2.0,5.425000000000001,nodo,NAPOLI CAMPI FLEGREI
2026-02-14,MET,S09110,4,4,0,0,0,0,0,0,0,4,0,0,0,0,0,0,12,-12,-3.333333333333333,-3.0,-3.0,-3.0,nodo,NAPOLI GIANTURCO
2026-02-14,MET,S09756,8,8,0,0,0,0,0,6,0,2,0,0,0,0,0,8,3,5,-0.08333333333333337,-0.25,0.95,0.975,nodo,CASTELLAMMARE DI STABIA
2026-02-14,MET,S09800,130,128,0,2,0,0,0,83,4,43,4,0,0,0,0,125,61,64,0.49230769230769234,0.5,2.5,3.799999999999997,nodo,NAPOLI S.GIOVANNI BARRA
2026-02-14,MET,S09806,4,4,0,0,0,0,0,1,1,2,1,0,0,0,0,12,3,9,2.25,2.25,3.6500000000000004,3.8249999999999997,nodo,TORRE ANNUNZIATA CENTRALE
2026-02-14,MET,S09818,56,56,0,0,0,0,0,8,3,45,3,2,2,1,0,81,163,-82,-1.4642857142857144,-3.0,1.6000000000000014,6.574999999999992,nodo,SALERNO
2026-02-14,NCL,S02011,2,2,0,0,0,0,0,1,0,1,0,0,0,0,0,2,42,-40,-20.0,-20.0,-20.0,-20.0,nodo,FORTEZZA
2026-02-14,NCL,S02114,2,2,0,0,0,0,0,1,0,1,0,0,0,0,0,2,42,-40,-20.0,-20.0,-20.0,-20.0,nodo,S.CANDIDO
2026-02-14,REG,N00024,32,32,0,0,0,0,0,22,6,4,6,1,1,0,0,91,4,87,2.8293650793650795,1.75,6.300000000000001,8.074999999999992,nodo,VARESE NORD
2026-02-14,REG,N00025,3,3,0,0,0,0,0,1,1,1,1,0,0,0,0,8,3,5,0.5,0.5,1.2999999999999998,1.4,nodo,VARESE CASBENO
2026-02-14,REG,N00055,32,32,0,0,0,0,0,20,8,4,8,2,2,1,0,108,5,103,3.21875,1.0,7.0,12.125,nodo,NOVARA NORD
2026-02-14,REG,N00068,2,2,0,0,0,0,0,2,0,0,0,0,0,0,0,4,0,4,2.0,2.0,2.0,2.0,nodo,MARIANO COMENSE
2026-02-14,REG,N00074,11,11,0,0,0,0,0,5,6,0,6,1,0,0,0,47,0,47,4.2,4.5,7.55,7.775,nodo,ERBA
2026-02-14,REG,N00079,33,33,0,0,0,0,0,18,9,6,9,3,2,1,0,140,8,132,3.9388888888888887,1.5,10.100000000000009,18.899999999999995,nodo,ASSO
2026-02-14,REG,N00210,25,25,0,0,0,0,0,20,5,0,5,0,0,0,0,63,0,63,2.753968253968254,3.0,5.65,6.074999999999999,nodo,ISEO
2026-02-14,REG,N00217,1,1,0,0,0,0,0,1,0,0,0,0,0,0,0,3,0,3,3.0,3.0,3.0,3.0,nodo,PISOGNE
2026-02-14,REG,N00221,1,0,1,0,0,1,0,0,0,1,0,0,0,0,0,0,1,-1,-1.0,-1.0,-1.0,-1.0,nodo,BOARIO TERME
2026-02-14,REG,N00226,3,3,0,0,0,0,0,2,0,1,0,0,0,0,0,1,1,0,0.25,0.25,0.45,0.475,nodo,BRENO
2026-02-14,REG,N00235,25,24,1,0,0,1,0,12,7,6,7,2,1,1,0,118,16,102,3.672077922077922,2.0,7.900000000000002,12.749999999999996,nodo,EDOLO
2026-02-14,REG,S00034,49,46,0,3,0,0,0,27,15,7,15,4,2,0,0,165,15,150,3.0501672240802673,1.5,8.55,12.974999999999994,nodo,MORTARA
2026-02-14,REG,S00039,1,1,0,0,0,0,0,1,0,0,0,0,0,0,0,4,0,4,4.0,4.0,4.0,4.0,nodo,TORREBERETTI
2026-02-14,REG,S00070,28,28,0,0,0,0,0,14,2,12,2,0,0,0,0,25,20,5,0.17857142857142858,-0.25,1.700000000000001,3.3999999999999986,nodo,BIELLA S.PAOLO
2026-02-14,REG,S00088,64,62,0,2,0,0,0,34,12,18,12,4,2,1,0,182,33,149,2.357282502443793,1.5,5.4,10.45,nodo,TORINO AEROPORTO DI CASELLE
2026-02-14,REG,S00154,44,43,1,0,0,1,0,26,3,15,3,1,1,1,0,109,29,80,1.8181818181818183,1.0,4.0,4.949999999999999,nodo,IVREA
2026-02-14,REG,S00202,36,36,0,0,0,0,0,10,3,23,3,2,0,0,0,47,68,-21,-0.5833333333333334,-1.5,3.7500000000000018,6.324999999999992,nodo,BARDONECCHIA
2026-02-14,REG,S00208,2,2,0,0,0,0,0,1,0,1,0,0,0,0,0,1,3,-2,-1.0,-1.0,-1.0,-1.0,nodo,BUSSOLENO
2026-02-14,REG,S00219,209,207,2,0,0,2,0,63,18,128,18,6,2,2,0,307,420,-113,-0.5400183150183151,-1.5,4.0,6.7749999999999915,nodo,TORINO PORTA NUOVA
2026-02-14,REG,S00228,41,41,0,0,0,0,0,23,9,9,9,1,1,0,0,105,10,95,2.303571428571429,2.0,5.600000000000001,7.225000000000003,nodo,TORINO STURA
2026-02-14,REG,S00232,71,69,2,0,0,2,0,34,12,25,12,3,2,1,0,197,72,125,1.7416666666666667,0.5,5.75,7.774999999999999,nodo,CHIVASSO
2026-02-14,REG,S00240,14,14,0,0,0,0,0,11,0,3,0,0,0,0,0,12,4,8,0.5714285714285714,1.0,1.4000000000000004,1.6999999999999993,nodo,SANTHIA\'
2026-02-14,REG,S00245,28,27,0,1,0,0,0,17,6,5,6,1,0,0,0,89,7,82,2.928571428571429,2.75,7.050000000000002,8.549999999999999,nodo,VERCELLI
2026-02-14,REG,S00248,156,153,1,2,0,1,0,86,23,47,23,9,7,4,1,511,86,425,2.7332730560578664,1.5,6.0,9.699999999999996,nodo,NOVARA
2026-02-14,REG,S00260,36,36,0,0,0,0,0,7,0,29,0,0,0,0,0,5,62,-57,-1.5833333333333335,-1.75,0.15000000000000036,0.5749999999999993,nodo,SUSA
2026-02-14,REG,S00452,21,17,3,1,0,3,0,12,5,4,5,1,1,1,0,87,7,80,3.9,1.5,7.499999999999993,16.49999999999998,nodo,TORINO LINGOTTO
2026-02-14,REG,S00462,59,59,0,0,0,0,0,33,14,12,14,2,0,0,0,161,17,144,2.4487327188940093,2.0,6.5,7.5,nodo,ASTI
2026-02-14,REG,S00470,95,94,1,0,0,1,0,35,19,41,19,9,6,2,1,374,134,240,2.42435669920142,0.0,11.700000000000003,14.674999999999997,nodo,ALESSANDRIA
2026-02-14,REG,S00500,42,42,0,0,0,0,0,29,4,9,4,0,0,0,0,79,23,56,1.3333333333333333,1.0,3.0,5.0,nodo,CHIERI
2026-02-14,REG,S00517,44,44,0,0,0,0,0,18,9,17,9,2,1,0,0,124,42,82,1.8636363636363638,0.25,6.800000000000004,7.949999999999999,nodo,PINEROLO
2026-02-14,REG,S00606,57,56,1,0,0,1,0,22,9,26,9,4,3,1,0,141,65,76,1.3189655172413792,-0.25,4.75,11.449999999999983,nodo,FOSSANO
2026-02-14,REG,S00610,28,28,0,0,0,0,0,17,2,9,2,0,0,0,0,45,19,26,1.005128205128205,1.0,4.2,4.5,nodo,CUNEO
2026-02-14,REG,S00617,10,10,0,0,0,0,0,1,0,9,0,0,0,0,0,1,34,-33,-3.3,-4.0,-0.9999999999999998,-0.5000000000000004,nodo,LIMONE
2026-02-14,REG,S00742,2,2,0,0,0,0,0,1,1,0,1,0,0,0,0,8,0,8,4.0,4.0,4.0,4.0,nodo,CEVA
2026-02-14,REG,S00821,2,1,0,1,0,0,0,2,0,0,0,0,0,0,0,1,0,1,0.5,0.5,0.5,0.5,nodo,BRA
2026-02-14,REG,S00825,30,29,1,0,0,1,0,18,5,7,5,1,0,0,0,76,13,63,2.1,2.0,4.8,6.799999999999994,nodo,ALBA
2026-02-14,REG,S00867,25,25,0,0,0,0,0,17,4,4,4,4,3,1,0,110,8,102,4.086538461538462,1.5,11.750000000000007,19.449999999999985,nodo,ACQUI TERME
2026-02-14,REG,S00884,37,37,0,0,0,0,0,26,2,9,2,0,0,0,0,62,24,38,0.9824561403508774,1.5,3.0999999999999996,3.649999999999997,nodo,RIVAROLO
2026-02-14,REG,S01003,53,53,0,0,0,0,0,22,14,17,14,4,2,0,0,184,68,116,2.138888888888889,1.75,8.600000000000003,11.649999999999999,nodo,DOMODOSSOLA
2026-02-14,REG,S01020,33,32,0,1,0,0,0,19,5,9,5,1,1,0,0,90,20,70,2.1121323529411766,2.25,5.5,8.199999999999994,nodo,ARONA
2026-02-14,REG,S01030,107,104,1,2,0,1,0,55,21,31,21,4,3,0,0,269,50,219,2.0611888111888113,1.25,6.449999999999999,7.724999999999998,nodo,GALLARATE
2026-02-14,REG,S01059,142,140,0,2,0,0,0,88,6,48,6,0,0,0,0,146,81,65,0.4577464788732395,0.5,2.5,3.5,nodo,ALBAIRATE-VERMEZZO
2026-02-14,REG,S01062,4,4,0,0,0,0,0,0,1,3,1,0,0,0,0,5,6,-1,-0.25,-0.25,1.1500000000000001,1.3249999999999997,nodo,ABBIATEGRASSO
2026-02-14,REG,S01066,431,430,1,0,0,1,0,285,76,70,76,11,5,2,0,984,128,856,1.9894675626776945,1.0,5.950000000000003,7.0,nodo,MILANO CADORNA
2026-02-14,REG,S01086,1,0,1,0,0,1,0,0,1,0,1,1,0,0,0,14,0,14,14.0,14.0,14.0,14.0,nodo,CESANO MADERNO
2026-02-14,REG,S01113,30,30,0,0,0,0,0,13,9,8,9,2,1,0,0,104,16,88,2.9333333333333336,2.0,7.3999999999999995,10.099999999999993,nodo,LUINO
2026-02-14,REG,S01146,110,110,0,0,0,0,0,68,8,34,8,2,1,0,0,128,37,91,0.8181216931216931,0.25,3.3500000000000014,4.674999999999997,nodo,MALPENSA AEROPORTO TERMINAL 2
2026-02-14,REG,S01200,34,34,0,0,0,0,0,18,8,8,8,4,0,0,0,108,11,97,2.8529411764705883,2.0,8.5,9.199999999999998,nodo,PORTO CERESIO
2026-02-14,REG,S01205,110,109,1,0,0,1,0,43,15,52,15,4,2,2,0,232,115,117,1.0636363636363635,-0.5,4.5,5.8999999999999915,nodo,VARESE
2026-02-14,REG,S01301,89,85,0,4,0,0,0,39,8,42,8,0,0,0,0,110,84,26,0.5571278825995807,0.5,3.75,4.5,nodo,CHIASSO
2026-02-14,REG,S01307,157,153,0,4,0,0,0,84,17,56,17,5,2,1,0,303,88,215,1.3578733766233766,1.0,4.550000000000004,8.549999999999997,nodo,COMO S.GIOVANNI
2026-02-14,REG,S01308,21,21,0,0,0,0,0,5,0,16,0,0,0,0,0,8,38,-30,-0.275,-0.5,1.0500000000000007,1.5250000000000004,nodo,COMO CAMERLATA
2026-02-14,REG,S01316,74,74,0,0,0,0,0,34,9,31,9,3,0,0,0,114,81,33,0.5109649122807017,0.0,3.75,5.5,nodo,CAMNAGO-LENTATE
2026-02-14,REG,S01318,1,1,0,0,0,0,0,0,0,1,0,0,0,0,0,0,2,-2,-2.0,-2.0,-2.0,-2.0,nodo,SEREGNO
2026-02-14,REG,S01322,4,4,0,0,0,0,0,4,0,0,0,0,0,0,0,10,0,10,2.5,2.5,3.3,3.4,nodo,MONZA
2026-02-14,REG,S01326,86,84,2,0,0,2,0,37,27,22,27,5,2,1,0,302,50,252,2.904220779220779,1.25,7.449999999999999,10.149999999999999,nodo,MILANO GRECO PIRELLI
2026-02-14,REG,S01400,36,36,0,0,0,0,0,32,1,3,1,0,0,0,0,70,3,67,1.8611111111111112,1.75,3.3000000000000007,4.149999999999999,nodo,CHIAVENNA
2026-02-14,REG,S01420,36,36,0,0,0,0,0,32,1,3,1,0,0,0,0,70,3,67,1.8611111111111112,1.75,3.3000000000000007,4.149999999999999,nodo,COLICO
2026-02-14,REG,S01430,5,5,0,0,0,0,0,3,1,1,1,0,0,0,0,12,2,10,3.875,4.0,4.7,4.85,nodo,SONDRIO
2026-02-14,REG,S01440,64,64,0,0,0,0,0,48,8,8,8,4,0,0,0,171,10,161,2.495112414467253,2.0,6.5,8.2,nodo,TIRANO
2026-02-14,REG,S01458,17,17,0,0,0,0,0,11,2,4,2,0,0,0,0,33,5,28,1.5763888888888888,1.0,4.0,4.749999999999999,nodo,MOLTENO
2026-02-14,REG,S01511,1,0,1,0,0,1,0,0,1,0,1,1,1,0,0,25,0,25,25.0,25.0,25.0,25.0,nodo,CARNATE USMATE
2026-02-14,REG,S01520,152,147,1,4,0,1,0,68,17,67,17,4,2,1,0,273,120,153,1.0186147186147185,0.0,4.5,6.75,nodo,LECCO
2026-02-14,REG,S01524,2,0,2,0,0,2,0,0,2,0,2,2,1,0,0,33,0,33,16.5,16.5,16.5,16.5,nodo,CALOLZIOCORTE OLGINATE
2026-02-14,REG,S01528,73,73,0,0,0,0,0,35,17,21,17,6,5,2,0,299,37,262,3.609984984984985,1.5,9.75,15.199999999999996,nodo,PONTE S.PIETRO
2026-02-14,REG,S01529,111,111,0,0,0,0,0,45,21,45,21,8,1,0,0,277,130,147,1.3253246753246752,0.75,8.05,11.024999999999999,nodo,BERGAMO
2026-02-14,REG,S01630,1,1,0,0,0,0,0,0,1,0,1,0,0,0,0,5,0,5,5.0,5.0,5.0,5.0,nodo,MILANO S.CRISTOFORO
2026-02-14,REG,S01640,6,5,1,0,0,1,0,0,3,3,3,0,0,0,0,21,6,15,3.625,2.75,6.6000000000000005,7.299999999999999,nodo,MILANO CERTOSA
2026-02-14,REG,S01642,95,91,0,4,0,0,0,50,21,24,21,6,1,1,0,276,43,233,2.4248003549245785,1.75,8.100000000000001,9.674999999999997,nodo,MILANO BOVISA POLITECNICO
2026-02-14,REG,S01645,393,385,4,4,0,4,0,184,84,125,84,30,17,6,0,1309,285,1024,2.602680652680653,1.5,8.0,12.574999999999989,nodo,MILANO PORTA GARIBALDI
2026-02-14,REG,S01700,366,361,3,2,0,3,0,192,79,95,79,22,9,2,0,1087,203,884,2.412565695174391,1.5,6.5,10.849999999999994,nodo,MILANO CENTRALE
2026-02-14,REG,S01701,4,1,3,0,0,3,0,2,2,0,2,2,0,0,0,26,0,26,6.5,6.5,9.7,10.1,nodo,MILANO LAMBRATE
2026-02-14,REG,S01703,65,65,0,0,0,0,0,39,12,14,12,3,2,0,0,166,19,147,2.2637310606060606,1.5,5.950000000000001,8.024999999999997,nodo,PIOLTELLO LIMITO
2026-02-14,REG,S01708,137,137,0,0,0,0,0,45,15,77,15,5,3,2,0,277,202,75,0.5750533049040512,-1.5,5.0,6.849999999999998,nodo,TREVIGLIO
2026-02-14,REG,S01717,194,194,0,0,0,0,0,108,57,29,57,12,6,1,0,735,48,687,3.5828276376024704,3.0,8.0,11.0,nodo,BRESCIA
2026-02-14,REG,S01747,34,34,0,0,0,0,0,28,2,4,2,0,0,0,0,57,4,53,1.6145833333333333,1.5,3.3000000000000007,4.274999999999999,nodo,LAVENO MOMBELLO LAGO
2026-02-14,REG,S01765,54,54,0,0,0,0,0,39,14,1,14,0,0,0,0,132,1,131,2.436813186813187,1.75,6.0,6.375,nodo,COMO LAGO
2026-02-14,REG,S01805,2,2,0,0,0,0,0,1,0,1,0,0,0,0,0,2,2,0,0.0,0.0,0.0,0.0,nodo,BRESSANA BOTTARONE
2026-02-14,REG,S01807,33,33,0,0,0,0,0,15,4,14,4,1,0,0,0,58,46,12,0.3694852941176471,0.0,4.450000000000001,7.25,nodo,VOGHERA
2026-02-14,REG,S01810,3,1,2,0,0,2,0,0,3,0,3,2,1,1,0,55,0,55,16.25,16.25,23.25,24.125,nodo,TORTONA
2026-02-14,REG,S01820,123,121,0,2,0,0,0,55,17,51,17,4,2,0,0,216,85,131,1.0690111052353253,0.5,5.5,7.5,nodo,MILANO ROGOREDO
2026-02-14,REG,S01825,78,78,0,0,0,0,0,50,4,24,4,0,0,0,0,75,38,37,0.472313777191826,0.0,3.1999999999999993,4.099999999999998,nodo,LODI
2026-02-14,REG,S01827,2,2,0,0,0,0,0,1,1,0,1,0,0,0,0,8,0,8,4.0,4.0,4.0,4.0,nodo,CASALPUSTERLENGO
2026-02-14,REG,S01828,26,26,0,0,0,0,0,5,4,17,4,3,2,0,0,65,45,20,0.7692307692307692,-2.0,8.400000000000004,11.499999999999993,nodo,CODOGNO
2026-02-14,REG,S01860,163,158,0,5,0,0,0,77,44,42,44,15,6,1,0,604,97,507,3.1017765733212883,2.0,10.400000000000006,14.850000000000009,nodo,PAVIA
2026-02-14,REG,S01864,1,1,0,0,0,0,0,1,0,0,0,0,0,0,0,4,0,4,4.0,4.0,4.0,4.0,nodo,BELGIOIOSO
2026-02-14,REG,S01865,1,1,0,0,0,0,0,1,0,0,0,0,0,0,0,3,0,3,3.0,3.0,3.0,3.0,nodo,CORTEOLONA
2026-02-14,REG,S01915,102,102,0,0,0,0,0,59,16,27,16,1,0,0,0,238,56,182,1.800769230769231,2.0,5.0,6.224999999999998,nodo,CREMONA
2026-02-14,REG,S01919,32,32,0,0,0,0,0,16,13,3,13,4,3,1,0,193,6,187,5.852941176470589,3.5,9.900000000000002,17.499999999999982,nodo,PIADENA
2026-02-14,REG,S01925,1,1,0,0,0,0,0,1,0,0,0,0,0,0,0,2,0,2,2.0,2.0,2.0,2.0,nodo,SEVESO
2026-02-14,REG,S01933,205,205,0,0,0,0,0,164,20,21,20,0,0,0,0,331,29,302,1.4742528079192843,1.0,4.450000000000003,5.0,nodo,SARONNO
2026-02-14,REG,S01945,14,14,0,0,0,0,0,8,5,1,5,1,1,0,0,60,1,59,4.214285714285714,3.5,8.700000000000003,10.349999999999996,nodo,STRADELLA
2026-02-14,REG,S01963,14,14,0,0,0,0,0,10,0,4,0,0,0,0,0,18,6,12,0.8571428571428572,1.0,2.2,2.3499999999999996,nodo,BUSSETO
2026-02-14,REG,S02001,47,47,0,0,0,0,0,9,12,26,12,7,4,2,0,231,81,150,3.1458333333333335,0.75,8.55,20.87499999999998,nodo,BRENNERO
2026-02-14,REG,S02011,12,12,0,0,0,0,0,6,1,5,1,1,0,0,0,20,19,1,0.2142857142857143,0.0,4.800000000000001,5.899999999999999,nodo,FORTEZZA
2026-02-14,REG,S02026,71,71,0,0,0,0,0,30,17,24,17,9,7,5,0,385,93,292,4.121825396825397,1.0,12.950000000000006,30.099999999999987,nodo,BOLZANO
2026-02-14,REG,S02038,49,47,0,2,0,0,0,26,9,14,9,6,4,2,0,199,28,171,3.4766666666666666,0.75,10.0,17.924999999999976,nodo,TRENTO
2026-02-14,REG,S02044,2,0,0,2,0,0,0,2,0,0,0,0,0,0,0,0,0,0,0.0,0.0,0.0,0.0,nodo,ROVERETO
2026-02-14,REG,S02049,2,2,0,0,0,0,0,1,0,1,0,0,0,0,0,0,3,-3,-1.5,-1.5,-1.5,-1.5,nodo,ALA
2026-02-14,REG,S02114,8,8,0,0,0,0,0,4,0,4,0,0,0,0,0,8,10,-2,0.06666666666666665,-0.5,1.9000000000000004,2.4499999999999993,nodo,S.CANDIDO
2026-02-14,REG,S02140,25,25,0,0,0,0,0,5,0,20,0,0,0,0,0,8,59,-51,-2.0865384615384617,-2.5,-0.14999999999999947,1.5249999999999968,nodo,SCHIO
2026-02-14,REG,S02216,42,42,0,0,0,0,0,13,12,17,12,5,1,1,0,178,27,151,3.5952380952380953,1.0,9.0,10.5,nodo,MERANO
2026-02-14,REG,S02314,4,4,0,0,0,0,0,2,1,1,1,0,0,0,0,12,1,11,2.75,2.75,4.95,5.225,nodo,BORGO VALSUGANA EST
2026-02-14,REG,S02336,72,72,0,0,0,0,0,38,6,28,6,1,0,0,0,135,78,57,0.7916666666666667,1.25,4.25,6.0,nodo,MANTOVA
2026-02-14,REG,S02340,12,12,0,0,0,0,0,5,0,7,0,0,0,0,0,11,11,0,0.0,-0.25,2.25,2.625,nodo,SUZZARA
2026-02-14,REG,S02349,28,28,0,0,0,0,0,4,0,24,0,0,0,0,0,4,63,-59,-2.107142857142857,-2.75,-0.6499999999999995,0.3749999999999991,nodo,CARPI
2026-02-14,REG,S02366,5,5,0,0,0,0,0,1,0,4,0,0,0,0,0,0,11,-11,-2.4166666666666665,-2.75,-1.75,-1.625,nodo,LEGNAGO
2026-02-14,REG,S02430,179,177,2,0,0,2,0,77,40,62,40,14,10,2,0,624,243,381,2.13083645443196,1.5,7.200000000000003,13.499999999999986,nodo,VERONA PORTA NUOVA
2026-02-14,REG,S02446,54,54,0,0,0,0,0,10,3,41,3,2,0,0,0,48,100,-52,-0.962962962962963,-1.5,1.8000000000000043,5.099999999999998,nodo,VICENZA
2026-02-14,REG,S02520,88,88,0,0,0,0,0,45,8,35,8,1,1,0,0,152,76,76,0.8636363636363636,1.0,4.0,5.425000000000001,nodo,BASSANO DEL GRAPPA
2026-02-14,REG,S02537,1,1,0,0,0,0,0,0,0,1,0,0,0,0,0,0,1,-1,-1.0,-1.0,-1.0,-1.0,nodo,CASTELFRANCO VENETO
2026-02-14,REG,S02550,33,31,0,2,0,0,0,11,3,19,3,1,1,1,1,126,31,95,2.764705882352941,-1.5,2.6500000000000004,13.399999999999967,nodo,CALALZO PIEVE CADORE CORTINA
2026-02-14,REG,S02558,1,0,1,0,0,1,0,1,0,0,0,0,0,0,0,2,0,2,2.0,2.0,2.0,2.0,nodo,PONTE NELLE ALPI POLPET
2026-02-14,REG,S02559,107,104,1,2,0,1,0,42,14,51,14,2,1,1,1,262,90,172,1.5885744234800838,0.25,4.5,6.0249999999999915,nodo,BELLUNO
2026-02-14,REG,S02570,40,40,0,0,0,0,0,29,1,10,1,0,0,0,0,52,14,38,0.9749373433583959,1.0,3.5,3.5,nodo,MONTEBELLUNA
2026-02-14,REG,S02581,66,66,0,0,0,0,0,16,5,45,5,0,0,0,0,57,86,-29,-0.43939393939393945,-1.0,3.200000000000001,5.399999999999999,nodo,PADOVA
2026-02-14,REG,S02589,9,9,0,0,0,0,0,4,0,5,0,0,0,0,0,5,13,-8,-1.0,-0.5,0.8500000000000003,1.1749999999999994,nodo,VENEZIA MESTRE
2026-02-14,REG,S02593,338,338,0,0,0,0,0,168,67,103,67,20,13,1,0,992,310,682,2.019014602374199,1.5,7.0,10.949999999999989,nodo,VENEZIA S.LUCIA
2026-02-14,REG,S02703,24,24,0,0,0,0,0,5,2,17,2,2,2,0,0,42,35,7,0.29166666666666674,-1.5,8.650000000000002,9.725,nodo,SACILE
2026-02-14,REG,S02706,12,12,0,0,0,0,0,7,2,3,2,0,0,0,0,20,6,14,1.0857142857142856,1.0,3.6000000000000005,4.299999999999999,nodo,CONEGLIANO
2026-02-14,REG,S02712,100,100,0,0,0,0,0,53,4,43,4,1,0,0,0,108,87,21,0.21188475390156064,0.0,3.5,3.799999999999997,nodo,TREVISO CENTRALE
2026-02-14,REG,S02830,14,14,0,0,0,0,0,10,2,2,2,0,0,0,0,28,3,25,1.7857142857142858,1.5,4.100000000000001,5.299999999999997,nodo,CASARSA
2026-02-14,REG,S03015,6,6,0,0,0,0,0,0,1,5,1,1,1,0,0,24,14,10,1.6666666666666667,-3.0,8.600000000000001,10.049999999999999,nodo,TARVISIO BOSCOVERDE
2026-02-14,REG,S03016,9,9,0,0,0,0,0,2,1,6,1,0,0,0,0,8,15,-7,-0.6000000000000001,-0.25,1.5500000000000003,1.7749999999999995,nodo,CARNIA
2026-02-14,REG,S03019,2,2,0,0,0,0,0,0,2,0,2,1,0,0,0,19,0,19,9.5,9.5,9.5,9.5,nodo,GEMONA DEL FRIULI
2026-02-14,REG,S03026,47,47,0,0,0,0,0,20,9,18,9,3,2,0,0,118,51,67,1.3918181818181818,1.0,5.0,7.849999999999998,nodo,UDINE
2026-02-14,REG,S03084,14,14,0,0,0,0,0,1,0,13,0,0,0,0,0,0,26,-26,-1.8571428571428572,-2.0,-0.7999999999999998,-0.6500000000000004,nodo,MANIAGO
2026-02-14,REG,S03200,79,79,0,0,0,0,0,41,11,27,11,2,1,0,0,158,77,81,1.0288461538461537,1.0,5.550000000000001,7.024999999999999,nodo,PORTOGRUARO CAORLE
2026-02-14,REG,S03310,1,1,0,0,0,0,0,1,0,0,0,0,0,0,0,1,0,1,1.0,1.0,1.0,1.0,nodo,MONFALCONE
2026-02-14,REG,S03317,82,82,0,0,0,0,0,24,15,43,15,8,5,0,0,237,120,117,1.4255952380952381,-0.5,7.949999999999999,14.524999999999991,nodo,TRIESTE CENTRALE
2026-02-14,REG,S03466,4,4,0,0,0,0,0,3,1,0,1,1,0,0,0,20,0,20,5.0,5.0,7.4,7.7,nodo,VILLA OPICINA
2026-02-14,REG,S04203,17,17,0,0,0,0,0,6,5,6,5,2,0,0,0,56,13,43,2.513888888888889,1.0,8.95,10.974999999999998,nodo,NOVI LIGURE
2026-02-14,REG,S04207,25,25,0,0,0,0,0,1,2,22,2,0,0,0,0,16,89,-73,-2.958333333333333,-4.0,-0.29999999999999893,3.249999999999993,nodo,ARQUATA SCRIVIA
2026-02-14,REG,S04501,38,38,0,0,0,0,0,21,3,14,3,1,1,0,0,78,34,44,1.2156862745098038,0.0,4.500000000000001,7.799999999999995,nodo,VENTIMIGLIA
2026-02-14,REG,S04515,1,1,0,0,0,0,0,1,0,0,0,0,0,0,0,4,0,4,4.0,4.0,4.0,4.0,nodo,ALASSIO
2026-02-14,REG,S04516,8,8,0,0,0,0,0,1,0,7,0,0,0,0,0,3,21,-18,-2.25,-2.25,0.10000000000000053,0.5499999999999989,nodo,ALBENGA
2026-02-14,REG,S04523,3,3,0,0,0,0,0,1,1,1,1,1,1,0,0,24,1,23,5.5,5.5,9.5,10.0,nodo,IMPERIA
2026-02-14,REG,S04534,22,22,0,0,0,0,0,6,0,16,0,0,0,0,0,9,33,-24,-1.0909090909090908,-1.5,1.0,1.25,nodo,GENOVA VOLTRI
2026-02-14,REG,S04700,34,34,0,0,0,0,0,5,4,25,4,1,1,0,0,48,134,-86,-2.642361111111111,-4.25,3.6500000000000004,5.424999999999994,nodo,GENOVA PIAZZA PRINCIPE
2026-02-14,REG,S04702,121,121,0,0,0,0,0,34,13,74,13,6,5,1,0,226,273,-47,-0.3847731000546747,-1.5,5.600000000000001,8.549999999999962,nodo,GENOVA BRIGNOLE
2026-02-14,REG,S04707,18,18,0,0,0,0,0,4,0,14,0,0,0,0,0,8,30,-22,-1.2222222222222223,-2.0,0.9000000000000004,1.6999999999999993,nodo,GENOVA NERVI
2026-02-14,REG,S04725,57,57,0,0,0,0,0,17,9,31,9,1,1,0,0,105,74,31,0.5615763546798029,-0.25,5.25,6.299999999999999,nodo,SESTRI LEVANTE
2026-02-14,REG,S04801,82,81,1,0,0,1,0,30,10,42,10,1,1,0,0,129,147,-18,-0.24821428571428572,0.0,4.949999999999999,5.974999999999998,nodo,SAVONA
2026-02-14,REG,S04805,11,11,0,0,0,0,0,4,1,6,1,0,0,0,0,13,11,2,0.25,-0.75,3.5,4.25,nodo,S.GIUSEPPE DI CAIRO
2026-02-14,REG,S05000,92,91,1,0,0,1,0,21,18,53,18,5,3,0,0,201,175,26,0.25248226950354613,-1.0,6.300000000000001,8.74999999999999,nodo,PIACENZA
2026-02-14,REG,S05009,42,42,0,0,0,0,0,31,0,11,0,0,0,0,0,8,14,-6,-0.14285714285714285,-0.5,0.5,0.5,nodo,FIDENZA
2026-02-14,REG,S05014,102,100,1,1,0,1,0,51,24,27,24,10,6,0,0,373,69,304,2.980392156862745,1.0,9.0,15.25,nodo,PARMA
2026-02-14,REG,S05017,16,16,0,0,0,0,0,12,4,0,4,0,0,0,0,46,0,46,2.875,2.5,5.0,6.0,nodo,BUDRIO
2026-02-14,REG,S05023,47,47,0,0,0,0,0,25,5,17,5,0,0,0,0,79,23,56,1.1820652173913042,1.0,4.35,4.924999999999999,nodo,REGGIO EMILIA
2026-02-14,REG,S05032,135,135,0,0,0,0,0,48,6,81,6,0,0,0,0,118,212,-94,-0.690188762071993,-1.0,2.6999999999999993,4.174999999999997,nodo,MODENA
2026-02-14,REG,S05043,317,316,0,1,0,0,0,107,25,185,25,7,5,2,0,455,601,-146,-0.4542124542124542,-1.5,3.5,5.0,nodo,BOLOGNA CENTRALE
2026-02-14,REG,S05054,48,48,0,0,0,0,0,21,10,17,10,2,2,0,0,126,39,87,1.8304347826086955,1.0,5.9,7.199999999999996,nodo,IMOLA
2026-02-14,REG,S05056,4,4,0,0,0,0,0,3,0,1,0,0,0,0,0,4,1,3,0.75,0.75,1.35,1.4249999999999998,nodo,CASTELBOLOGNESE-RIOLO TERME
2026-02-14,REG,S05058,29,29,0,0,0,0,0,11,4,14,4,0,0,0,0,44,33,11,0.40952380952380957,-0.5,4.45,5.824999999999998,nodo,FAENZA
2026-02-14,REG,S05071,73,73,0,0,0,0,0,24,8,41,8,2,2,0,0,116,130,-14,-0.19256756756756757,-1.25,4.25,7.8499999999999766,nodo,RIMINI
2026-02-14,REG,S05090,48,48,0,0,0,0,0,37,0,11,0,0,0,0,0,13,14,-1,-0.020833333333333332,0.0,0.5,0.9249999999999989,nodo,SALSOMAGGIORE TERME
2026-02-14,REG,S05105,18,18,0,0,0,0,0,10,0,8,0,0,0,0,0,20,11,9,0.5,0.5,2.0,2.0,nodo,MARZABOTTO
2026-02-14,REG,S05110,55,55,0,0,0,0,0,20,4,31,4,0,0,0,0,53,56,-3,-0.051587301587301584,-0.5,3.450000000000001,4.5,nodo,PORRETTA TERME
2026-02-14,REG,S05131,90,90,0,0,0,0,0,37,3,50,3,0,0,0,0,71,123,-52,-0.5777777777777777,-1.0,2.3000000000000007,2.5,nodo,PIANORO
2026-02-14,REG,S05134,2,2,0,0,0,0,0,1,0,1,0,0,0,0,0,2,4,-2,-1.0,-1.0,-1.0,-1.0,nodo,S.BENEDETTO SAMBRO-CASTIGLIONE PEPOLI
2026-02-14,REG,S05161,10,10,0,0,0,0,0,9,1,0,1,0,0,0,0,25,0,25,2.5,2.5,4.1,4.3,nodo,SERMIDE
2026-02-14,REG,S05180,44,44,0,0,0,0,0,31,2,11,2,0,0,0,0,60,22,38,0.8636363636363636,0.75,3.400000000000002,3.9749999999999996,nodo,SASSUOLO TERMINAL
2026-02-14,REG,S05192,13,13,0,0,0,0,0,6,5,2,5,0,0,0,0,48,2,46,3.4404761904761907,3.25,6.7,7.6,nodo,REGGIO S.LAZZARO
2026-02-14,REG,S05194,17,17,0,0,0,0,0,7,0,10,0,0,0,0,0,10,11,-1,-0.03472222222222221,-0.5,1.75,2.1249999999999996,nodo,SASSUOLO RADICI
2026-02-14,REG,S05308,30,30,0,0,0,0,0,8,1,21,1,1,1,0,0,43,71,-28,-1.0669642857142858,-2.25,2.0500000000000016,5.625,nodo,POGGIO RUSCO
2026-02-14,REG,S05420,22,22,0,0,0,0,0,12,3,7,3,0,0,0,0,33,17,16,0.8,1.0,4.0,4.2749999999999995,nodo,ADRIA
2026-02-14,REG,S05703,12,12,0,0,0,0,0,6,0,6,0,0,0,0,0,9,8,1,0.1,0.0,1.9000000000000006,2.449999999999999,nodo,MONSELICE
2026-02-14,REG,S05706,35,35,0,0,0,0,0,12,2,21,2,1,0,0,0,37,85,-48,-1.3970588235294117,-1.5,3.700000000000001,5.974999999999998,nodo,ROVIGO
2026-02-14,REG,S05712,88,88,0,0,0,0,0,34,8,46,8,3,2,0,0,144,127,17,0.19318181818181818,-0.5,3.8500000000000014,8.750000000000007,nodo,FERRARA
2026-02-14,REG,S05722,4,4,0,0,0,0,0,2,0,2,0,0,0,0,0,2,8,-6,-1.5,-1.5,0.5,0.7499999999999998,nodo,S.PIETRO IN CASALE
2026-02-14,REG,S05799,17,17,0,0,0,0,0,12,1,4,1,0,0,0,0,28,9,19,1.1875,1.25,3.65,3.8249999999999997,nodo,CODIGORO
2026-02-14,REG,S05802,16,16,0,0,0,0,0,12,4,0,4,0,0,0,0,46,0,46,2.875,2.5,5.0,6.0,nodo,PORTOMAGGIORE
2026-02-14,REG,S05811,63,63,0,0,0,0,0,27,3,33,3,1,1,0,0,72,82,-10,-0.16935483870967744,-0.75,3.450000000000001,4.475,nodo,RAVENNA
2026-02-14,REG,S05921,21,21,0,0,0,0,0,11,5,5,5,0,0,0,0,56,9,47,2.309090909090909,2.25,5.1,6.549999999999999,nodo,CIANO D\'ENZA
2026-02-14,REG,S05951,1,1,0,0,0,0,0,1,0,0,0,0,0,0,0,1,0,1,1.0,1.0,1.0,1.0,nodo,LUGO
2026-02-14,REG,S05960,22,22,0,0,0,0,0,13,5,4,5,0,0,0,0,61,5,56,2.5454545454545454,2.0,5.5,7.0,nodo,GUASTALLA
2026-02-14,REG,S06000,122,122,0,0,0,0,0,49,12,61,12,2,0,0,0,168,177,-9,-0.07377049180327866,-0.5,4.5,6.0,nodo,LA SPEZIA CENTRALE
2026-02-14,REG,S06007,2,2,0,0,0,0,0,2,0,0,0,0,0,0,0,4,0,4,2.0,2.0,2.0,2.0,nodo,SARZANA
2026-02-14,REG,S06013,22,22,0,0,0,0,0,12,1,9,1,0,0,0,0,29,21,8,0.36363636363636365,1.0,3.5,4.25,nodo,AULLA LUNIGIANA
2026-02-14,REG,S06026,1,1,0,0,0,0,0,1,0,0,0,0,0,0,0,1,0,1,1.0,1.0,1.0,1.0,nodo,CECINA
2026-02-14,REG,S06031,11,11,0,0,0,0,0,9,0,2,0,0,0,0,0,8,3,5,0.48333333333333334,0.75,1.6,1.7999999999999998,nodo,CAMPIGLIA MARITTIMA
2026-02-14,REG,S06033,1,1,0,0,0,0,0,0,0,1,0,0,0,0,0,0,4,-4,-4.0,-4.0,-4.0,-4.0,nodo,FOLLONICA
2026-02-14,REG,S06039,30,30,0,0,0,0,0,13,5,12,5,3,3,1,0,124,33,91,3.084821428571429,0.25,9.900000000000006,18.099999999999994,nodo,GROSSETO
2026-02-14,REG,S06040,43,43,0,0,0,0,0,17,2,24,2,0,0,0,0,39,67,-28,-0.6580086580086579,-1.5,2.5,2.9749999999999996,nodo,VIAREGGIO
2026-02-14,REG,S06161,9,9,0,0,0,0,0,6,1,2,1,0,0,0,0,22,4,18,1.925,2.0,4.550000000000001,5.0249999999999995,nodo,BORGO VAL DI TARO
2026-02-14,REG,S06163,11,11,0,0,0,0,0,5,2,4,2,1,0,0,0,24,7,17,1.7166666666666668,1.25,5.25,6.125,nodo,PONTREMOLI
2026-02-14,REG,S06227,3,3,0,0,0,0,0,1,0,2,0,0,0,0,0,3,3,0,-0.25,-0.25,0.75,0.875,nodo,MINUCCIANO-PIEVE-CASOLA
2026-02-14,REG,S06325,15,15,0,0,0,0,0,6,0,9,0,0,0,0,0,10,17,-7,-0.4464285714285714,-1.25,1.9000000000000004,2.6999999999999984,nodo,PIAZZA AL SERCHIO
2026-02-14,REG,S06404,77,75,2,0,0,2,0,40,6,31,6,3,1,0,0,139,58,81,1.0600539811066128,1.0,4.650000000000002,6.649999999999999,nodo,LUCCA
2026-02-14,REG,S06409,10,10,0,0,0,0,0,2,3,5,3,1,0,0,0,22,7,15,1.5,2.0,4.5,5.0,nodo,PESCIA
2026-02-14,REG,S06411,23,22,1,0,0,1,0,10,0,13,0,0,0,0,0,19,31,-12,-0.4772727272727273,-0.5,1.9500000000000002,2.924999999999999,nodo,MONTECATINI TERME-MONSUMMANO
2026-02-14,REG,S06414,30,29,1,0,0,1,0,10,2,18,2,0,0,0,0,32,35,-3,-0.10267857142857142,-1.25,3.650000000000002,5.0249999999999995,nodo,PISTOIA
2026-02-14,REG,S06416,19,16,1,2,0,1,0,11,0,8,0,0,0,0,0,22,25,-3,-0.07222222222222219,0.0,3.05,3.2749999999999995,nodo,PRATO CENTRALE
2026-02-14,REG,S06419,12,12,0,0,0,0,0,8,2,2,2,0,0,0,0,30,2,28,2.333333333333333,2.5,4.25,4.625,nodo,FIRENZE CASTELLO
2026-02-14,REG,S06420,1,1,0,0,0,0,0,0,0,1,0,0,0,0,0,0,1,-1,-1.0,-1.0,-1.0,-1.0,nodo,FIRENZE RIFREDI
2026-02-14,REG,S06421,343,333,3,7,0,3,0,139,32,172,32,16,11,3,2,729,406,323,0.9438286297177831,-0.5,4.450000000000003,7.7749999999999915,nodo,FIRENZE SANTA MARIA NOVELLA
2026-02-14,REG,S06500,142,141,1,0,0,1,0,58,14,70,14,7,4,2,0,320,169,151,1.063380281690141,-0.5,4.5,8.75,nodo,PISA CENTRALE
2026-02-14,REG,S06506,8,8,0,0,0,0,0,5,0,3,0,0,0,0,0,11,5,6,0.75,0.75,2.9000000000000004,3.1999999999999993,nodo,PONTEDERA CASCIANA TERME
2026-02-14,REG,S06510,46,46,0,0,0,0,0,18,2,26,2,0,0,0,0,48,59,-11,-0.2391304347826087,-1.0,2.9000000000000004,3.8999999999999986,nodo,EMPOLI
2026-02-14,REG,S06603,1,1,0,0,0,0,0,1,0,0,0,0,0,0,0,3,0,3,3.0,3.0,3.0,3.0,nodo,S.PIERO A SIEVE
2026-02-14,REG,S06604,59,53,5,1,0,5,0,17,5,37,5,1,1,0,0,78,89,-11,-0.19482758620689658,-1.0,4.199999999999999,6.099999999999994,nodo,BORGO S.LORENZO
2026-02-14,REG,S06610,1,1,0,0,0,0,0,0,0,1,0,0,0,0,0,0,3,-3,-3.0,-3.0,-3.0,-3.0,nodo,MARRADI-PALAZZUOLO SUL SENIO
2026-02-14,REG,S06725,55,55,0,0,0,0,0,29,2,24,2,0,0,0,0,47,43,4,0.06812169312169314,0.0,2.6500000000000004,3.3249999999999993,nodo,LIVORNO CENTRALE
2026-02-14,REG,S06775,13,13,0,0,0,0,0,7,0,6,0,0,0,0,0,7,15,-8,-0.5833333333333334,-0.5,1.1000000000000005,1.549999999999999,nodo,PIOMBINO MARITTIMA
2026-02-14,REG,S06809,97,97,0,0,0,0,0,24,5,68,5,0,0,0,0,61,163,-102,-1.056547619047619,-1.5,2.1000000000000014,4.1249999999999964,nodo,SIENA
2026-02-14,REG,S06874,15,15,0,0,0,0,0,3,1,11,1,0,0,0,0,10,21,-11,-0.6785714285714286,-1.5,2.2500000000000004,2.8749999999999987,nodo,BUONCONVENTO
2026-02-14,REG,S06900,15,10,5,0,0,5,0,6,1,8,1,1,1,0,0,31,21,10,0.7,0.0,3.9999999999999973,7.249999999999993,nodo,FIRENZE CAMPO MARTE
2026-02-14,REG,S06904,13,6,4,3,0,4,0,4,2,7,2,0,0,0,0,19,13,6,0.619047619047619,-0.25,4.5,4.5,nodo,PONTASSIEVE
2026-02-14,REG,S06908,2,0,2,0,0,2,0,0,2,0,2,2,2,1,0,75,0,75,37.5,37.5,37.5,37.5,nodo,FIGLINE VALDARNO
2026-02-14,REG,S06909,1,0,1,0,0,1,0,0,0,1,0,0,0,0,0,0,2,-2,-2.0,-2.0,-2.0,-2.0,nodo,S.GIOVANNI VALDARNO
2026-02-14,REG,S06910,3,1,0,2,0,0,0,2,0,1,0,0,0,0,0,0,1,-1,-0.25,-0.25,-0.04999999999999999,-0.025000000000000022,nodo,MONTEVARCHI TERRANUOVA
2026-02-14,REG,S06915,39,29,4,6,0,4,0,23,2,14,2,1,1,0,0,64,43,21,0.46031746031746035,0.25,3.6500000000000004,4.299999999999997,nodo,AREZZO
2026-02-14,REG,S06922,13,13,0,0,0,0,0,5,2,6,2,2,2,0,0,45,15,30,1.9880952380952384,-0.5,9.45,9.725,nodo,TERONTOLA CORTONA
2026-02-14,REG,S06925,50,47,2,1,0,2,0,25,6,19,6,4,3,0,0,139,55,84,1.623397435897436,0.5,9.75,15.174999999999999,nodo,CHIUSI-CHIANCIANO TERME
2026-02-14,REG,S07004,13,10,3,0,0,3,0,1,9,3,9,9,8,8,3,479,6,473,35.595238095238095,31.0,75.7,85.35,nodo,PERUGIA
2026-02-14,REG,S07005,2,2,0,0,0,0,0,1,0,1,0,0,0,0,0,2,1,1,0.5,0.5,0.5,0.5,nodo,PERUGIA PONTE S.GIOVANNI
2026-02-14,REG,S07104,14,14,0,0,0,0,0,5,2,7,2,0,0,0,0,16,15,1,0.0,-0.25,3.25,3.375,nodo,PESARO
2026-02-14,REG,S07113,106,103,3,0,0,3,0,28,22,56,22,11,10,4,4,578,152,426,4.018867924528302,-0.5,10.900000000000013,28.899999999999967,nodo,ANCONA
2026-02-14,REG,S07202,4,4,0,0,0,0,0,1,0,3,0,0,0,0,0,0,6,-6,-1.5,-1.5,-1.1,-1.05,nodo,JESI
2026-02-14,REG,S07208,24,22,2,0,0,2,0,9,3,12,3,2,2,1,1,198,33,165,6.875,0.0,10.300000000000002,41.37499999999995,nodo,FABRIANO
2026-02-14,REG,S07217,41,39,2,0,0,2,0,13,9,19,9,6,5,2,1,262,62,200,4.783333333333333,0.0,14.850000000000005,26.1,nodo,FOLIGNO
2026-02-14,REG,S07226,29,29,0,0,0,0,0,10,5,14,5,3,2,2,0,115,42,73,2.4285714285714284,0.25,11.849999999999998,19.849999999999994,nodo,TERNI
2026-02-14,REG,S07307,13,13,0,0,0,0,0,6,1,6,1,1,1,0,0,33,13,20,1.3452380952380953,0.75,4.900000000000002,7.199999999999996,nodo,MACERATA
2026-02-14,REG,S07405,8,8,0,0,0,0,0,3,5,0,5,3,2,2,0,100,0,100,12.5,11.25,23.750000000000004,24.874999999999996,nodo,RIETI
2026-02-14,REG,S07414,25,25,0,0,0,0,0,8,0,17,0,0,0,0,0,17,44,-27,-1.0769230769230769,-1.75,2.0,2.8749999999999982,nodo,L\'AQUILA
2026-02-14,REG,S07506,10,10,0,0,0,0,0,4,1,5,1,1,1,0,0,29,9,20,2.0,0.5,7.7,9.599999999999998,nodo,CIVITANOVA MARCHE-MONTEGRANARO
2026-02-14,REG,S07513,18,18,0,0,0,0,0,8,4,6,4,2,2,1,0,74,19,55,3.055555555555556,0.5,11.3,14.899999999999997,nodo,S.BENEDETTO DEL TRONTO
2026-02-14,REG,S07550,17,17,0,0,0,0,0,7,2,8,2,0,0,0,0,24,20,4,0.16666666666666663,0.5,3.15,4.074999999999999,nodo,ASCOLI PICENO
2026-02-14,REG,S07706,2,2,0,0,0,0,0,1,0,1,0,0,0,0,0,1,1,0,0.0,0.0,0.0,0.0,nodo,TORRE DEI PASSERI
2026-02-14,REG,S07802,4,2,2,0,0,2,0,1,2,1,2,2,2,1,1,107,1,106,26.5,26.5,48.1,50.8,nodo,GIULIANOVA
2026-02-14,REG,S07810,80,80,0,0,0,0,0,24,5,51,5,2,2,0,0,101,104,-3,-0.0428392745465916,-1.0,3.0,5.2500000000000036,nodo,PESCARA
2026-02-14,REG,S07813,4,4,0,0,0,0,0,2,0,2,0,0,0,0,0,1,3,-2,-0.5,-0.5,0.30000000000000004,0.3999999999999999,nodo,FRANCAVILLA AL MARE
2026-02-14,REG,S07824,2,2,0,0,0,0,0,0,0,2,0,0,0,0,0,0,5,-5,-2.5,-2.5,-2.5,-2.5,nodo,VASTO S.SALVO
2026-02-14,REG,S07900,25,25,0,0,0,0,0,16,0,9,0,0,0,0,0,24,15,9,0.3782051282051282,0.0,2.4000000000000004,2.924999999999999,nodo,TERAMO
2026-02-14,REG,S08004,4,4,0,0,0,0,0,2,0,2,0,0,0,0,0,4,5,-1,-0.25,-0.25,0.75,0.875,nodo,ORBETELLO-MONTE ARGENTARIO
2026-02-14,REG,S08010,28,24,1,3,0,1,0,8,16,4,16,11,6,0,0,230,5,225,8.447916666666668,6.75,18.95,20.424999999999997,nodo,CIVITAVECCHIA
2026-02-14,REG,S08016,13,0,11,2,0,11,0,6,7,0,7,2,2,0,0,83,0,83,5.5625,3.75,12.35,13.424999999999997,nodo,S.SEVERA
2026-02-14,REG,S08021,1,1,0,0,0,0,0,0,0,1,0,0,0,0,0,0,1,-1,-1.0,-1.0,-1.0,-1.0,nodo,LADISPOLI-CERVETERI
2026-02-14,REG,S08203,1,1,0,0,0,0,0,1,0,0,0,0,0,0,0,1,0,1,1.0,1.0,1.0,1.0,nodo,ORVIETO
2026-02-14,REG,S08209,30,28,1,1,0,1,0,10,15,5,15,13,12,8,3,523,26,497,15.630681818181818,6.5,49.90000000000002,53.05,nodo,ORTE
2026-02-14,REG,S08213,14,1,0,13,0,0,0,13,1,0,1,1,1,0,0,24,0,24,1.5,0.0,3.599999999999998,7.799999999999994,nodo,POGGIO MIRTETO
2026-02-14,REG,S08214,8,1,0,7,0,0,0,7,1,0,1,1,1,0,0,17,0,17,2.125,0.0,5.950000000000001,7.224999999999997,nodo,FARA SABINA-MONTELIBRETTI
2026-02-14,REG,S08215,2,1,1,0,0,1,0,0,1,1,1,1,1,1,0,31,1,30,15.0,15.0,27.8,29.4,nodo,MONTEROTONDO-MENTANA
2026-02-14,REG,S08217,109,80,8,21,0,8,0,40,24,45,24,21,20,15,6,974,149,825,7.197395833333333,-1.0,35.95000000000001,54.09999999999994,nodo,ROMA TIBURTINA
2026-02-14,REG,S08304,24,22,2,0,0,2,0,9,5,10,5,5,5,3,1,201,18,183,7.625,0.5,27.050000000000004,40.69999999999998,nodo,VITERBO PORTA FIORENTINA
2026-02-14,REG,S08306,18,17,0,1,0,0,0,4,10,4,10,8,8,2,1,284,11,273,15.166666666666666,8.5,33.7,53.09999999999998,nodo,VITERBO PORTA ROMANA
2026-02-14,REG,S08311,2,0,2,0,0,2,0,1,1,0,1,0,0,0,0,6,0,6,3.0,3.0,3.0,3.0,nodo,CAPRANICA-SUTRI
2026-02-14,REG,S08315,25,24,0,1,0,0,0,11,2,12,2,1,0,0,0,40,41,-1,-0.1698717948717947,-0.5,1.8500000000000005,3.1999999999999957,nodo,BRACCIANO
2026-02-14,REG,S08319,13,12,1,0,0,1,0,6,0,7,0,0,0,0,0,9,20,-11,-0.7142857142857142,-0.75,1.1000000000000005,1.549999999999999,nodo,CESANO DI ROMA
2026-02-14,REG,S08320,2,2,0,0,0,0,0,1,0,1,0,0,0,0,0,2,1,1,0.5,0.5,0.5,0.5,nodo,LA STORTA
2026-02-14,REG,S08323,10,10,0,0,0,0,0,1,0,9,0,0,0,0,0,0,9,-9,-0.9,-1.0,-0.7,-0.6000000000000001,nodo,ROMA S.PIETRO
2026-02-14,REG,S08331,16,16,0,0,0,0,0,4,0,12,0,0,0,0,0,9,13,-4,-0.25,-1.0,1.5999999999999996,2.299999999999999,nodo,VIGNA CLARA PES
2026-02-14,REG,S08406,153,148,3,2,0,3,0,69,22,62,22,11,10,3,1,533,142,391,2.545710868079289,0.25,5.0,17.5,nodo,ROMA OSTIENSE
2026-02-14,REG,S08408,2,2,0,0,0,0,0,1,0,1,0,0,0,0,0,2,1,1,0.5,0.5,0.5,0.5,nodo,ROMA TUSCOLANA
2026-02-14,REG,S08409,436,417,14,5,0,14,0,179,90,167,90,58,43,17,6,2211,493,1718,3.9577176822713573,0.0,15.5,25.99999999999997,nodo,ROMA TERMINI
2026-02-14,REG,S08411,203,203,0,0,0,0,0,117,11,75,11,1,1,1,0,264,189,75,0.3704854368932039,0.5,3.5,4.5,nodo,FIUMICINO AEROPORTO
2026-02-14,REG,S08506,10,10,0,0,0,0,0,2,0,8,0,0,0,0,0,0,18,-18,-1.8,-2.0,-0.5999999999999999,-0.30000000000000027,nodo,GUIDONIA-MONTECELIO-S.ANGELO
2026-02-14,REG,S08508,22,22,0,0,0,0,0,7,0,15,0,0,0,0,0,11,38,-27,-1.2272727272727273,-1.0,1.5,2.0,nodo,TIVOLI
2026-02-14,REG,S08512,6,6,0,0,0,0,0,1,0,5,0,0,0,0,0,0,11,-11,-1.8333333333333335,-2.0,-1.2,-1.1,nodo,VALLE DELL\'ANIENE-MANDELA-SAMBUCI
2026-02-14,REG,S08526,46,46,0,0,0,0,0,19,5,22,5,1,0,0,0,73,82,-9,-0.19565217391304351,0.5,5.200000000000001,5.949999999999999,nodo,AVEZZANO
2026-02-14,REG,S08539,41,41,0,0,0,0,0,17,0,24,0,0,0,0,0,15,51,-36,-0.8678571428571429,-0.75,1.0,1.0500000000000007,nodo,SULMONA
2026-02-14,REG,S08608,4,4,0,0,0,0,0,1,1,2,1,0,0,0,0,5,2,3,0.75,0.75,2.1500000000000004,2.3249999999999997,nodo,LATINA
2026-02-14,REG,S08640,8,8,0,0,0,0,0,4,4,0,4,2,2,0,0,64,0,64,9.666666666666666,10.5,14.5,15.0,nodo,FORMIA-GAETA
2026-02-14,REG,S08650,7,7,0,0,0,0,0,1,0,6,0,0,0,0,0,1,13,-12,-1.75,-2.0,-0.3999999999999998,-0.2000000000000004,nodo,CIAMPINO
2026-02-14,REG,S08657,2,2,0,0,0,0,0,0,0,2,0,0,0,0,0,0,2,-2,-1.0,-1.0,-1.0,-1.0,nodo,COLLEFERRO-SEGNI-PALIANO
2026-02-14,REG,S08662,19,19,0,0,0,0,0,9,3,7,3,2,1,0,0,49,22,27,1.3611111111111112,0.5,7.749999999999998,10.624999999999995,nodo,FROSINONE
2026-02-14,REG,S08671,65,65,0,0,0,0,0,22,11,32,11,5,2,0,0,154,116,38,0.5994318181818181,0.0,7.200000000000001,10.699999999999996,nodo,CASSINO
2026-02-14,REG,S08704,34,34,0,0,0,0,0,11,0,23,0,0,0,0,0,6,43,-37,-1.088235294117647,-1.0,0.40000000000000036,1.0999999999999996,nodo,ALBANO LAZIALE
2026-02-14,REG,S08710,22,22,0,0,0,0,0,11,3,8,3,0,0,0,0,26,21,5,0.21666666666666667,0.0,4.45,4.5,nodo,NETTUNO
2026-02-14,REG,S08734,35,35,0,0,0,0,0,21,6,8,6,3,3,1,0,132,17,115,3.2663398692810457,1.75,7.600000000000004,16.09999999999998,nodo,VELLETRI
2026-02-14,REG,S08751,13,13,0,0,0,0,0,3,0,10,0,0,0,0,0,1,26,-25,-1.8214285714285714,-1.75,-1.0499999999999998,-0.7750000000000004,nodo,FRASCATI
2026-02-14,REG,S08850,4,4,0,0,0,0,0,2,1,1,1,0,0,0,0,9,1,8,2.0,2.0,3.5999999999999996,3.8,nodo,CAPISTRELLO
2026-02-14,REG,S08906,2,2,0,0,0,0,0,2,0,0,0,0,0,0,0,0,0,0,0.0,0.0,0.0,0.0,nodo,ROCCARASO
2026-02-14,REG,S09000,1,1,0,0,0,0,0,0,0,1,0,0,0,0,0,0,1,-1,-1.0,-1.0,-1.0,-1.0,nodo,SESSA AURUNCA-ROCCAMONFINA
2026-02-14,REG,S09003,69,67,0,2,0,0,0,30,27,12,27,5,3,0,0,300,27,273,3.9420168067226893,3.75,7.5,12.174999999999995,nodo,VILLA LITERNO
2026-02-14,REG,S09101,6,6,0,0,0,0,0,4,0,2,0,0,0,0,0,10,3,7,1.1666666666666667,1.0,3.0,3.25,nodo,POZZUOLI SOLFATARA
2026-02-14,REG,S09103,50,50,0,0,0,0,0,25,18,7,18,1,0,0,0,189,17,172,3.4471153846153846,3.75,6.85,7.799999999999999,nodo,NAPOLI CAMPI FLEGREI
2026-02-14,REG,S09150,8,8,0,0,0,0,0,2,3,3,3,1,0,0,0,25,4,21,2.7666666666666666,2.5,7.2,8.6,nodo,MINTURNO-SCAURI
2026-02-14,REG,S09203,6,6,0,0,0,0,0,3,1,2,1,1,1,1,0,50,14,36,6.0,-1.0,18.200000000000003,20.599999999999998,nodo,VAIRANO-CAIANELLO
2026-02-14,REG,S09206,1,0,1,0,0,1,0,1,0,0,0,0,0,0,0,3,0,3,3.0,3.0,3.0,3.0,nodo,SPARANISE
2026-02-14,REG,S09211,62,61,0,1,0,0,0,18,13,31,13,3,3,1,0,189,117,72,1.342436974789916,0.25,7.35,10.124999999999993,nodo,CASERTA
2026-02-14,REG,S09218,156,153,0,3,0,0,0,45,39,72,39,19,15,2,0,620,302,318,2.022222222222222,0.5,13.400000000000013,18.299999999999997,nodo,NAPOLI CENTRALE
2026-02-14,REG,S09453,18,17,1,0,0,1,0,6,1,11,1,1,1,0,0,31,45,-14,-0.7777777777777779,-2.0,4.500000000000002,8.499999999999996,nodo,BOIANO
2026-02-14,REG,S09702,18,18,0,0,0,0,0,11,0,7,0,0,0,0,0,20,50,-30,-1.6666666666666665,-1.0,2.7,3.0999999999999996,nodo,SARNO
2026-02-14,REG,S09706,14,14,0,0,0,0,0,7,1,6,1,0,0,0,0,16,20,-4,-0.2857142857142857,0.5,3.1000000000000005,3.549999999999999,nodo,MERCATO S.SEVERINO
2026-02-14,REG,S09806,2,2,0,0,0,0,0,0,0,2,0,0,0,0,0,0,6,-6,-3.0,-3.0,-3.0,-3.0,nodo,TORRE ANNUNZIATA CENTRALE
2026-02-14,REG,S09814,14,14,0,0,0,0,0,3,0,11,0,0,0,0,0,6,37,-31,-2.2142857142857144,-2.5,1.1000000000000005,1.549999999999999,nodo,NOCERA INFERIORE
2026-02-14,REG,S09818,99,99,0,0,0,0,0,57,4,38,4,2,0,0,0,90,177,-87,-1.083031674208145,-1.0,2.8000000000000007,3.8999999999999986,nodo,SALERNO
2026-02-14,REG,S09823,4,4,0,0,0,0,0,2,0,2,0,0,0,0,0,1,7,-6,-1.5,-1.5,0.10000000000000009,0.2999999999999998,nodo,BATTIPAGLIA
2026-02-14,REG,S09824,5,5,0,0,0,0,0,2,0,3,0,0,0,0,0,4,18,-14,-2.666666666666667,-3.0,1.0,1.4999999999999996,nodo,EBOLI
2026-02-14,REG,S09828,3,3,0,0,0,0,0,1,1,1,1,1,0,0,0,15,6,9,5.75,5.75,7.15,7.325,nodo,BUCCINO S.GREGORIO MAGNO
2026-02-14,REG,S09839,29,29,0,0,0,0,0,29,0,0,0,0,0,0,0,0,0,0,0.0,0.0,0.0,0.0,nodo,ARECHI
2026-02-14,REG,S11019,26,26,0,0,0,0,0,8,0,18,0,0,0,0,0,11,55,-44,-1.6923076923076923,-2.0,1.4000000000000004,1.8999999999999986,nodo,TERMOLI
2026-02-14,REG,S11100,35,35,0,0,0,0,0,17,1,17,1,0,0,0,0,27,70,-43,-1.2173202614379086,-1.0,2.3500000000000005,3.224999999999998,nodo,FOGGIA
2026-02-14,REG,S11108,14,14,0,0,0,0,0,5,2,7,2,1,1,0,0,33,13,20,1.4285714285714284,0.5,5.800000000000003,8.649999999999993,nodo,BARLETTA
2026-02-14,REG,S11119,112,112,0,0,0,0,0,39,7,66,7,3,2,0,0,115,138,-23,-0.1883572567783094,-0.5,2.0,5.049999999999994,nodo,BARI CENTRALE
2026-02-14,REG,S11130,12,12,0,0,0,0,0,6,0,6,0,0,0,0,0,9,12,-3,-0.25,0.0,1.0,1.25,nodo,FASANO
2026-02-14,REG,S11136,18,18,0,0,0,0,0,8,0,10,0,0,0,0,0,19,24,-5,-0.2777777777777778,0.0,1.3000000000000003,1.8999999999999995,nodo,BRINDISI
2026-02-14,REG,S11145,35,35,0,0,0,0,0,15,4,16,4,2,1,0,0,63,36,27,0.8169934640522876,0.5,4.750000000000001,6.974999999999996,nodo,LECCE
2026-02-14,REG,S11252,32,32,0,0,0,0,0,6,0,26,0,0,0,0,0,4,28,-24,-0.75,-1.0,0.0,0.75,nodo,BITRITTO
2026-02-14,REG,S11420,20,20,0,0,0,0,0,3,2,15,2,1,0,0,0,23,73,-50,-2.5,-2.75,2.6499999999999977,5.574999999999993,nodo,POTENZA CENTRALE
2026-02-14,REG,S11465,38,38,0,0,0,0,0,15,5,18,5,1,1,0,0,83,55,28,0.7368421052631579,0.5,4.599999999999998,7.649999999999986,nodo,TARANTO
2026-02-14,REG,S11721,29,28,1,0,0,1,0,6,4,19,4,2,1,0,0,58,87,-29,-1.030952380952381,-1.0,7.1499999999999995,9.824999999999998,nodo,SAPRI
2026-02-14,REG,S11739,18,16,1,1,0,1,0,7,3,8,3,1,1,0,0,52,21,31,1.575,0.0,7.149999999999997,11.574999999999992,nodo,PAOLA
2026-02-14,REG,S11749,33,26,0,7,0,0,0,14,6,13,6,3,1,1,0,91,41,50,1.494485294117647,-0.5,5.3500000000000005,11.024999999999999,nodo,LAMEZIA TERME CENTRALE
2026-02-14,REG,S11765,5,4,1,0,0,1,0,0,1,4,1,0,0,0,0,7,12,-5,-1.5,-2.5,0.7000000000000002,1.0999999999999996,nodo,ROSARNO
2026-02-14,REG,S11774,14,14,0,0,0,0,0,3,0,11,0,0,0,0,0,4,25,-21,-1.5,-1.5,0.7000000000000002,0.8499999999999996,nodo,VILLA S.GIOVANNI
2026-02-14,REG,S11781,60,60,0,0,0,0,0,14,13,33,13,7,4,2,0,236,101,135,2.162958843159066,-0.5,9.1,13.849999999999998,nodo,REGGIO DI CALABRIA CENTRALE
2026-02-14,REG,S11811,8,6,0,2,0,0,0,5,1,2,1,1,1,1,0,54,4,50,6.25,0.75,17.950000000000006,21.47499999999999,nodo,SIBARI
2026-02-14,REG,S11823,18,14,0,4,0,0,0,11,1,6,1,0,0,0,0,22,24,-2,-0.1111111111111111,0.0,3.2,3.5999999999999996,nodo,CROTONE
2026-02-14,REG,S11833,54,43,0,11,0,0,0,27,7,20,7,2,2,0,0,103,77,26,0.4814814814814815,0.0,4.900000000000002,11.099999999999994,nodo,CATANZARO LIDO
2026-02-14,REG,S11847,10,10,0,0,0,0,0,6,4,0,4,2,1,0,0,63,0,63,6.3,5.5,12.3,14.399999999999999,nodo,ROCCELLA JONICA
2026-02-14,REG,S11851,6,6,0,0,0,0,0,3,1,2,1,0,0,0,0,10,8,2,0.33333333333333337,1.0,3.4000000000000004,3.6999999999999997,nodo,LOCRI
2026-02-14,REG,S11863,24,24,0,0,0,0,0,6,0,18,0,0,0,0,0,7,37,-30,-1.25,-1.5,0.9500000000000002,1.0,nodo,MELITO DI PORTO SALVO
2026-02-14,REG,S11910,44,40,1,3,0,1,0,14,11,19,11,4,3,2,0,209,64,145,3.489648033126294,0.0,16.3,26.95,nodo,COSENZA
2026-02-14,REG,S12002,182,179,2,1,0,2,0,80,15,87,15,9,8,3,1,409,211,198,1.087912087912088,-0.5,4.0,9.25,nodo,PALERMO CENTRALE
2026-02-14,REG,S12008,1,0,1,0,0,1,0,1,0,0,0,0,0,0,0,4,0,4,4.0,4.0,4.0,4.0,nodo,BAGHERIA
2026-02-14,REG,S12014,34,33,1,0,0,1,0,21,0,13,0,0,0,0,0,34,24,10,0.29411764705882354,0.0,2.9000000000000004,3.5,nodo,TERMINI IMERESE
2026-02-14,REG,S12019,6,6,0,0,0,0,0,4,1,1,1,0,0,0,0,9,4,5,0.8333333333333334,1.0,3.0,3.25,nodo,CEFALU\'
2026-02-14,REG,S12027,35,32,1,2,0,1,0,18,4,13,4,2,2,2,0,109,37,72,2.0866013071895426,0.25,4.0,10.124999999999964,nodo,S.AGATA DI MILITELLO
2026-02-14,REG,S12036,4,4,0,0,0,0,0,2,0,2,0,0,0,0,0,1,3,-2,-0.5,-0.5,0.30000000000000004,0.3999999999999999,nodo,PATTI-S.PIERO PATTI
2026-02-14,REG,S12100,25,20,3,2,0,3,0,4,9,12,9,5,4,2,0,165,45,120,4.769230769230769,-0.5,19.050000000000004,28.549999999999986,nodo,TRAPANI
2026-02-14,REG,S12113,20,16,1,3,0,1,0,3,8,9,8,4,3,0,0,111,34,77,3.85,1.25,18.25,19.374999999999996,nodo,CASTELVETRANO
2026-02-14,REG,S12125,7,6,0,1,0,0,0,2,4,1,4,3,3,2,0,111,1,110,16.75,15.25,32.7,35.599999999999994,nodo,PIRAINETO
2026-02-14,REG,S12126,3,1,2,0,0,2,0,1,0,2,0,0,0,0,0,1,10,-9,-3.0,-3.0,-1.4,-1.2000000000000002,nodo,CINISI TERRASINI
2026-02-14,REG,S12127,1,1,0,0,0,0,0,1,0,0,0,0,0,0,0,0,0,0,0.0,0.0,0.0,0.0,nodo,CARINI
2026-02-14,REG,S12133,77,77,0,0,0,0,0,34,9,34,9,7,6,1,1,236,62,174,2.2601214574898787,0.0,5.850000000000019,16.75,nodo,PALERMO AEROPORTO
2026-02-14,REG,S12134,74,73,0,1,0,0,0,10,0,64,0,0,0,0,0,7,215,-208,-2.8108108108108105,-3.0,-0.3000000000000007,0.0,nodo,PALERMO NOTARBARTOLO
2026-02-14,REG,S12138,60,60,0,0,0,0,0,4,0,56,0,0,0,0,0,0,199,-199,-3.3166666666666664,-3.5,-2.5,-2.5,nodo,GIACHERY
2026-02-14,REG,S12150,2,2,0,0,0,0,0,1,1,0,1,0,0,0,0,8,0,8,4.0,4.0,4.0,4.0,nodo,ALCAMO DIRAMAZIONE
2026-02-14,REG,S12204,9,9,0,0,0,0,0,5,0,4,0,0,0,0,0,6,7,-1,-0.07500000000000001,0.0,1.7000000000000002,1.8499999999999996,nodo,ROCCAPALUMBA-ALIA
2026-02-14,REG,S12216,28,28,0,0,0,0,0,7,2,19,2,1,1,0,0,39,45,-6,-0.21428571428571427,-1.0,4.400000000000002,6.924999999999998,nodo,AGRIGENTO CENTRALE
2026-02-14,REG,S12270,4,4,0,0,0,0,0,3,0,1,0,0,0,0,0,6,1,5,1.25,1.25,2.25,2.375,nodo,CALTAGIRONE
2026-02-14,REG,S12301,37,34,1,2,0,1,0,16,7,14,7,4,4,3,0,172,59,113,3.068713450292398,0.0,11.499999999999996,29.299999999999983,nodo,MESSINA CENTRALE
2026-02-14,REG,S12317,23,23,0,0,0,0,0,6,1,16,1,0,0,0,0,21,62,-41,-1.7575757575757578,-2.75,3.4000000000000004,4.25,nodo,TAORMINA-GIARDINI
2026-02-14,REG,S12320,3,3,0,0,0,0,0,1,0,2,0,0,0,0,0,1,5,-4,-0.75,-0.75,-0.55,-0.5249999999999999,nodo,ALCANTARA
2026-02-14,REG,S12324,4,4,0,0,0,0,0,0,0,4,0,0,0,0,0,0,15,-15,-3.75,-3.75,-2.75,-2.625,nodo,GIARRE RIPOSTO
2026-02-14,REG,S12332,44,44,0,0,0,0,0,10,6,28,6,2,2,2,0,117,99,18,0.40909090909090917,-2.0,4.750000000000005,20.19999999999999,nodo,CATANIA CENTRALE
2026-02-14,REG,S12349,24,24,0,0,0,0,0,9,4,11,4,1,1,1,0,77,40,37,1.5416666666666667,0.25,4.45,13.499999999999986,nodo,SIRACUSA
2026-02-14,REG,S12380,11,11,0,0,0,0,0,1,0,10,0,0,0,0,0,3,21,-18,-1.7,-1.75,-0.19999999999999996,0.3999999999999999,nodo,CALTANISSETTA XIRBI
2026-02-14,REG,S12381,27,26,1,0,0,1,0,7,2,18,2,1,1,0,0,42,44,-2,-0.2666666666666667,-1.5,2.5,6.599999999999988,nodo,CALTANISSETTA CENTRALE
2026-02-14,REG,S12417,3,2,1,0,0,1,0,1,1,1,1,1,1,0,0,29,1,28,7.75,7.75,13.15,13.825,nodo,MODICA
2026-02-14,REG,S12862,9,9,0,0,0,0,0,5,0,4,0,0,0,0,0,5,8,-3,-0.3,0.25,1.2000000000000002,1.3499999999999996,nodo,OZIERI CHILIVANI
2026-02-14,REG,S12869,11,11,0,0,0,0,0,2,1,8,1,0,0,0,0,8,17,-9,-0.8166666666666667,-1.5,1.9000000000000004,2.9499999999999993,nodo,MACOMER
2026-02-14,REG,S12878,10,10,0,0,0,0,0,5,0,5,0,0,0,0,0,8,10,-2,-0.19999999999999998,-0.5,2.0,2.0,nodo,ORISTANO
2026-02-14,REG,S12882,44,44,0,0,0,0,0,7,1,36,1,1,0,0,0,16,57,-41,-0.9318181818181818,-1.5,0.40000000000000213,0.9749999999999996,nodo,S.GAVINO
2026-02-14,REG,S12888,36,36,0,0,0,0,0,11,0,25,0,0,0,0,0,10,36,-26,-0.7222222222222222,-1.0,0.6500000000000004,1.2999999999999972,nodo,DECIMOMANNU
2026-02-14,REG,S12890,16,16,0,0,0,0,0,12,1,3,1,0,0,0,0,21,3,18,1.125,0.75,2.649999999999999,4.5749999999999975,nodo,CAGLIARI ELMAS
2026-02-14,REG,S12891,128,128,0,0,0,0,0,40,4,84,4,1,0,0,0,72,131,-59,-0.4609375,-1.0,1.3500000000000014,3.8499999999999943,nodo,CAGLIARI
2026-02-14,REG,S12902,16,16,0,0,0,0,0,4,1,11,1,0,0,0,0,12,16,-4,-0.25,-1.0,2.2499999999999996,3.1249999999999987,nodo,OLBIA TERRANOVA
2026-02-14,REG,S13104,12,12,0,0,0,0,0,6,3,3,3,1,1,0,0,47,5,42,3.5,2.5,8.75,11.125,nodo,MARTINA FRANCA
2026-02-14,REG,S19919,38,38,0,0,0,0,0,19,2,17,2,2,1,0,0,52,17,35,0.9210526315789473,0.0,2.6999999999999993,4.6499999999999755,nodo,STABIO
2026-02-14,nan,S01700,2,2,0,0,0,0,0,1,0,1,0,0,0,0,0,2,2,0,0.0,0.0,0.0,0.0,nodo,MILANO CENTRALE
2026-02-14,nan,S02011,2,2,0,0,0,0,0,1,0,1,0,0,0,0,0,2,2,0,0.0,0.0,0.0,0.0,nodo,FORTEZZA
