mese,categoria,cod_stazione,corse_osservate,effettuate,cancellate,soppresse,parzialmente_cancellate,info_mancante,in_orario,in_ritardo,in_anticipo,oltre_5,oltre_10,oltre_15,oltre_30,oltre_60,minuti_ritardo_tot,minuti_anticipo_tot,minuti_netti_tot,ruolo,nome_stazione,ritardo_medio,ritardo_mediano,p90,p95
2025-12,EXP,S02593,1,1.0,0.0,0.0,0.0,0,0,0,1,0,0,0,0,0,0,4,-4,nodo,VENEZIA S.LUCIA,-4.0,-4.0,-4.0,-4.0
2025-12,EXP,S08406,1,1.0,0.0,0.0,0.0,0,0,0,1,0,0,0,0,0,0,4,-4,nodo,ROMA OSTIENSE,-4.0,-4.0,-4.0,-4.0
2025-12,IC,S00219,1,1.0,0.0,0.0,0.0,0,0,1,0,1,1,1,1,1,65,0,65,nodo,TORINO PORTA NUOVA,65.0,65.0,65.0,65.0
2025-12,IC,S01700,5,5.0,0.0,0.0,0.0,0,1,0,4,0,0,0,0,0,4,20,-16,nodo,MILANO CENTRALE,-3.2,-3.0,1.6000000000000005,2.799999999999999
2025-12,IC,S03317,1,1.0,0.0,0.0,0.0,0,0,0,1,0,0,0,0,0,0,11,-11,nodo,TRIESTE CENTRALE,-11.0,-11.0,-11.0,-11.0
2025-12,IC,S04501,1,1.0,0.0,0.0,0.0,0,0,0,1,0,0,0,0,0,0,3,-3,nodo,VENTIMIGLIA,-3.0,-3.0,-3.0,-3.0
2025-12,IC,S04725,1,1.0,0.0,0.0,0.0,0,0,1,0,1,1,0,0,0,14,0,14,nodo,SESTRI LEVANTE,14.0,14.0,14.0,14.0
2025-12,IC,S06000,1,1.0,0.0,0.0,0.0,0,1,0,0,0,0,0,0,0,4,0,4,nodo,LA SPEZIA CENTRALE,4.0,4.0,4.0,4.0
2025-12,IC,S07226,1,1.0,0.0,0.0,0.0,0,0,0,1,0,0,0,0,0,0,2,-2,nodo,TERNI,-2.0,-2.0,-2.0,-2.0
2025-12,IC,S08409,3,3.0,0.0,0.0,0.0,0,0,1,2,1,1,1,1,0,35,12,23,nodo,ROMA TERMINI,3.0,3.0,10.200000000000001,11.099999999999998
2025-12,IC,S09218,1,1.0,0.0,0.0,0.0,0,0,1,0,1,1,0,0,0,14,0,14,nodo,NAPOLI CENTRALE,14.0,14.0,14.0,14.0
2025-12,IC,S09818,1,1.0,0.0,0.0,0.0,0,0,0,1,0,0,0,0,0,0,9,-9,nodo,SALERNO,-9.0,-9.0,-9.0,-9.0
2025-12,IC,S11145,1,1.0,0.0,0.0,0.0,0,0,1,0,1,1,1,1,1,65,0,65,nodo,LECCE,65.0,65.0,65.0,65.0
2025-12,IC,S11781,1,1.0,0.0,0.0,0.0,0,0,1,0,1,1,1,1,0,35,0,35,nodo,REGGIO DI CALABRIA CENTRALE,35.0,35.0,35.0,35.0
2025-12,IC,S12002,1,1.0,0.0,0.0,0.0,0,0,1,0,1,1,1,1,1,96,0,96,nodo,PALERMO CENTRALE,96.0,96.0,96.0,96.0
2025-12,IC,S12301,1,1.0,0.0,0.0,0.0,0,0,1,0,1,1,1,1,1,96,0,96,nodo,MESSINA CENTRALE,96.0,96.0,96.0,96.0
2025-12,IC,S12349,2,2.0,0.0,0.0,0.0,0,0,0,2,0,0,0,0,0,0,7,-7,nodo,SIRACUSA,-3.5,-3.5,-1.5,-1.2500000000000002
2025-12,ICN,S00219,7,7.0,0.0,0.0,0.0,0,0,2,5,2,0,0,0,0,14,26,-12,nodo,TORINO PORTA NUOVA,-1.125,0.5,2.9499999999999997,3.2249999999999996
2025-12,ICN,S01700,5,5.0,0.0,0.0,0.0,0,1,0,4,0,0,0,0,0,3,36,-33,nodo,MILANO CENTRALE,-5.833333333333333,-4.0,1.1102230246251565e-16,0.49999999999999956
2025-12,ICN,S03317,1,1.0,0.0,0.0,0.0,0,0,0,1,0,0,0,0,0,0,3,-3,nodo,TRIESTE CENTRALE,-3.0,-3.0,-3.0,-3.0
2025-12,ICN,S08409,4,4.0,0.0,0.0,0.0,0,1,1,2,1,1,0,0,0,13,7,6,nodo,ROMA TERMINI,1.5,1.5,5.5,6.0
2025-12,ICN,S09818,4,4.0,0.0,0.0,0.0,0,0,2,2,2,0,0,0,0,14,16,-2,nodo,SALERNO,-0.5,-0.5,1.5,1.75
2025-12,ICN,S11145,5,5.0,0.0,0.0,0.0,0,1,0,4,0,0,0,0,0,3,17,-14,nodo,LECCE,-2.666666666666667,-2.5,0.30000000000000004,0.6499999999999997
2025-12,ICN,S11781,2,2.0,0.0,0.0,0.0,0,0,0,2,0,0,0,0,0,0,7,-7,nodo,REGGIO DI CALABRIA CENTRALE,-3.5,-3.5,-3.5,-3.5
2025-12,ICN,S12349,4,4.0,0.0,0.0,0.0,0,1,1,2,1,1,0,0,0,13,26,-13,nodo,SIRACUSA,1.1666666666666665,3.0,5.8,6.1499999999999995
2025-12,MET,S09101,1,1.0,0.0,0.0,0.0,0,0,0,1,0,0,0,0,0,0,3,-3,nodo,POZZUOLI SOLFATARA,-3.0,-3.0,-3.0,-3.0
2025-12,MET,S09103,2,2.0,0.0,0.0,0.0,0,1,0,1,0,0,0,0,0,3,3,0,nodo,NAPOLI CAMPI FLEGREI,0.0,0.0,0.0,0.0
2025-12,MET,S09110,3,3.0,0.0,0.0,0.0,0,1,0,2,0,0,0,0,0,3,6,-3,nodo,NAPOLI GIANTURCO,-1.5,-1.5,-0.2999999999999998,-0.15000000000000013
2025-12,REG,S00034,1,1.0,0.0,0.0,0.0,0,1,0,0,0,0,0,0,0,1,0,1,nodo,MORTARA,1.0,1.0,1.0,1.0
2025-12,REG,S00248,3,3.0,0.0,0.0,0.0,0,0,0,3,0,0,0,0,0,0,7,-7,nodo,NOVARA,-2.0,-2.0,-2.0,-2.0
2025-12,REG,S00452,1,1.0,0.0,0.0,0.0,0,0,1,0,1,1,0,0,0,13,0,13,nodo,TORINO LINGOTTO,13.0,13.0,13.0,13.0
2025-12,REG,S01030,1,1.0,0.0,0.0,0.0,0,0,0,1,0,0,0,0,0,0,1,-1,nodo,GALLARATE,-1.0,-1.0,-1.0,-1.0
2025-12,REG,S01037,2,2.0,0.0,0.0,0.0,0,0,0,2,0,0,0,0,0,0,7,-7,nodo,RHO,-3.5,-3.5,-3.5,-3.5
2025-12,REG,S01066,7,7.0,0.0,0.0,0.0,0,6,0,1,0,0,0,0,0,8,2,6,nodo,MILANO CADORNA,1.0,1.75,2.0,2.0
2025-12,REG,S01083,2,2.0,0.0,0.0,0.0,0,2,0,0,0,0,0,0,0,3,0,3,nodo,PALAZZOLO MILANESE,1.5,1.5,1.5,1.5
2025-12,REG,S01146,6,6.0,0.0,0.0,0.0,0,3,0,3,0,0,0,0,0,8,6,2,nodo,MALPENSA AEROPORTO TERMINAL 2,0.5,0.25,2.8500000000000005,3.1749999999999994
2025-12,REG,S01301,1,1.0,0.0,0.0,0.0,0,0,0,1,0,0,0,0,0,0,3,-3,nodo,CHIASSO,-3.0,-3.0,-3.0,-3.0
2025-12,REG,S01307,1,1.0,0.0,0.0,0.0,0,0,0,1,0,0,0,0,0,0,2,-2,nodo,COMO S.GIOVANNI,-2.0,-2.0,-2.0,-2.0
2025-12,REG,S01318,1,1.0,0.0,0.0,0.0,0,0,0,1,0,0,0,0,0,0,1,-1,nodo,SEREGNO,-1.0,-1.0,-1.0,-1.0
2025-12,REG,S01326,2,2.0,0.0,0.0,0.0,0,1,0,1,0,0,0,0,0,1,4,-3,nodo,MILANO GRECO PIRELLI,-1.5,-1.5,-1.5,-1.5
2025-12,REG,S01520,2,2.0,0.0,0.0,0.0,0,1,0,1,0,0,0,0,0,1,1,0,nodo,LECCO,0.0,0.0,0.0,0.0
2025-12,REG,S01640,1,1.0,0.0,0.0,0.0,0,1,0,0,0,0,0,0,0,1,0,1,nodo,MILANO CERTOSA,1.0,1.0,1.0,1.0
2025-12,REG,S01642,3,3.0,0.0,0.0,0.0,0,1,0,2,0,0,0,0,0,1,7,-6,nodo,MILANO BOVISA POLITECNICO,-1.25,-1.25,-1.05,-1.025
2025-12,REG,S01645,6,6.0,0.0,0.0,0.0,0,0,0,6,0,0,0,0,0,0,12,-12,nodo,MILANO PORTA GARIBALDI,-2.0,-2.0,-1.2,-1.1
2025-12,REG,S01700,8,8.0,0.0,0.0,0.0,0,2,1,5,1,1,0,0,0,18,15,3,nodo,MILANO CENTRALE,0.41666666666666663,-0.25,5.15,6.824999999999999
2025-12,REG,S01703,2,2.0,0.0,0.0,0.0,0,0,0,2,0,0,0,0,0,0,6,-6,nodo,PIOLTELLO LIMITO,-3.0,-3.0,-3.0,-3.0
2025-12,REG,S01708,3,3.0,0.0,0.0,0.0,0,1,0,2,0,0,0,0,0,1,7,-6,nodo,TREVIGLIO,-2.5,-2.5,-1.7,-1.6
2025-12,REG,S01717,1,1.0,0.0,0.0,0.0,0,0,0,1,0,0,0,0,0,0,5,-5,nodo,BRESCIA,-5.0,-5.0,-5.0,-5.0
2025-12,REG,S01810,1,1.0,0.0,0.0,0.0,0,0,0,1,0,0,0,0,0,0,4,-4,nodo,TORTONA,-4.0,-4.0,-4.0,-4.0
2025-12,REG,S01820,1,1.0,0.0,0.0,0.0,0,1,0,0,0,0,0,0,0,1,0,1,nodo,MILANO ROGOREDO,1.0,1.0,1.0,1.0
2025-12,REG,S01860,3,3.0,0.0,0.0,0.0,0,1,0,2,0,0,0,0,0,1,7,-6,nodo,PAVIA,-1.25,-1.25,-1.05,-1.025
2025-12,REG,S01933,2,2.0,0.0,0.0,0.0,0,2,0,0,0,0,0,0,0,1,0,1,nodo,SARONNO,0.5,0.5,0.5,0.5
2025-12,REG,S02011,1,1.0,0.0,0.0,0.0,0,0,0,1,0,0,0,0,0,0,2,-2,nodo,FORTEZZA,-2.0,-2.0,-2.0,-2.0
2025-12,REG,S02026,1,1.0,0.0,0.0,0.0,0,0,0,1,0,0,0,0,0,0,2,-2,nodo,BOLZANO,-2.0,-2.0,-2.0,-2.0
2025-12,REG,S02430,1,1.0,0.0,0.0,0.0,0,0,0,1,0,0,0,0,0,0,5,-5,nodo,VERONA PORTA NUOVA,-5.0,-5.0,-5.0,-5.0
2025-12,REG,S02593,3,3.0,0.0,0.0,0.0,0,1,0,2,0,0,0,0,0,3,6,-3,nodo,VENEZIA S.LUCIA,-1.0,-1.0,2.2,2.5999999999999996
2025-12,REG,S03026,1,1.0,0.0,0.0,0.0,0,0,0,1,0,0,0,0,0,0,5,-5,nodo,UDINE,-5.0,-5.0,-5.0,-5.0
2025-12,REG,S03200,1,1.0,0.0,0.0,0.0,0,0,0,1,0,0,0,0,0,0,1,-1,nodo,PORTOGRUARO CAORLE,-1.0,-1.0,-1.0,-1.0
2025-12,REG,S03310,1,1.0,0.0,0.0,0.0,0,1,0,0,0,0,0,0,0,3,0,3,nodo,MONFALCONE,3.0,3.0,3.0,3.0
2025-12,REG,S04700,1,1.0,0.0,0.0,0.0,0,0,1,0,1,0,0,0,0,7,0,7,nodo,GENOVA PIAZZA PRINCIPE,7.0,7.0,7.0,7.0
2025-12,REG,S04702,3,3.0,0.0,0.0,0.0,0,0,1,2,1,0,0,0,0,6,4,2,nodo,GENOVA BRIGNOLE,2.0,2.0,2.4,2.45
2025-12,REG,S04725,2,2.0,0.0,0.0,0.0,0,0,1,1,1,0,0,0,0,6,1,5,nodo,SESTRI LEVANTE,2.5,2.5,2.5,2.5
2025-12,REG,S04801,1,1.0,0.0,0.0,0.0,0,0,0,1,0,0,0,0,0,0,1,-1,nodo,SAVONA,-1.0,-1.0,-1.0,-1.0
2025-12,REG,S05000,1,1.0,0.0,0.0,0.0,0,1,0,0,0,0,0,0,0,1,0,1,nodo,PIACENZA,1.0,1.0,1.0,1.0
2025-12,REG,S05043,1,1.0,0.0,0.0,0.0,0,0,0,1,0,0,0,0,0,0,4,-4,nodo,BOLOGNA CENTRALE,-4.0,-4.0,-4.0,-4.0
2025-12,REG,S06000,2,2.0,0.0,0.0,0.0,0,0,1,1,1,0,0,0,0,7,3,4,nodo,LA SPEZIA CENTRALE,2.0,2.0,2.0,2.0
2025-12,REG,S06421,1,1.0,0.0,0.0,0.0,0,0,0,1,0,0,0,0,0,0,16,-16,nodo,FIRENZE SANTA MARIA NOVELLA,-16.0,-16.0,-16.0,-16.0
2025-12,REG,S06500,1,1.0,0.0,0.0,0.0,0,1,0,0,0,0,0,0,0,4,0,4,nodo,PISA CENTRALE,4.0,4.0,4.0,4.0
2025-12,REG,S07113,1,1.0,0.0,0.0,0.0,0,1,0,0,0,0,0,0,0,2,0,2,nodo,ANCONA,2.0,2.0,2.0,2.0
2025-12,REG,S08409,5,5.0,0.0,0.0,0.0,0,3,0,2,0,0,0,0,0,8,20,-12,nodo,ROMA TERMINI,-3.666666666666667,-4.0,-0.7999999999999996,-0.40000000000000036
2025-12,REG,S08411,2,2.0,0.0,0.0,0.0,0,1,0,1,0,0,0,0,0,2,4,-2,nodo,FIUMICINO AEROPORTO,-1.0,-1.0,-1.0,-1.0
2025-12,REG,S12301,1,1.0,0.0,0.0,0.0,0,1,0,0,0,0,0,0,0,1,0,1,nodo,MESSINA CENTRALE,1.0,1.0,1.0,1.0
2025-12,REG,S12332,1,1.0,0.0,0.0,0.0,0,1,0,0,0,0,0,0,0,1,0,1,nodo,CATANIA CENTRALE,1.0,1.0,1.0,1.0
2025-12,REG,S19919,1,1.0,0.0,0.0,0.0,0,0,0,1,0,0,0,0,0,0,1,-1,nodo,STABIO,-1.0,-1.0,-1.0,-1.0
2026-01,EC,S01003,23,23.0,0.0,0.0,0.0,0,5,15,3,15,7,3,0,0,176,10,166,nodo,DOMODOSSOLA,7.299242424242424,6.5,13.75,17.249999999999996
2026-01,EC,S01301,26,26.0,0.0,0.0,0.0,0,6,7,13,7,6,3,0,0,100,35,65,nodo,CHIASSO,2.5,-0.5,12.600000000000003,14.099999999999998
2026-01,EC,S01700,24,24.0,0.0,0.0,0.0,0,8,4,12,4,3,1,0,0,62,31,31,nodo,MILANO CENTRALE,1.2916666666666665,-0.25,7.200000000000001,10.649999999999995
2026-01,EC,S02001,12,12.0,0.0,0.0,0.0,0,3,2,7,2,2,2,1,0,53,41,12,nodo,BRENNERO,1.0,-1.25,12.25,14.375
2026-01,EC,S02026,2,2.0,0.0,0.0,0.0,0,1,1,0,1,1,1,0,0,16,0,16,nodo,BOLZANO,8.0,8.0,8.0,8.0
2026-01,EC,S02430,2,2.0,0.0,0.0,0.0,0,0,0,2,0,0,0,0,0,0,16,-16,nodo,VERONA PORTA NUOVA,-8.0,-8.0,-8.0,-8.0
2026-01,EC,S02593,8,8.0,0.0,0.0,0.0,0,2,2,4,2,2,1,0,0,31,22,9,nodo,VENEZIA S.LUCIA,1.125,-0.5,10.05,11.774999999999995
2026-01,EC,S05043,4,4.0,0.0,0.0,0.0,0,2,1,1,1,1,1,1,0,37,3,34,nodo,BOLOGNA CENTRALE,8.5,8.5,14.9,15.7
2026-01,EC,S06421,2,2.0,0.0,0.0,0.0,0,0,1,1,1,1,1,0,0,15,4,11,nodo,FIRENZE SANTA MARIA NOVELLA,5.5,5.5,5.5,5.5
2026-01,ECFR,S00201,2,2.0,0.0,0.0,0.0,0,0,2,0,2,2,1,1,0,72,0,72,nodo,MODANE,36.0,36.0,53.6,55.8
2026-01,ECFR,S01700,2,2.0,0.0,0.0,0.0,0,0,2,0,2,2,1,1,0,72,0,72,nodo,MILANO CENTRALE,36.0,36.0,53.6,55.8
2026-01,EN,S03015,1,1.0,0.0,0.0,0.0,0,1,0,0,0,0,0,0,0,0,0,0,nodo,TARVISIO BOSCOVERDE,0.0,0.0,0.0,0.0
2026-01,EN,S05043,1,1.0,0.0,0.0,0.0,0,1,0,0,0,0,0,0,0,4,0,4,nodo,BOLOGNA CENTRALE,4.0,4.0,4.0,4.0
2026-01,EN,S08217,1,1.0,0.0,0.0,0.0,0,1,0,0,0,0,0,0,0,4,0,4,nodo,ROMA TIBURTINA,4.0,4.0,4.0,4.0
2026-01,FA,S04700,3,3.0,0.0,0.0,0.0,0,0,1,2,1,0,0,0,0,5,14,-9,nodo,GENOVA PIAZZA PRINCIPE,-1.0,-1.0,1.0,1.2499999999999998
2026-01,FA,S05811,2,2.0,0.0,0.0,0.0,0,0,1,1,1,1,1,1,0,42,4,38,nodo,RAVENNA,19.0,19.0,19.0,19.0
2026-01,FA,S08409,16,16.0,0.0,0.0,0.0,0,5,7,4,7,6,5,3,0,218,19,199,nodo,ROMA TERMINI,12.4375,8.75,33.599999999999994,41.29999999999998
2026-01,FA,S09311,2,2.0,0.0,0.0,0.0,0,1,1,0,1,1,1,1,0,56,0,56,nodo,BENEVENTO,28.0,28.0,28.0,28.0
2026-01,FA,S11119,2,2.0,0.0,0.0,0.0,0,0,2,0,2,2,1,0,0,38,0,38,nodo,BARI CENTRALE,19.0,19.0,19.0,19.0
2026-01,FA,S11145,3,3.0,0.0,0.0,0.0,0,2,0,1,0,0,0,0,0,8,1,7,nodo,LECCE,1.5,1.5,1.5,1.5
2026-01,FA,S11781,4,4.0,0.0,0.0,0.0,0,2,2,0,2,2,2,1,0,69,0,69,nodo,REGGIO DI CALABRIA CENTRALE,17.25,17.25,21.05,21.525
2026-01,FB,S01700,2,2.0,0.0,0.0,0.0,0,2,0,0,0,0,0,0,0,0,0,0,nodo,MILANO CENTRALE,0.0,0.0,0.0,0.0
2026-01,FB,S04700,6,6.0,0.0,0.0,0.0,0,0,1,5,1,0,0,0,0,9,23,-14,nodo,GENOVA PIAZZA PRINCIPE,-2.3333333333333335,-4.0,2.4000000000000004,3.1999999999999993
2026-01,FB,S08409,8,8.0,0.0,0.0,0.0,0,2,1,5,1,0,0,0,0,9,23,-14,nodo,ROMA TERMINI,-1.75,-2.25,3.000000000000001,3.7499999999999982
2026-01,FR,S00219,46,46.0,0.0,0.0,0.0,0,10,26,10,26,19,14,7,2,704,46,658,nodo,TORINO PORTA NUOVA,14.304347826086955,8.0,32.2,60.04999999999996
2026-01,FR,S01700,106,106.0,0.0,0.0,0.0,0,27,43,36,43,28,21,8,1,845,156,689,nodo,MILANO CENTRALE,6.5,2.0,23.50000000000001,27.4
2026-01,FR,S01717,6,6.0,0.0,0.0,0.0,0,0,2,4,2,1,1,1,0,65,18,47,nodo,BRESCIA,7.833333333333333,-3.5,25.300000000000004,28.899999999999995
2026-01,FR,S02026,14,14.0,0.0,0.0,0.0,0,3,7,4,7,7,5,2,1,220,16,204,nodo,BOLZANO,14.571428571428573,8.0,40.80000000000001,47.399999999999984
2026-01,FR,S02336,2,2.0,0.0,0.0,0.0,0,0,2,0,2,2,1,1,1,117,0,117,nodo,MANTOVA,58.5,58.5,58.5,58.5
2026-01,FR,S02593,62,62.0,0.0,0.0,0.0,0,20,21,21,21,11,9,3,1,382,95,287,nodo,VENEZIA S.LUCIA,4.53125,1.75,16.100000000000005,22.124999999999993
2026-01,FR,S03026,4,4.0,0.0,0.0,0.0,0,1,1,2,1,0,0,0,0,8,6,2,nodo,UDINE,0.5,0.5,0.8999999999999999,0.9500000000000002
2026-01,FR,S03304,2,2.0,0.0,0.0,0.0,0,0,0,2,0,0,0,0,0,0,6,-6,nodo,GORIZIA CENTRALE,-3.0,-3.0,-3.0,-3.0
2026-01,FR,S03317,10,10.0,0.0,0.0,0.0,0,5,2,3,2,2,1,0,0,34,8,26,nodo,TRIESTE CENTRALE,2.6,1.0,8.0,8.5
2026-01,FR,S04702,2,2.0,0.0,0.0,0.0,0,2,0,0,0,0,0,0,0,3,0,3,nodo,GENOVA BRIGNOLE,1.5,1.5,1.5,1.5
2026-01,FR,S06421,3,3.0,0.0,0.0,0.0,0,0,0,3,0,0,0,0,0,0,11,-11,nodo,FIRENZE SANTA MARIA NOVELLA,-3.25,-3.25,-2.65,-2.575
2026-01,FR,S07004,2,2.0,0.0,0.0,0.0,0,0,2,0,2,2,2,0,0,41,0,41,nodo,PERUGIA,20.5,20.5,20.5,20.5
2026-01,FR,S07113,4,4.0,0.0,0.0,0.0,0,0,0,4,0,0,0,0,0,0,14,-14,nodo,ANCONA,-3.5,-3.5,-2.7,-2.6
2026-01,FR,S07810,4,4.0,0.0,0.0,0.0,0,1,1,2,1,1,0,0,0,16,9,7,nodo,PESCARA,1.75,1.75,5.15,5.574999999999999
2026-01,FR,S08409,59,59.0,0.0,0.0,0.0,0,8,24,27,24,20,12,4,1,519,161,358,nodo,ROMA TERMINI,6.037356321839081,1.5,19.799999999999997,30.99999999999998
2026-01,FR,S09218,54,54.0,0.0,0.0,0.0,0,9,28,17,28,20,16,8,0,581,57,524,nodo,NAPOLI CENTRALE,9.601648351648352,5.5,27.0,36.19999999999999
2026-01,FR,S09818,15,15.0,0.0,0.0,0.0,0,0,12,3,12,10,10,4,2,429,27,402,nodo,SALERNO,27.9375,21.25,62.7,66.85
2026-01,FR,S09823,2,2.0,0.0,0.0,0.0,0,0,1,1,1,1,1,1,1,130,7,123,nodo,BATTIPAGLIA,61.5,61.5,61.5,61.5
2026-01,FR,S11100,2,2.0,0.0,0.0,0.0,0,0,1,1,1,1,1,1,0,33,6,27,nodo,FOGGIA,13.5,13.5,13.5,13.5
2026-01,FR,S11119,6,6.0,0.0,0.0,0.0,0,1,3,2,3,3,1,1,0,58,12,46,nodo,BARI CENTRALE,7.666666666666667,4.5,15.700000000000001,17.099999999999998
2026-01,FR,S11145,15,15.0,0.0,0.0,0.0,0,2,6,7,6,4,1,0,0,72,45,27,nodo,LECCE,1.75,2.25,10.4,12.199999999999996
2026-01,FR,S11465,4,4.0,0.0,0.0,0.0,0,0,4,0,4,3,2,1,0,88,0,88,nodo,TARANTO,22.0,22.0,33.6,35.05
2026-01,FR,S11781,10,10.0,0.0,0.0,0.0,0,1,4,5,4,3,3,3,1,160,44,116,nodo,REGGIO DI CALABRIA CENTRALE,11.6,-2.0,40.0,48.999999999999986
2026-01,FR,S11811,2,2.0,0.0,0.0,0.0,0,0,2,0,2,2,1,1,1,95,0,95,nodo,SIBARI,47.5,47.5,47.5,47.5
2026-01,IC,S00219,6,6.0,0.0,0.0,0.0,0,1,0,5,0,0,0,0,0,1,25,-24,nodo,TORINO PORTA NUOVA,-4.0,-3.5,-1.4999999999999998,-1.2500000000000002
2026-01,IC,S01645,1,1.0,0.0,0.0,0.0,0,0,1,0,1,1,1,0,0,28,0,28,nodo,MILANO PORTA GARIBALDI,28.0,28.0,28.0,28.0
2026-01,IC,S01700,38,38.0,0.0,0.0,0.0,0,8,9,21,9,4,2,0,0,112,97,15,nodo,MILANO CENTRALE,0.5084033613445378,-1.0,7.6000000000000005,12.899999999999995
2026-01,IC,S02026,2,2.0,0.0,0.0,0.0,0,0,1,1,1,0,0,0,0,7,4,3,nodo,BOLZANO,1.5,1.5,1.5,1.5
2026-01,IC,S03015,1,1.0,0.0,0.0,0.0,0,0,1,0,1,1,1,1,0,35,0,35,nodo,TARVISIO BOSCOVERDE,35.0,35.0,35.0,35.0
2026-01,IC,S03317,4,4.0,0.0,0.0,0.0,0,1,1,2,1,1,1,1,0,53,14,39,nodo,TRIESTE CENTRALE,9.75,9.75,23.15,24.825
2026-01,IC,S04501,12,12.0,0.0,0.0,0.0,0,4,2,6,2,1,1,0,0,41,32,9,nodo,VENTIMIGLIA,0.7499999999999999,-1.5,10.0,12.25
2026-01,IC,S04702,2,2.0,0.0,0.0,0.0,0,1,0,1,0,0,0,0,0,1,3,-2,nodo,GENOVA BRIGNOLE,-1.0,-1.0,-1.0,-1.0
2026-01,IC,S04725,1,1.0,0.0,0.0,0.0,0,0,0,1,0,0,0,0,0,0,12,-12,nodo,SESTRI LEVANTE,-12.0,-12.0,-12.0,-12.0
2026-01,IC,S04801,2,2.0,0.0,0.0,0.0,0,0,0,2,0,0,0,0,0,0,11,-11,nodo,SAVONA,-5.5,-5.5,-5.5,-5.5
2026-01,IC,S06000,3,3.0,0.0,0.0,0.0,0,1,0,2,0,0,0,0,0,2,8,-6,nodo,LA SPEZIA CENTRALE,-1.0,-1.0,-0.19999999999999996,-0.10000000000000009
2026-01,IC,S06039,2,2.0,0.0,0.0,0.0,0,0,1,1,1,1,0,0,0,12,7,5,nodo,GROSSETO,2.5,2.5,2.5,2.5
2026-01,IC,S06419,1,1.0,0.0,0.0,0.0,0,0,1,0,1,0,0,0,0,6,0,6,nodo,FIRENZE CASTELLO,6.0,6.0,6.0,6.0
2026-01,IC,S06421,2,2.0,0.0,0.0,0.0,0,1,0,1,0,0,0,0,0,1,8,-7,nodo,FIRENZE SANTA MARIA NOVELLA,-3.5,-3.5,-3.5,-3.5
2026-01,IC,S06725,10,10.0,0.0,0.0,0.0,0,3,1,6,1,0,0,0,0,10,24,-14,nodo,LIVORNO CENTRALE,-1.4,-3.0,2.9000000000000004,3.6999999999999993
2026-01,IC,S07004,2,2.0,0.0,0.0,0.0,0,2,0,0,0,0,0,0,0,7,0,7,nodo,PERUGIA,3.5,3.5,3.5,3.5
2026-01,IC,S07113,4,4.0,0.0,0.0,0.0,0,2,0,2,0,0,0,0,0,0,7,-7,nodo,ANCONA,-1.75,-1.75,-0.3499999999999999,-0.17500000000000016
2026-01,IC,S07226,1,1.0,0.0,0.0,0.0,0,0,0,1,0,0,0,0,0,0,6,-6,nodo,TERNI,-6.0,-6.0,-6.0,-6.0
2026-01,IC,S07810,2,2.0,0.0,0.0,0.0,0,0,1,1,1,0,0,0,0,5,6,-1,nodo,PESCARA,-0.5,-0.5,-0.5,-0.5
2026-01,IC,S08217,1,1.0,0.0,0.0,0.0,0,0,1,0,1,1,1,1,0,35,0,35,nodo,ROMA TIBURTINA,35.0,35.0,35.0,35.0
2026-01,IC,S08409,33,33.0,0.0,0.0,0.0,0,9,9,15,9,7,6,5,3,454,96,358,nodo,ROMA TERMINI,10.709558823529413,0.5,36.60000000000001,63.55
2026-01,IC,S09211,2,2.0,0.0,0.0,0.0,0,0,1,1,1,1,0,0,0,11,6,5,nodo,CASERTA,2.5,2.5,2.5,2.5
2026-01,IC,S09218,3,3.0,0.0,0.0,0.0,0,0,1,2,1,1,0,0,0,11,23,-12,nodo,NAPOLI CENTRALE,-5.75,-5.75,-1.1499999999999995,-0.5750000000000002
2026-01,IC,S09818,5,5.0,0.0,0.0,0.0,0,1,1,3,1,0,0,0,0,8,12,-4,nodo,SALERNO,-1.0833333333333333,-1.75,2.8500000000000005,3.4249999999999994
2026-01,IC,S11119,4,4.0,0.0,0.0,0.0,0,0,1,3,1,1,1,0,0,20,15,5,nodo,BARI CENTRALE,1.25,1.25,6.6499999999999995,7.324999999999999
2026-01,IC,S11145,10,10.0,0.0,0.0,0.0,0,0,4,6,4,1,1,0,0,46,28,18,nodo,LECCE,1.8,-2.0,12.700000000000003,15.099999999999998
2026-01,IC,S11461,2,2.0,0.0,0.0,0.0,0,0,1,1,1,1,1,1,1,106,4,102,nodo,METAPONTO,51.0,51.0,51.0,51.0
2026-01,IC,S11465,4,4.0,0.0,0.0,0.0,0,0,3,1,3,3,3,3,3,308,6,302,nodo,TARANTO,75.5,75.5,104.30000000000001,107.89999999999999
2026-01,IC,S11774,2,2.0,0.0,0.0,0.0,0,0,0,2,0,0,0,0,0,0,11,-11,nodo,VILLA S.GIOVANNI,-5.5,-5.5,-5.5,-5.5
2026-01,IC,S11781,9,9.0,0.0,0.0,0.0,0,0,3,6,3,2,2,1,0,61,40,21,nodo,REGGIO DI CALABRIA CENTRALE,1.5,0.5,12.55,14.774999999999999
2026-01,IC,S12002,5,5.0,0.0,0.0,0.0,0,1,0,4,0,0,0,0,0,2,55,-53,nodo,PALERMO CENTRALE,-9.0,-7.5,-4.3,-3.9000000000000004
2026-01,IC,S12301,5,5.0,0.0,0.0,0.0,0,0,1,4,1,1,1,0,0,29,50,-21,nodo,MESSINA CENTRALE,-1.416666666666667,-0.75,9.85,11.174999999999999
2026-01,IC,S12349,4,4.0,0.0,0.0,0.0,0,1,1,2,1,1,1,0,0,32,12,20,nodo,SIRACUSA,5.0,5.0,13.8,14.899999999999999
2026-01,ICN,S00219,13,13.0,0.0,0.0,0.0,0,3,5,5,5,1,0,0,0,43,9,34,nodo,TORINO PORTA NUOVA,2.666666666666667,3.5,7.0,8.0
2026-01,ICN,S01700,7,7.0,0.0,0.0,0.0,0,2,3,2,3,2,2,1,0,74,6,68,nodo,MILANO CENTRALE,9.125,3.0,24.800000000000004,28.64999999999999
2026-01,ICN,S03317,4,4.0,0.0,0.0,0.0,0,0,0,4,0,0,0,0,0,0,58,-58,nodo,TRIESTE CENTRALE,-14.5,-14.5,-14.1,-14.05
2026-01,ICN,S08409,4,4.0,0.0,0.0,0.0,0,0,0,4,0,0,0,0,0,0,58,-58,nodo,ROMA TERMINI,-14.5,-14.5,-14.1,-14.05
2026-01,ICN,S09818,8,8.0,0.0,0.0,0.0,0,2,3,3,3,0,0,0,0,21,5,16,nodo,SALERNO,2.0,2.5,4.85,4.925
2026-01,ICN,S11145,9,9.0,0.0,0.0,0.0,0,3,4,2,4,2,2,1,0,83,6,77,nodo,LECCE,9.025,3.5,23.800000000000004,28.14999999999999
2026-01,ICN,S11781,3,3.0,0.0,0.0,0.0,0,0,1,2,1,1,0,0,0,13,4,9,nodo,REGGIO DI CALABRIA CENTRALE,1.5,1.5,4.3,4.65
2026-01,ICN,S12002,4,4.0,0.0,0.0,0.0,0,1,1,2,1,1,1,1,0,43,31,12,nodo,PALERMO CENTRALE,3.0,3.0,13.8,15.149999999999999
2026-01,ICN,S12301,4,4.0,0.0,0.0,0.0,0,1,1,2,1,1,1,1,0,43,31,12,nodo,MESSINA CENTRALE,3.0,3.0,13.8,15.149999999999999
2026-01,MET,S09101,124,124.0,0.0,0.0,0.0,0,67,4,53,4,0,0,0,0,104,115,-11,nodo,POZZUOLI SOLFATARA,-0.08860265417642466,0.0,2.900000000000002,4.0
2026-01,MET,S09103,75,75.0,0.0,0.0,0.0,0,15,6,54,6,2,2,0,0,88,174,-86,nodo,NAPOLI CAMPI FLEGREI,-1.1388888888888888,-1.5,1.9500000000000028,5.925000000000001
2026-01,MET,S09110,13,13.0,0.0,0.0,0.0,0,1,0,12,0,0,0,0,0,2,38,-36,nodo,NAPOLI GIANTURCO,-2.7375,-3.0,-0.09999999999999987,0.19999999999999973
2026-01,MET,S09211,11,11.0,0.0,0.0,0.0,0,4,3,4,3,0,0,0,0,19,6,13,nodo,CASERTA,1.2666666666666668,0.25,4.55,5.275
2026-01,MET,S09756,2,2.0,0.0,0.0,0.0,0,2,0,0,0,0,0,0,0,0,0,0,nodo,CASTELLAMMARE DI STABIA,0.0,0.0,0.0,0.0
2026-01,MET,S09800,119,119.0,0.0,0.0,0.0,0,63,4,52,4,0,0,0,0,98,92,6,nodo,NAPOLI S.GIOVANNI BARRA,0.048446327683615814,-0.5,2.6000000000000014,4.024999999999999
2026-01,MET,S09806,12,12.0,0.0,0.0,0.0,0,4,1,7,1,0,0,0,0,16,13,3,nodo,TORRE ANNUNZIATA CENTRALE,0.25,0.25,1.75,2.125
2026-01,MET,S09818,36,36.0,0.0,0.0,0.0,0,6,3,27,3,2,2,0,0,63,113,-50,nodo,SALERNO,-1.2941176470588236,-3.0,3.000000000000001,7.849999999999968
2026-01,REG,N00019,4,4.0,0.0,0.0,0.0,0,3,1,0,1,0,0,0,0,12,0,12,nodo,TRADATE,3.0,3.0,4.7,4.85
2026-01,REG,N00024,22,22.0,0.0,0.0,0.0,0,19,3,0,3,0,0,0,0,36,0,36,nodo,VARESE NORD,1.658119658119658,0.5,4.700000000000001,5.599999999999999
2026-01,REG,N00025,1,1.0,0.0,0.0,0.0,0,0,0,1,0,0,0,0,0,0,1,-1,nodo,VARESE CASBENO,-1.0,-1.0,-1.0,-1.0
2026-01,REG,N00041,1,1.0,0.0,0.0,0.0,0,0,1,0,1,1,1,0,0,24,0,24,nodo,GRANDATE - BRECCIA,24.0,24.0,24.0,24.0
2026-01,REG,N00045,1,1.0,0.0,0.0,0.0,0,0,0,1,0,0,0,0,0,0,1,-1,nodo,RESCALDINA,-1.0,-1.0,-1.0,-1.0
2026-01,REG,N00055,30,30.0,0.0,0.0,0.0,0,24,2,4,2,0,0,0,0,31,5,26,nodo,NOVARA NORD,0.8666666666666667,0.5,2.5,3.2499999999999973
2026-01,REG,N00066,5,5.0,0.0,0.0,0.0,0,5,0,0,0,0,0,0,0,0,0,0,nodo,MEDA,0.0,0.0,0.0,0.0
2026-01,REG,N00068,2,2.0,0.0,0.0,0.0,0,2,0,0,0,0,0,0,0,5,0,5,nodo,MARIANO COMENSE,2.5,2.5,3.7,3.85
2026-01,REG,N00073,3,3.0,0.0,0.0,0.0,0,1,2,0,2,2,1,0,0,33,0,33,nodo,MERONE,11.0,13.0,15.4,15.7
2026-01,REG,N00074,25,25.0,0.0,0.0,0.0,0,10,15,0,15,9,5,0,0,209,0,209,nodo,ERBA,8.39102564102564,6.5,16.75,19.325
2026-01,REG,N00079,29,29.0,0.0,0.0,0.0,0,22,2,5,2,0,0,0,0,48,7,41,nodo,ASSO,1.4326923076923077,1.0,3.6500000000000004,4.524999999999999
2026-01,REG,N00210,24,24.0,0.0,0.0,0.0,0,15,7,2,7,2,1,0,0,85,3,82,nodo,ISEO,3.75,3.0,7.799999999999999,10.274999999999997
2026-01,REG,N00211,1,1.0,0.0,0.0,0.0,0,1,0,0,0,0,0,0,0,1,0,1,nodo,PILZONE,1.0,1.0,1.0,1.0
2026-01,REG,N00217,4,4.0,0.0,0.0,0.0,0,1,2,1,2,1,0,0,0,22,1,21,nodo,PISOGNE,5.25,5.25,9.45,9.975
2026-01,REG,N00226,2,2.0,0.0,0.0,0.0,0,0,2,0,2,0,0,0,0,12,0,12,nodo,BRENO,6.0,6.0,6.0,6.0
2026-01,REG,N00235,22,22.0,0.0,0.0,0.0,0,6,14,2,14,8,5,2,0,221,3,218,nodo,EDOLO,9.90909090909091,8.0,24.5,27.25
2026-01,REG,S00015,1,1.0,0.0,0.0,0.0,0,1,0,0,0,0,0,0,0,4,0,4,nodo,GOZZANO,4.0,4.0,4.0,4.0
2026-01,REG,S00016,4,4.0,0.0,0.0,0.0,0,2,2,0,2,0,0,0,0,19,0,19,nodo,BORGOMANERO,4.75,4.75,5.75,5.875
2026-01,REG,S00034,39,39.0,0.0,0.0,0.0,0,14,3,22,3,2,2,0,0,53,37,16,nodo,MORTARA,0.5317460317460317,-0.5,4.650000000000004,8.649999999999999
2026-01,REG,S00039,2,2.0,0.0,0.0,0.0,0,1,1,0,1,0,0,0,0,10,0,10,nodo,TORREBERETTI,5.0,5.0,6.6,6.8
2026-01,REG,S00070,28,28.0,0.0,0.0,0.0,0,16,0,12,0,0,0,0,0,20,27,-7,nodo,BIELLA S.PAOLO,-0.24999999999999994,-0.25,1.5,1.8499999999999996
2026-01,REG,S00074,2,2.0,0.0,0.0,0.0,0,0,1,1,1,0,0,0,0,9,1,8,nodo,SALUSSOLA,4.0,4.0,4.0,4.0
2026-01,REG,S00088,16,16.0,0.0,0.0,0.0,0,2,0,14,0,0,0,0,0,2,29,-27,nodo,TORINO AEROPORTO DI CASELLE,-1.6875,-2.0,-0.3500000000000001,-0.17500000000000027
2026-01,REG,S00090,6,6.0,0.0,0.0,0.0,0,2,1,3,1,0,0,0,0,8,3,5,nodo,CIRIE\',0.8333333333333335,0.0,2.8000000000000003,3.1499999999999995
2026-01,REG,S00096,28,28.0,0.0,0.0,0.0,0,11,2,15,2,0,0,0,0,18,41,-23,nodo,GERMAGNANO,-0.8214285714285715,-1.25,1.5500000000000016,2.5249999999999995
2026-01,REG,S00154,36,36.0,0.0,0.0,0.0,0,12,1,23,1,0,0,0,0,24,51,-27,nodo,IVREA,-0.75,-1.0,2.3000000000000007,3.224999999999998
2026-01,REG,S00202,20,20.0,0.0,0.0,0.0,0,8,1,11,1,0,0,0,0,25,33,-8,nodo,BARDONECCHIA,-0.4,-0.75,3.5999999999999996,4.049999999999999
2026-01,REG,S00204,1,1.0,0.0,0.0,0.0,0,0,1,0,1,1,1,0,0,19,0,19,nodo,OULX CESANA CLAVIERE SESTRIERE,19.0,19.0,19.0,19.0
2026-01,REG,S00205,12,12.0,0.0,0.0,0.0,0,2,2,8,2,1,1,1,0,42,13,29,nodo,SALBERTRAND,2.4166666666666665,-1.0,10.5,13.25
2026-01,REG,S00208,1,1.0,0.0,0.0,0.0,0,1,0,0,0,0,0,0,0,1,0,1,nodo,BUSSOLENO,1.0,1.0,1.0,1.0
2026-01,REG,S00219,163,163.0,0.0,0.0,0.0,0,50,14,99,14,5,5,2,0,292,354,-62,nodo,TORINO PORTA NUOVA,-0.385350797952424,-1.0,4.5,5.0
2026-01,REG,S00228,3,3.0,0.0,0.0,0.0,0,0,1,2,1,0,0,0,0,5,3,2,nodo,TORINO STURA,1.75,1.75,1.95,1.975
2026-01,REG,S00232,29,29.0,0.0,0.0,0.0,0,9,1,19,1,0,0,0,0,24,60,-36,nodo,CHIVASSO,-1.2690476190476192,-1.75,2.8500000000000014,3.9749999999999988
2026-01,REG,S00240,14,14.0,0.0,0.0,0.0,0,9,0,5,0,0,0,0,0,16,8,8,nodo,SANTHIA\',0.5714285714285714,0.5,1.9000000000000004,2.1999999999999993
2026-01,REG,S00245,14,14.0,0.0,0.0,0.0,0,6,6,2,6,2,2,1,0,95,3,92,nodo,VERCELLI,6.571428571428571,2.0,17.500000000000004,21.249999999999993
2026-01,REG,S00248,126,126.0,0.0,0.0,0.0,0,49,1,76,1,0,0,0,0,68,170,-102,nodo,NOVARA,-0.8095238095238095,-1.0,1.5,3.0
2026-01,REG,S00252,2,2.0,0.0,0.0,0.0,0,0,2,0,2,2,2,2,1,106,0,106,nodo,TRECATE,53.0,53.0,53.0,53.0
2026-01,REG,S00260,17,17.0,0.0,0.0,0.0,0,3,0,14,0,0,0,0,0,3,43,-40,nodo,SUSA,-2.333333333333333,-2.5,-0.04999999999999982,0.7249999999999992
2026-01,REG,S00314,28,28.0,0.0,0.0,0.0,0,6,3,19,3,1,1,0,0,39,56,-17,nodo,CASALE MONFERRATO,-0.6071428571428571,-2.0,3.750000000000002,7.299999999999997
2026-01,REG,S00452,8,8.0,0.0,0.0,0.0,0,3,1,4,1,1,1,0,0,29,8,21,nodo,TORINO LINGOTTO,2.625,-0.25,9.950000000000003,11.974999999999994
2026-01,REG,S00455,2,2.0,0.0,0.0,0.0,0,1,1,0,1,1,1,0,0,19,0,19,nodo,TROFARELLO,9.5,9.5,9.5,9.5
2026-01,REG,S00462,38,38.0,0.0,0.0,0.0,0,13,1,24,1,0,0,0,0,31,60,-29,nodo,ASTI,-0.7631578947368423,-1.0,1.8999999999999986,3.649999999999997
2026-01,REG,S00470,44,44.0,0.0,0.0,0.0,0,13,2,29,2,0,0,0,0,41,95,-54,nodo,ALESSANDRIA,-1.2272727272727273,-2.0,2.950000000000001,3.4749999999999996
2026-01,REG,S00500,14,14.0,0.0,0.0,0.0,0,10,0,4,0,0,0,0,0,15,4,11,nodo,CHIERI,0.7857142857142857,1.0,1.7000000000000002,1.8499999999999996
2026-01,REG,S00512,2,2.0,0.0,0.0,0.0,0,0,1,1,1,1,0,0,0,14,6,8,nodo,CANDIOLO,4.0,4.0,4.0,4.0
2026-01,REG,S00517,16,16.0,0.0,0.0,0.0,0,5,1,10,1,0,0,0,0,11,30,-19,nodo,PINEROLO,-1.1875,-1.5,1.2499999999999996,2.1249999999999987
2026-01,REG,S00601,7,7.0,0.0,0.0,0.0,0,3,3,1,3,1,0,0,0,33,1,32,nodo,CARMAGNOLA,4.125,3.5,6.750000000000001,7.374999999999998
2026-01,REG,S00606,35,35.0,0.0,0.0,0.0,0,8,3,24,3,1,1,0,0,37,60,-23,nodo,FOSSANO,-0.7582236842105263,-1.5,2.3499999999999996,3.824999999999985
2026-01,REG,S00610,24,24.0,0.0,0.0,0.0,0,12,1,11,1,0,0,0,0,27,31,-4,nodo,CUNEO,-0.13986013986013987,-1.0,3.0,3.849999999999998
2026-01,REG,S00617,12,12.0,0.0,0.0,0.0,0,3,0,9,0,0,0,0,0,2,30,-28,nodo,LIMONE,-2.333333333333333,-2.25,0.0,0.25
2026-01,REG,S00742,8,8.0,0.0,0.0,0.0,0,2,2,4,2,0,0,0,0,16,6,10,nodo,CEVA,1.25,1.5,3.7,3.85
2026-01,REG,S00821,4,4.0,0.0,0.0,0.0,0,3,1,0,1,1,1,1,1,71,0,71,nodo,BRA,17.75,17.75,30.75,32.375
2026-01,REG,S00825,16,16.0,0.0,0.0,0.0,0,7,2,7,2,0,0,0,0,16,18,-2,nodo,ALBA,-0.125,-1.0,2.5999999999999996,3.299999999999999
2026-01,REG,S00867,18,18.0,0.0,0.0,0.0,0,10,0,8,0,0,0,0,0,13,12,1,nodo,ACQUI TERME,0.05555555555555547,0.0,0.9000000000000004,1.6999999999999993
2026-01,REG,S00884,14,14.0,0.0,0.0,0.0,0,10,0,4,0,0,0,0,0,15,4,11,nodo,RIVAROLO,0.7857142857142857,1.0,1.7000000000000002,1.8499999999999996
2026-01,REG,S01003,47,47.0,0.0,0.0,0.0,0,13,3,31,3,0,0,0,0,41,96,-55,nodo,DOMODOSSOLA,-1.1829710144927537,-2.0,1.9000000000000004,3.724999999999996
2026-01,REG,S01020,19,19.0,0.0,0.0,0.0,0,6,1,12,1,0,0,0,0,11,24,-13,nodo,ARONA,-0.7,-1.0,2.1499999999999995,2.8249999999999984
2026-01,REG,S01030,141,141.0,0.0,0.0,0.0,0,35,13,93,13,1,0,0,0,128,186,-58,nodo,GALLARATE,-0.4151570048309179,-1.0,3.6000000000000014,5.225000000000001
2026-01,REG,S01031,1,1.0,0.0,0.0,0.0,0,1,0,0,0,0,0,0,0,0,0,0,nodo,BUSTO ARSIZIO,0.0,0.0,0.0,0.0
2026-01,REG,S01037,92,92.0,0.0,0.0,0.0,0,29,5,58,5,1,1,0,0,100,135,-35,nodo,RHO,-0.3804347826086956,-1.5,4.0,4.375
2026-01,REG,S01042,2,2.0,0.0,0.0,0.0,0,0,1,1,1,1,1,1,0,59,1,58,nodo,VITTUONE ARLUNO,29.0,29.0,29.0,29.0
2026-01,REG,S01059,67,67.0,0.0,0.0,0.0,0,46,8,13,8,2,0,0,0,116,25,91,nodo,ALBAIRATE-VERMEZZO,1.3520499108734403,1.0,4.65,7.049999999999997
2026-01,REG,S01062,8,8.0,0.0,0.0,0.0,0,5,2,1,2,0,0,0,0,26,1,25,nodo,ABBIATEGRASSO,3.125,3.25,5.7,5.85
2026-01,REG,S01066,362,362.0,0.0,0.0,0.0,0,260,20,82,20,1,1,0,0,398,157,241,nodo,MILANO CADORNA,0.6663865546218488,0.0,3.200000000000003,4.5
2026-01,REG,S01074,67,67.0,0.0,0.0,0.0,0,37,24,6,24,14,10,1,0,392,22,370,nodo,GARBAGNATE MILANESE,5.572321428571429,2.0,19.050000000000004,23.52499999999999
2026-01,REG,S01083,1,1.0,0.0,0.0,0.0,0,1,0,0,0,0,0,0,0,0,0,0,nodo,PALAZZOLO MILANESE,0.0,0.0,0.0,0.0
2026-01,REG,S01086,1,1.0,0.0,0.0,0.0,0,0,1,0,1,1,1,0,0,15,0,15,nodo,CESANO MADERNO,15.0,15.0,15.0,15.0
2026-01,REG,S01113,24,24.0,0.0,0.0,0.0,0,5,9,10,9,1,0,0,0,66,24,42,nodo,LUINO,1.75,1.5,5.150000000000001,7.299999999999997
2026-01,REG,S01118,40,40.0,0.0,0.0,0.0,0,15,25,0,25,12,9,0,0,337,0,337,nodo,LAVENO MOMBELLO,8.425,7.25,14.750000000000004,17.175000000000004
2026-01,REG,S01138,3,3.0,0.0,0.0,0.0,0,1,2,0,2,2,2,1,0,50,0,50,nodo,FERNO - LONATE POZZOLO,16.666666666666668,16.0,29.6,31.3
2026-01,REG,S01146,145,145.0,0.0,0.0,0.0,0,83,6,56,6,0,0,0,0,125,95,30,nodo,MALPENSA AEROPORTO TERMINAL 2,0.20367199391171995,-0.5,2.9499999999999993,4.225000000000001
2026-01,REG,S01200,34,34.0,0.0,0.0,0.0,0,6,2,26,2,1,1,0,0,26,59,-33,nodo,PORTO CERESIO,-0.9705882352941175,-2.0,0.5000000000000009,3.4999999999999947
2026-01,REG,S01205,71,71.0,0.0,0.0,0.0,0,16,4,51,4,1,1,0,0,55,95,-40,nodo,VARESE,-0.584126984126984,-1.25,1.75,2.924999999999997
2026-01,REG,S01301,68,68.0,0.0,0.0,0.0,0,26,7,35,7,2,1,0,0,110,68,42,nodo,CHIASSO,0.5922077922077922,-0.5,3.0,5.299999999999994
2026-01,REG,S01307,98,98.0,0.0,0.0,0.0,0,41,11,46,11,2,1,0,0,146,82,64,nodo,COMO S.GIOVANNI,0.6383333333333334,0.0,4.650000000000002,5.274999999999999
2026-01,REG,S01308,40,40.0,0.0,0.0,0.0,0,15,2,23,2,1,0,0,0,38,49,-11,nodo,COMO CAMERLATA,-0.275,-1.0,2.1000000000000014,3.299999999999983
2026-01,REG,S01310,2,2.0,0.0,0.0,0.0,0,0,0,2,0,0,0,0,0,0,10,-10,nodo,PM ALBATE,-5.0,-5.0,-4.2,-4.1
2026-01,REG,S01316,66,66.0,0.0,0.0,0.0,0,28,9,29,9,0,0,0,0,84,78,6,nodo,CAMNAGO-LENTATE,0.09090909090909083,-0.5,3.3000000000000007,6.099999999999998
2026-01,REG,S01318,2,2.0,0.0,0.0,0.0,0,0,1,1,1,0,0,0,0,7,1,6,nodo,SEREGNO,3.0,3.0,3.0,3.0
2026-01,REG,S01322,2,2.0,0.0,0.0,0.0,0,0,1,1,1,1,1,1,0,48,1,47,nodo,MONZA,23.5,23.5,23.5,23.5
2026-01,REG,S01325,2,2.0,0.0,0.0,0.0,0,1,0,1,0,0,0,0,0,2,2,0,nodo,SESTO S.GIOVANNI,0.0,0.0,0.0,0.0
2026-01,REG,S01326,78,78.0,0.0,0.0,0.0,0,26,5,47,5,0,0,0,0,71,145,-74,nodo,MILANO GRECO PIRELLI,-0.9618421052631578,-1.75,3.650000000000002,4.574999999999999
2026-01,REG,S01400,32,32.0,0.0,0.0,0.0,0,23,3,6,3,2,2,0,0,79,6,73,nodo,CHIAVENNA,2.28125,1.5,4.0,7.25
2026-01,REG,S01420,41,41.0,0.0,0.0,0.0,0,28,5,8,5,3,2,0,0,109,16,93,nodo,COLICO,2.2666666666666666,1.5,4.700000000000003,10.150000000000002
2026-01,REG,S01425,2,2.0,0.0,0.0,0.0,0,0,1,1,1,1,1,1,0,48,4,44,nodo,MORBEGNO,22.0,22.0,22.0,22.0
2026-01,REG,S01429,2,2.0,0.0,0.0,0.0,0,0,2,0,2,1,0,0,0,18,0,18,nodo,CASTIONE ANDEVENNO,9.0,9.0,9.0,9.0
2026-01,REG,S01430,22,22.0,0.0,0.0,0.0,0,12,4,6,4,0,0,0,0,50,11,39,nodo,SONDRIO,2.02991452991453,2.0,6.0,6.199999999999999
2026-01,REG,S01440,24,24.0,0.0,0.0,0.0,0,10,12,2,12,6,4,0,0,180,2,178,nodo,TIRANO,7.5874125874125875,5.0,19.5,21.249999999999996
2026-01,REG,S01458,39,39.0,0.0,0.0,0.0,0,19,12,8,12,7,7,2,2,312,8,304,nodo,MOLTENO,7.948412698412699,3.0,27.25000000000001,43.5
2026-01,REG,S01488,1,1.0,0.0,0.0,0.0,0,0,1,0,1,1,1,1,0,35,0,35,nodo,BESANA,35.0,35.0,35.0,35.0
2026-01,REG,S01511,1,1.0,0.0,0.0,0.0,0,0,1,0,1,1,1,0,0,29,0,29,nodo,CARNATE USMATE,29.0,29.0,29.0,29.0
2026-01,REG,S01520,113,113.0,0.0,0.0,0.0,0,56,19,38,19,1,1,1,0,243,71,172,nodo,LECCO,1.5181704260651627,1.0,5.5,7.25
2026-01,REG,S01524,4,4.0,0.0,0.0,0.0,0,1,2,1,2,2,2,0,0,52,2,50,nodo,CALOLZIOCORTE OLGINATE,12.5,12.5,14.1,14.3
2026-01,REG,S01528,65,65.0,0.0,0.0,0.0,0,29,8,28,8,0,0,0,0,104,46,58,nodo,PONTE S.PIETRO,0.8873106060606061,-0.5,5.100000000000003,7.5749999999999975
2026-01,REG,S01529,103,103.0,0.0,0.0,0.0,0,47,2,54,2,0,0,0,0,74,132,-58,nodo,BERGAMO,-0.5607088989441931,-0.5,2.5,3.5
2026-01,REG,S01600,4,4.0,0.0,0.0,0.0,0,1,3,0,3,2,2,0,0,60,0,60,nodo,VERDELLO DALMINE,15.0,15.0,23.0,24.0
2026-01,REG,S01601,2,2.0,0.0,0.0,0.0,0,0,2,0,2,1,1,1,1,75,0,75,nodo,TREVIGLIO OVEST,37.5,37.5,37.5,37.5
2026-01,REG,S01605,1,1.0,0.0,0.0,0.0,0,0,0,1,0,0,0,0,0,0,4,-4,nodo,CREMA,-4.0,-4.0,-4.0,-4.0
2026-01,REG,S01630,9,9.0,0.0,0.0,0.0,0,2,6,1,6,5,4,2,0,146,3,143,nodo,MILANO S.CRISTOFORO,13.5,15.75,23.0,24.0
2026-01,REG,S01633,1,1.0,0.0,0.0,0.0,0,0,1,0,1,1,0,0,0,12,0,12,nodo,MILANO PORTA VITTORIA,12.0,12.0,12.0,12.0
2026-01,REG,S01640,5,5.0,0.0,0.0,0.0,0,5,0,0,0,0,0,0,0,8,0,8,nodo,MILANO CERTOSA,1.0,1.0,1.85,1.9249999999999998
2026-01,REG,S01642,138,138.0,0.0,0.0,0.0,0,47,4,87,4,0,0,0,0,79,195,-116,nodo,MILANO BOVISA POLITECNICO,-0.8405797101449275,-1.5,1.6000000000000014,3.0
2026-01,REG,S01645,210,210.0,0.0,0.0,0.0,0,99,27,84,27,6,4,2,0,405,156,249,nodo,MILANO PORTA GARIBALDI,1.1878686144632975,0.0,5.0,6.0
2026-01,REG,S01700,348,348.0,0.0,0.0,0.0,0,149,46,153,46,13,9,1,0,742,367,375,nodo,MILANO CENTRALE,1.0755813953488373,0.5,5.25,7.724999999999994
2026-01,REG,S01701,4,4.0,0.0,0.0,0.0,0,1,2,1,2,1,0,0,0,18,2,16,nodo,MILANO LAMBRATE,4.333333333333333,3.0,7.4,7.949999999999999
2026-01,REG,S01703,65,65.0,0.0,0.0,0.0,0,26,0,39,0,0,0,0,0,35,57,-22,nodo,PIOLTELLO LIMITO,-0.3390151515151515,-1.0,2.3000000000000007,2.6999999999999993
2026-01,REG,S01707,4,4.0,0.0,0.0,0.0,0,1,3,0,3,3,3,3,1,155,0,155,nodo,CASSANO D\'ADDA,45.833333333333336,48.5,55.7,56.6
2026-01,REG,S01708,131,131.0,0.0,0.0,0.0,0,36,4,91,4,1,0,0,0,77,229,-152,nodo,TREVIGLIO,-1.1626632462686568,-2.0,2.0,2.924999999999997
2026-01,REG,S01717,142,142.0,0.0,0.0,0.0,0,60,32,50,32,12,8,4,1,522,116,406,nodo,BRESCIA,2.924776119402985,1.0,9.800000000000004,13.84999999999999
2026-01,REG,S01747,30,30.0,0.0,0.0,0.0,0,22,2,6,2,0,0,0,0,42,8,34,nodo,LAVENO MOMBELLO LAGO,1.1333333333333333,0.5,3.3,4.249999999999997
2026-01,REG,S01765,37,37.0,0.0,0.0,0.0,0,34,1,2,1,0,0,0,0,41,3,38,nodo,COMO LAGO,1.0146198830409356,0.5,2.75,3.6249999999999982
2026-01,REG,S01770,1,1.0,0.0,0.0,0.0,0,0,1,0,1,1,1,1,0,37,0,37,nodo,SELLERO,37.0,37.0,37.0,37.0
2026-01,REG,S01805,4,4.0,0.0,0.0,0.0,0,3,1,0,1,0,0,0,0,14,0,14,nodo,BRESSANA BOTTARONE,3.5,3.5,4.7,4.85
2026-01,REG,S01807,18,18.0,0.0,0.0,0.0,0,8,0,10,0,0,0,0,0,16,22,-6,nodo,VOGHERA,-0.3333333333333333,0.0,2.7,3.0999999999999996
2026-01,REG,S01810,14,14.0,0.0,0.0,0.0,0,7,1,6,1,0,0,0,0,16,15,1,nodo,TORTONA,0.0714285714285714,-1.0,2.1000000000000005,2.549999999999999
2026-01,REG,S01820,40,40.0,0.0,0.0,0.0,0,15,3,22,3,2,2,0,0,52,37,15,nodo,MILANO ROGOREDO,0.449874686716792,-0.5,4.099999999999996,8.599999999999998
2026-01,REG,S01822,108,108.0,0.0,0.0,0.0,0,58,32,18,32,19,12,6,1,575,30,545,nodo,MELEGNANO,5.046296296296296,0.0,15.45000000000001,28.299999999999955
2026-01,REG,S01824,2,2.0,0.0,0.0,0.0,0,0,2,0,2,2,2,1,0,83,0,83,nodo,TAVAZZANO,41.5,41.5,51.5,52.75
2026-01,REG,S01825,70,70.0,0.0,0.0,0.0,0,19,1,50,1,0,0,0,0,27,112,-85,nodo,LODI,-1.2401960784313726,-2.0,1.1999999999999993,2.0
2026-01,REG,S01828,17,17.0,0.0,0.0,0.0,0,7,2,8,2,0,0,0,0,23,19,4,nodo,CODOGNO,0.16666666666666663,-0.75,4.6,4.8
2026-01,REG,S01852,2,2.0,0.0,0.0,0.0,0,0,1,1,1,1,1,1,0,54,1,53,nodo,COLORNO,26.5,26.5,26.5,26.5
2026-01,REG,S01853,2,2.0,0.0,0.0,0.0,0,1,0,1,0,0,0,0,0,2,1,1,nodo,TORRILE S.POLO,0.5,0.5,0.5,0.5
2026-01,REG,S01860,122,122.0,0.0,0.0,0.0,0,58,13,51,13,2,2,1,0,212,111,101,nodo,PAVIA,0.8278688524590164,0.5,4.5,6.0
2026-01,REG,S01864,2,2.0,0.0,0.0,0.0,0,2,0,0,0,0,0,0,0,2,0,2,nodo,BELGIOIOSO,1.0,1.0,1.0,1.0
2026-01,REG,S01865,2,2.0,0.0,0.0,0.0,0,1,1,0,1,1,1,0,0,17,0,17,nodo,CORTEOLONA,8.5,8.5,14.5,15.25
2026-01,REG,S01915,61,61.0,0.0,0.0,0.0,0,29,6,26,6,1,0,0,0,104,58,46,nodo,CREMONA,0.7268817204301076,0.5,3.5500000000000007,5.549999999999997
2026-01,REG,S01919,4,4.0,0.0,0.0,0.0,0,2,1,1,1,0,0,0,0,9,2,7,nodo,PIADENA,1.75,1.75,3.95,4.225
2026-01,REG,S01920,20,20.0,0.0,0.0,0.0,0,5,6,9,6,2,0,0,0,56,22,34,nodo,BOZZOLO,1.7,-0.25,9.1,9.549999999999999
2026-01,REG,S01925,1,1.0,0.0,0.0,0.0,0,1,0,0,0,0,0,0,0,1,0,1,nodo,SEVESO,1.0,1.0,1.0,1.0
2026-01,REG,S01933,136,136.0,0.0,0.0,0.0,0,112,8,16,8,2,0,0,0,189,27,162,nodo,SARONNO,1.1911764705882353,1.0,3.650000000000002,4.824999999999999
2026-01,REG,S01945,14,14.0,0.0,0.0,0.0,0,6,4,4,4,1,0,0,0,34,10,24,nodo,STRADELLA,1.7142857142857144,0.5,6.200000000000002,7.849999999999996
2026-01,REG,S01963,3,3.0,0.0,0.0,0.0,0,2,0,1,0,0,0,0,0,1,1,0,nodo,BUSSETO,0.25,0.25,0.45,0.475
2026-01,REG,S02001,40,40.0,0.0,0.0,0.0,0,10,6,24,6,1,1,0,0,70,73,-3,nodo,BRENNERO,-0.10651629072681701,-0.5,6.1,7.3999999999999915
2026-01,REG,S02006,2,2.0,0.0,0.0,0.0,0,0,2,0,2,1,1,0,0,35,0,35,nodo,VIPITENO-VAL DI VIZZE,17.5,17.5,17.5,17.5
2026-01,REG,S02011,2,2.0,0.0,0.0,0.0,0,0,0,2,0,0,0,0,0,0,3,-3,nodo,FORTEZZA,-1.5,-1.5,-1.5,-1.5
2026-01,REG,S02026,53,53.0,0.0,0.0,0.0,0,13,4,36,4,3,1,0,0,87,141,-54,nodo,BOLZANO,-1.0014245014245013,-2.0,3.25,8.224999999999998
2026-01,REG,S02030,1,1.0,0.0,0.0,0.0,0,0,1,0,1,0,0,0,0,7,0,7,nodo,BRONZOLO,7.0,7.0,7.0,7.0
2026-01,REG,S02038,29,29.0,0.0,0.0,0.0,0,13,1,15,1,0,0,0,0,33,36,-3,nodo,TRENTO,-0.07857142857142857,0.0,2.8,4.074999999999997
2026-01,REG,S02044,20,20.0,0.0,0.0,0.0,0,10,1,9,1,0,0,0,0,30,22,8,nodo,ROVERETO,0.4,0.5,3.2,4.099999999999998
2026-01,REG,S02049,36,36.0,0.0,0.0,0.0,0,12,3,21,3,2,0,0,0,52,65,-13,nodo,ALA,-0.361111111111111,-1.0,4.900000000000002,7.299999999999997
2026-01,REG,S02107,2,2.0,0.0,0.0,0.0,0,1,1,0,1,1,1,0,0,21,0,21,nodo,BRUNICO,10.5,10.5,10.5,10.5
2026-01,REG,S02111,1,1.0,0.0,0.0,0.0,0,0,1,0,1,1,0,0,0,12,0,12,nodo,MONGUELFO-VALLE DI CASIES,12.0,12.0,12.0,12.0
2026-01,REG,S02114,11,11.0,0.0,0.0,0.0,0,5,4,2,4,4,3,0,0,80,3,77,nodo,S.CANDIDO,6.791666666666666,2.5,16.25,18.625
2026-01,REG,S02140,18,18.0,0.0,0.0,0.0,0,1,0,17,0,0,0,0,0,0,70,-70,nodo,SCHIO,-3.8888888888888884,-4.0,-2.4,-2.2
2026-01,REG,S02216,27,27.0,0.0,0.0,0.0,0,12,3,12,3,0,0,0,0,47,17,30,nodo,MERANO,1.0769230769230769,0.0,4.200000000000001,5.824999999999997
2026-01,REG,S02225,1,1.0,0.0,0.0,0.0,0,1,0,0,0,0,0,0,0,0,0,0,nodo,PONTE D\'ADIGE,0.0,0.0,0.0,0.0
2026-01,REG,S02308,1,1.0,0.0,0.0,0.0,0,1,0,0,0,0,0,0,0,4,0,4,nodo,CALDONAZZO,4.0,4.0,4.0,4.0
2026-01,REG,S02314,8,8.0,0.0,0.0,0.0,0,3,3,2,3,1,0,0,0,33,2,31,nodo,BORGO VALSUGANA EST,3.875,4.25,7.1000000000000005,7.549999999999999
2026-01,REG,S02336,42,42.0,0.0,0.0,0.0,0,19,4,19,4,2,2,0,0,74,65,9,nodo,MANTOVA,0.2142857142857143,-1.0,3.5,5.0
2026-01,REG,S02340,25,25.0,0.0,0.0,0.0,0,14,3,8,3,1,1,0,0,52,21,31,nodo,SUZZARA,1.2179487179487178,0.75,4.3500000000000005,7.349999999999991
2026-01,REG,S02349,56,56.0,0.0,0.0,0.0,0,4,2,50,2,1,1,0,0,36,124,-88,nodo,CARPI,-1.5714285714285714,-2.5,-0.6999999999999993,0.974999999999998
2026-01,REG,S02366,1,1.0,0.0,0.0,0.0,0,0,0,1,0,0,0,0,0,0,5,-5,nodo,LEGNAGO,-5.0,-5.0,-5.0,-5.0
2026-01,REG,S02430,146,146.0,0.0,0.0,0.0,0,51,18,77,18,4,1,0,0,235,244,-9,nodo,VERONA PORTA NUOVA,-0.05762012012012013,-0.75,4.5,7.074999999999996
2026-01,REG,S02440,1,1.0,0.0,0.0,0.0,0,0,1,0,1,1,1,1,0,49,0,49,nodo,S.BONIFACIO,49.0,49.0,49.0,49.0
2026-01,REG,S02446,33,33.0,0.0,0.0,0.0,0,5,0,28,0,0,0,0,0,6,92,-86,nodo,VICENZA,-2.6029411764705883,-3.5,0.4500000000000002,1.0999999999999996
2026-01,REG,S02520,57,57.0,0.0,0.0,0.0,0,24,0,33,0,0,0,0,0,47,90,-43,nodo,BASSANO DEL GRAPPA,-0.7783251231527093,-0.75,2.5999999999999996,3.3249999999999993
2026-01,REG,S02535,4,4.0,0.0,0.0,0.0,0,0,2,2,2,2,2,2,0,83,3,80,nodo,CITTADELLA,20.0,20.0,20.8,20.9
2026-01,REG,S02537,1,1.0,0.0,0.0,0.0,0,0,1,0,1,0,0,0,0,5,0,5,nodo,CASTELFRANCO VENETO,5.0,5.0,5.0,5.0
2026-01,REG,S02550,16,16.0,0.0,0.0,0.0,0,8,3,5,3,1,0,0,0,41,9,32,nodo,CALALZO PIEVE CADORE CORTINA,2.0,1.0,6.35,7.924999999999997
2026-01,REG,S02553,1,1.0,0.0,0.0,0.0,0,0,1,0,1,1,1,1,0,31,0,31,nodo,PERAROLO DI CADORE,31.0,31.0,31.0,31.0
2026-01,REG,S02558,4,4.0,0.0,0.0,0.0,0,0,3,1,3,2,2,0,0,48,3,45,nodo,PONTE NELLE ALPI POLPET,12.5,10.5,18.9,19.95
2026-01,REG,S02559,53,53.0,0.0,0.0,0.0,0,21,11,21,11,5,2,1,0,171,50,121,nodo,BELLUNO,2.327857142857143,1.0,7.400000000000002,15.624999999999982
2026-01,REG,S02564,2,2.0,0.0,0.0,0.0,0,1,1,0,1,1,1,0,0,29,0,29,nodo,FELTRE,14.5,14.5,14.5,14.5
2026-01,REG,S02570,16,16.0,0.0,0.0,0.0,0,9,1,6,1,0,0,0,0,13,8,5,nodo,MONTEBELLUNA,0.3125,0.0,2.0999999999999996,2.799999999999999
2026-01,REG,S02581,43,43.0,0.0,0.0,0.0,0,17,1,25,1,1,0,0,0,42,64,-22,nodo,PADOVA,-0.49122807017543857,-1.5,3.3499999999999996,4.32499999999999
2026-01,REG,S02589,6,6.0,0.0,0.0,0.0,0,5,1,0,1,1,1,1,0,41,0,41,nodo,VENEZIA MESTRE,6.833333333333333,3.0,17.5,24.25
2026-01,REG,S02593,266,266.0,0.0,0.0,0.0,0,130,19,117,19,6,4,3,0,464,314,150,nodo,VENEZIA S.LUCIA,0.5884920634920635,0.0,4.0,5.424999999999983
2026-01,REG,S02703,17,17.0,0.0,0.0,0.0,0,4,0,13,0,0,0,0,0,3,26,-23,nodo,SACILE,-1.3611111111111112,-1.75,0.0,0.7499999999999991
2026-01,REG,S02706,14,14.0,0.0,0.0,0.0,0,5,1,8,1,0,0,0,0,15,17,-2,nodo,CONEGLIANO,-0.14285714285714285,0.5,2.7,2.8499999999999996
2026-01,REG,S02712,32,32.0,0.0,0.0,0.0,0,15,1,16,1,0,0,0,0,21,28,-7,nodo,TREVISO CENTRALE,-0.21875,-0.5,1.75,2.5
2026-01,REG,S02830,52,52.0,0.0,0.0,0.0,0,33,11,8,11,0,0,0,0,144,14,130,nodo,CASARSA,2.5,2.5,5.75,7.125
2026-01,REG,S03015,12,12.0,0.0,0.0,0.0,0,3,2,7,2,2,1,1,0,74,24,50,nodo,TARVISIO BOSCOVERDE,4.166666666666667,-1.25,17.5,26.0
2026-01,REG,S03016,2,2.0,0.0,0.0,0.0,0,0,0,2,0,0,0,0,0,0,7,-7,nodo,CARNIA,-3.5,-3.5,-3.5,-3.5
2026-01,REG,S03019,4,4.0,0.0,0.0,0.0,0,1,3,0,3,0,0,0,0,21,0,21,nodo,GEMONA DEL FRIULI,5.25,5.25,7.05,7.275
2026-01,REG,S03026,29,29.0,0.0,0.0,0.0,0,10,0,19,0,0,0,0,0,21,46,-25,nodo,UDINE,-0.7965686274509804,-1.5,2.5,3.049999999999999
2026-01,REG,S03084,12,12.0,0.0,0.0,0.0,0,2,0,10,0,0,0,0,0,1,18,-17,nodo,MANIAGO,-1.4166666666666665,-1.5,-0.25,0.125
2026-01,REG,S03200,40,40.0,0.0,0.0,0.0,0,22,5,13,5,3,2,1,0,98,24,74,nodo,PORTOGRUARO CAORLE,1.8471177944862154,1.0,4.899999999999999,10.749999999999973
2026-01,REG,S03207,6,6.0,0.0,0.0,0.0,0,2,0,4,0,0,0,0,0,0,8,-8,nodo,CERVIGNANO-AQUILEIA-GRADO,-1.375,-1.25,-0.2999999999999999,-0.1500000000000002
2026-01,REG,S03310,3,3.0,0.0,0.0,0.0,0,1,1,1,1,0,0,0,0,8,3,5,nodo,MONFALCONE,1.75,1.75,3.5500000000000003,3.775
2026-01,REG,S03317,70,70.0,0.0,0.0,0.0,0,23,7,40,7,6,4,3,0,233,115,118,nodo,TRIESTE CENTRALE,1.560032894736842,-1.25,8.450000000000006,19.94999999999998
2026-01,REG,S03466,4,4.0,0.0,0.0,0.0,0,0,1,3,1,1,1,1,0,32,4,28,nodo,VILLA OPICINA,7.0,7.0,13.799999999999999,14.649999999999999
2026-01,REG,S04203,4,4.0,0.0,0.0,0.0,0,0,0,4,0,0,0,0,0,0,9,-9,nodo,NOVI LIGURE,-2.25,-2.25,-1.25,-1.125
2026-01,REG,S04207,17,17.0,0.0,0.0,0.0,0,1,0,16,0,0,0,0,0,3,55,-52,nodo,ARQUATA SCRIVIA,-3.0555555555555554,-3.0,-1.6999999999999997,-0.3500000000000014
2026-01,REG,S04215,47,47.0,0.0,0.0,0.0,0,16,8,23,8,2,0,0,0,101,70,31,nodo,BUSALLA,0.693840579710145,0.25,5.75,7.349999999999998
2026-01,REG,S04220,6,6.0,0.0,0.0,0.0,0,3,2,1,2,1,1,0,0,32,3,29,nodo,GENOVA SAMPIERDARENA,6.5,6.25,12.150000000000002,13.075
2026-01,REG,S04501,36,36.0,0.0,0.0,0.0,0,14,7,15,7,3,3,1,0,111,46,65,nodo,VENTIMIGLIA,2.01875,0.5,11.55,13.8
2026-01,REG,S04503,1,1.0,0.0,0.0,0.0,0,1,0,0,0,0,0,0,0,3,0,3,nodo,BORDIGHERA,3.0,3.0,3.0,3.0
2026-01,REG,S04515,1,1.0,0.0,0.0,0.0,0,0,1,0,1,1,1,0,0,16,0,16,nodo,ALASSIO,16.0,16.0,16.0,16.0
2026-01,REG,S04516,5,5.0,0.0,0.0,0.0,0,1,3,1,3,1,1,0,0,29,5,24,nodo,ALBENGA,5.916666666666667,6.25,10.45,10.974999999999998
2026-01,REG,S04523,2,2.0,0.0,0.0,0.0,0,0,0,2,0,0,0,0,0,0,5,-5,nodo,IMPERIA,-2.5,-2.5,-2.5,-2.5
2026-01,REG,S04534,106,106.0,0.0,0.0,0.0,0,41,32,33,32,13,8,1,0,443,57,386,nodo,GENOVA VOLTRI,3.6004273504273505,1.5,10.6,14.799999999999985
2026-01,REG,S04537,4,4.0,0.0,0.0,0.0,0,1,2,1,2,2,2,1,0,72,1,71,nodo,GENOVA SESTRI PONENTE AEROPORTO,17.75,17.75,21.15,21.575
2026-01,REG,S04700,27,27.0,0.0,0.0,0.0,0,2,1,24,1,1,0,0,0,15,126,-111,nodo,GENOVA PIAZZA PRINCIPE,-4.137362637362637,-4.0,0.15000000000000302,2.8249999999999966
2026-01,REG,S04702,107,107.0,0.0,0.0,0.0,0,31,4,72,4,1,1,0,0,85,291,-206,nodo,GENOVA BRIGNOLE,-1.9493006993006992,-1.75,2.0,3.1499999999999986
2026-01,REG,S04704,2,2.0,0.0,0.0,0.0,0,1,1,0,1,0,0,0,0,8,0,8,nodo,GENOVA QUARTO DEI MILLE,4.0,4.0,4.0,4.0
2026-01,REG,S04707,84,84.0,0.0,0.0,0.0,0,29,27,28,27,13,9,1,0,396,53,343,nodo,GENOVA NERVI,4.116562677254679,1.5,14.60000000000002,20.149999999999995
2026-01,REG,S04714,12,12.0,0.0,0.0,0.0,0,2,2,8,2,0,0,0,0,18,16,2,nodo,RECCO,0.1666666666666666,-1.25,4.0,5.0
2026-01,REG,S04725,64,64.0,0.0,0.0,0.0,0,15,4,45,4,1,0,0,0,55,145,-90,nodo,SESTRI LEVANTE,-1.41544477028348,-1.5,2.5,3.9499999999999993
2026-01,REG,S04731,2,2.0,0.0,0.0,0.0,0,0,1,1,1,0,0,0,0,5,2,3,nodo,LEVANTO,1.5,1.5,4.3,4.65
2026-01,REG,S04801,70,70.0,0.0,0.0,0.0,0,26,5,39,5,3,3,0,0,109,132,-23,nodo,SAVONA,-0.32857142857142857,-1.0,3.8000000000000007,6.149999999999984
2026-01,REG,S04805,7,7.0,0.0,0.0,0.0,0,1,1,5,1,1,1,0,0,21,10,11,nodo,S.GIUSEPPE DI CAIRO,1.25,-1.75,7.050000000000002,8.774999999999997
2026-01,REG,S05000,79,79.0,0.0,0.0,0.0,0,24,11,44,11,1,1,1,0,132,153,-21,nodo,PIACENZA,-0.28594351732991014,-1.0,4.150000000000002,5.574999999999999
2026-01,REG,S05009,22,22.0,0.0,0.0,0.0,0,18,1,3,1,0,0,0,0,13,3,10,nodo,FIDENZA,0.4545454545454546,0.0,1.0,2.5
2026-01,REG,S05014,70,70.0,0.0,0.0,0.0,0,33,4,33,4,2,1,1,1,140,71,69,nodo,PARMA,1.0310457516339868,-0.5,3.3499999999999996,5.2249999999999925
2026-01,REG,S05019,8,8.0,0.0,0.0,0.0,0,4,0,4,0,0,0,0,0,5,14,-9,nodo,BOLOGNA ROVERI,-1.125,-1.25,-0.1499999999999999,-0.07500000000000018
2026-01,REG,S05023,5,5.0,0.0,0.0,0.0,0,3,0,2,0,0,0,0,0,3,3,0,nodo,REGGIO EMILIA,0.0,0.0,1.2000000000000002,1.3499999999999999
2026-01,REG,S05032,22,22.0,0.0,0.0,0.0,0,3,3,16,3,2,2,0,0,58,57,1,nodo,MODENA,0.045454545454545525,-3.0,3.5,13.0
2026-01,REG,S05037,2,2.0,0.0,0.0,0.0,0,1,1,0,1,1,0,0,0,15,0,15,nodo,CASTELFRANCO EMILIA,7.5,7.5,7.5,7.5
2026-01,REG,S05041,1,1.0,0.0,0.0,0.0,0,1,0,0,0,0,0,0,0,4,0,4,nodo,LAVINO,4.0,4.0,4.0,4.0
2026-01,REG,S05043,225,225.0,0.0,0.0,0.0,0,67,24,134,24,6,3,0,0,309,465,-156,nodo,BOLOGNA CENTRALE,-0.6927939317319849,-1.5,4.450000000000003,6.699999999999996
2026-01,REG,S05053,4,4.0,0.0,0.0,0.0,0,2,0,2,0,0,0,0,0,2,5,-3,nodo,CASTEL S.PIETRO TERME,-0.75,-0.75,-0.55,-0.5249999999999999
2026-01,REG,S05054,14,14.0,0.0,0.0,0.0,0,8,2,4,2,1,0,0,0,32,15,17,nodo,IMOLA,1.2142857142857142,0.5,5.200000000000002,6.849999999999996
2026-01,REG,S05056,1,1.0,0.0,0.0,0.0,0,1,0,0,0,0,0,0,0,1,0,1,nodo,CASTELBOLOGNESE-RIOLO TERME,1.0,1.0,1.0,1.0
2026-01,REG,S05058,3,3.0,0.0,0.0,0.0,0,2,1,0,1,0,0,0,0,12,0,12,nodo,FAENZA,3.5,3.5,5.1,5.3
2026-01,REG,S05071,53,53.0,0.0,0.0,0.0,0,9,5,39,5,3,3,2,0,125,138,-13,nodo,RIMINI,-0.27920227920227925,-2.0,3.700000000000001,8.974999999999996
2026-01,REG,S05090,24,24.0,0.0,0.0,0.0,0,22,0,2,0,0,0,0,0,14,2,12,nodo,SALSOMAGGIORE TERME,0.5,0.5,1.4500000000000002,1.9499999999999993
2026-01,REG,S05105,32,32.0,0.0,0.0,0.0,0,20,3,9,3,1,1,1,0,82,14,68,nodo,MARZABOTTO,2.1411764705882352,1.5,3.7,7.599999999999989
2026-01,REG,S05106,2,2.0,0.0,0.0,0.0,0,0,2,0,2,1,0,0,0,17,0,17,nodo,PIOPPE DI SALVARO,8.5,8.5,8.5,8.5
2026-01,REG,S05108,6,6.0,0.0,0.0,0.0,0,2,4,0,4,3,2,0,0,66,0,66,nodo,RIOLA,11.0,11.0,18.2,19.1
2026-01,REG,S05110,50,50.0,0.0,0.0,0.0,0,16,6,28,6,0,0,0,0,57,86,-29,nodo,PORRETTA TERME,-0.6490384615384616,-1.0,3.0,3.375
2026-01,REG,S05130,6,6.0,0.0,0.0,0.0,0,2,4,0,4,4,2,0,0,84,0,84,nodo,BOLOGNA S.RUFFILLO,14.0,8.0,23.6,25.55
2026-01,REG,S05131,18,18.0,0.0,0.0,0.0,0,5,2,11,2,0,0,0,0,19,23,-4,nodo,PIANORO,-0.22222222222222224,-1.5,3.3000000000000003,3.8999999999999995
2026-01,REG,S05134,2,2.0,0.0,0.0,0.0,0,1,0,1,0,0,0,0,0,0,5,-5,nodo,S.BENEDETTO SAMBRO-CASTIGLIONE PEPOLI,-2.5,-2.5,-2.5,-2.5
2026-01,REG,S05135,7,7.0,0.0,0.0,0.0,0,2,1,4,1,0,0,0,0,14,12,2,nodo,VERNIO MONTEPIANO CANTAGALLO,0.0,0.25,4.15,4.574999999999999
2026-01,REG,S05136,1,1.0,0.0,0.0,0.0,0,1,0,0,0,0,0,0,0,2,0,2,nodo,VAIANO,2.0,2.0,2.0,2.0
2026-01,REG,S05161,20,20.0,0.0,0.0,0.0,0,12,4,4,4,2,1,0,0,64,5,59,nodo,SERMIDE,2.95,2.0,6.299999999999997,9.899999999999991
2026-01,REG,S05180,6,6.0,0.0,0.0,0.0,0,3,0,3,0,0,0,0,0,5,3,2,nodo,SASSUOLO TERMINAL,0.33333333333333337,0.5,0.5,0.5
2026-01,REG,S05192,28,28.0,0.0,0.0,0.0,0,24,2,2,2,0,0,0,0,39,2,37,nodo,REGGIO S.LAZZARO,1.3214285714285714,1.0,3.3500000000000005,4.025
2026-01,REG,S05194,3,3.0,0.0,0.0,0.0,0,3,0,0,0,0,0,0,0,3,0,3,nodo,SASSUOLO RADICI,1.0,1.0,1.4,1.45
2026-01,REG,S05308,8,8.0,0.0,0.0,0.0,0,5,1,2,1,0,0,0,0,15,4,11,nodo,POGGIO RUSCO,1.375,1.0,3.9000000000000004,4.199999999999999
2026-01,REG,S05420,19,19.0,0.0,0.0,0.0,0,10,2,7,2,2,1,0,0,41,22,19,nodo,ADRIA,0.9829545454545454,0.0,3.949999999999999,9.474999999999996
2026-01,REG,S05428,7,7.0,0.0,0.0,0.0,0,2,0,5,0,0,0,0,0,3,21,-18,nodo,CHIOGGIA,-2.4583333333333335,-3.5,0.10000000000000075,0.7999999999999985
2026-01,REG,S05703,12,12.0,0.0,0.0,0.0,0,9,1,2,1,0,0,0,0,9,3,6,nodo,MONSELICE,0.5,0.0,2.25,2.875
2026-01,REG,S05706,42,42.0,0.0,0.0,0.0,0,6,7,29,7,4,3,1,0,112,124,-12,nodo,ROVIGO,-0.2425629290617849,-2.5,6.899999999999999,14.599999999999993
2026-01,REG,S05712,29,29.0,0.0,0.0,0.0,0,6,3,20,3,1,0,0,0,38,65,-27,nodo,FERRARA,-0.9476190476190476,-2.25,3.8,5.799999999999996
2026-01,REG,S05722,16,16.0,0.0,0.0,0.0,0,7,1,8,1,1,0,0,0,16,24,-8,nodo,S.PIETRO IN CASALE,-0.5,-0.75,2.299999999999999,4.399999999999997
2026-01,REG,S05799,34,34.0,0.0,0.0,0.0,0,26,8,0,8,2,0,0,0,115,0,115,nodo,CODIGORO,3.3823529411764706,2.5,6.6000000000000005,8.399999999999997
2026-01,REG,S05802,8,8.0,0.0,0.0,0.0,0,4,0,4,0,0,0,0,0,5,14,-9,nodo,PORTOMAGGIORE,-1.125,-1.25,-0.1499999999999999,-0.07500000000000018
2026-01,REG,S05808,2,2.0,0.0,0.0,0.0,0,0,1,1,1,1,1,1,0,42,3,39,nodo,ALFONSINE,19.5,19.5,19.5,19.5
2026-01,REG,S05811,35,35.0,0.0,0.0,0.0,0,9,4,22,4,1,1,1,0,78,69,9,nodo,RAVENNA,0.3218954248366014,-1.0,4.250000000000001,8.849999999999985
2026-01,REG,S05818,1,1.0,0.0,0.0,0.0,0,0,1,0,1,1,1,0,0,16,0,16,nodo,IGEA MARINA,16.0,16.0,16.0,16.0
2026-01,REG,S05921,43,43.0,0.0,0.0,0.0,0,27,13,3,13,6,3,0,0,184,6,178,nodo,CIANO D\'ENZA,4.104978354978355,3.0,9.5,13.425
2026-01,REG,S05951,2,2.0,0.0,0.0,0.0,0,1,0,1,0,0,0,0,0,2,2,0,nodo,LUGO,0.0,0.0,1.6,1.7999999999999998
2026-01,REG,S05960,2,2.0,0.0,0.0,0.0,0,0,0,2,0,0,0,0,0,0,3,-3,nodo,GUASTALLA,-1.5,-1.5,-1.5,-1.5
2026-01,REG,S05975,4,4.0,0.0,0.0,0.0,0,4,0,0,0,0,0,0,0,0,0,0,nodo,BAZZANO (FER),0.0,0.0,0.0,0.0
2026-01,REG,S05984,2,2.0,0.0,0.0,0.0,0,0,1,1,1,1,1,1,0,33,2,31,nodo,SCANDIANO,15.5,15.5,29.5,31.25
2026-01,REG,S06000,114,114.0,0.0,0.0,0.0,0,34,7,73,7,3,1,0,0,140,227,-87,nodo,LA SPEZIA CENTRALE,-0.7318349753694581,-1.0,3.25,4.574999999999999
2026-01,REG,S06007,2,2.0,0.0,0.0,0.0,0,0,0,2,0,0,0,0,0,0,2,-2,nodo,SARZANA,-1.0,-1.0,-1.0,-1.0
2026-01,REG,S06009,8,8.0,0.0,0.0,0.0,0,4,1,3,1,0,0,0,0,16,6,10,nodo,MASSA CENTRO,1.25,0.25,4.850000000000001,5.674999999999998
2026-01,REG,S06013,12,12.0,0.0,0.0,0.0,0,5,2,5,2,1,0,0,0,27,9,18,nodo,AULLA LUNIGIANA,1.5,0.75,5.5,6.75
2026-01,REG,S06026,2,2.0,0.0,0.0,0.0,0,2,0,0,0,0,0,0,0,2,0,2,nodo,CECINA,1.0,1.0,1.0,1.0
2026-01,REG,S06031,9,9.0,0.0,0.0,0.0,0,4,3,2,3,0,0,0,0,21,3,18,nodo,CAMPIGLIA MARITTIMA,2.075,1.75,5.550000000000001,6.274999999999999
2026-01,REG,S06033,2,2.0,0.0,0.0,0.0,0,1,0,1,0,0,0,0,0,1,2,-1,nodo,FOLLONICA,-0.5,-0.5,-0.5,-0.5
2026-01,REG,S06039,23,23.0,0.0,0.0,0.0,0,8,4,11,4,2,2,2,0,99,32,67,nodo,GROSSETO,3.0530303030303028,-0.25,20.35,21.45
2026-01,REG,S06040,38,38.0,0.0,0.0,0.0,0,18,2,18,2,1,1,0,0,45,51,-6,nodo,VIAREGGIO,-0.15789473684210525,0.0,1.9999999999999982,4.699999999999985
2026-01,REG,S06161,1,1.0,0.0,0.0,0.0,0,1,0,0,0,0,0,0,0,2,0,2,nodo,BORGO VAL DI TARO,2.0,2.0,2.0,2.0
2026-01,REG,S06163,8,8.0,0.0,0.0,0.0,0,3,1,4,1,1,0,0,0,20,15,5,nodo,PONTREMOLI,0.625,-1.0,5.600000000000001,6.799999999999997
2026-01,REG,S06227,6,6.0,0.0,0.0,0.0,0,2,0,4,0,0,0,0,0,2,6,-4,nodo,MINUCCIANO-PIEVE-CASOLA,-1.0,-1.0,-0.5,-0.5
2026-01,REG,S06325,3,3.0,0.0,0.0,0.0,0,3,0,0,0,0,0,0,0,4,0,4,nodo,PIAZZA AL SERCHIO,1.0,1.0,1.0,1.0
2026-01,REG,S06404,42,42.0,0.0,0.0,0.0,0,23,4,15,4,1,0,0,0,71,35,36,nodo,LUCCA,0.8571428571428572,0.5,5.0,6.5
2026-01,REG,S06409,24,24.0,0.0,0.0,0.0,0,12,2,10,2,1,0,0,0,39,22,17,nodo,PESCIA,0.7083333333333334,0.0,4.300000000000001,6.0749999999999975
2026-01,REG,S06411,9,9.0,0.0,0.0,0.0,0,5,0,4,0,0,0,0,0,6,10,-4,nodo,MONTECATINI TERME-MONSUMMANO,-0.16666666666666669,0.0,1.65,1.825
2026-01,REG,S06414,13,13.0,0.0,0.0,0.0,0,6,1,6,1,0,0,0,0,13,15,-2,nodo,PISTOIA,-0.35,-0.75,2.65,2.8249999999999997
2026-01,REG,S06416,18,18.0,0.0,0.0,0.0,0,4,1,13,1,1,0,0,0,22,45,-23,nodo,PRATO CENTRALE,-1.277777777777778,-2.5,1.8000000000000016,5.399999999999997
2026-01,REG,S06419,24,24.0,0.0,0.0,0.0,0,16,4,4,4,0,0,0,0,58,7,51,nodo,FIRENZE CASTELLO,2.125,2.0,4.45,4.949999999999999
2026-01,REG,S06420,6,6.0,0.0,0.0,0.0,0,4,0,2,0,0,0,0,0,5,9,-4,nodo,FIRENZE RIFREDI,-0.375,0.75,1.35,1.4249999999999998
2026-01,REG,S06421,243,243.0,0.0,0.0,0.0,0,94,21,128,21,6,5,3,0,402,325,77,nodo,FIRENZE SANTA MARIA NOVELLA,0.3123475196530225,-0.5,3.450000000000003,6.049999999999997
2026-01,REG,S06500,94,94.0,0.0,0.0,0.0,0,39,6,49,6,1,1,0,0,123,142,-19,nodo,PISA CENTRALE,-0.2074829931972789,-0.5,3.5,4.999999999999993
2026-01,REG,S06506,24,24.0,0.0,0.0,0.0,0,21,2,1,2,0,0,0,0,51,1,50,nodo,PONTEDERA CASCIANA TERME,2.083333333333333,2.0,3.9,4.674999999999999
2026-01,REG,S06510,17,17.0,0.0,0.0,0.0,0,5,0,12,0,0,0,0,0,6,35,-29,nodo,EMPOLI,-1.7291666666666665,-1.5,0.9500000000000002,1.7249999999999992
2026-01,REG,S06603,4,4.0,0.0,0.0,0.0,0,4,0,0,0,0,0,0,0,6,0,6,nodo,S.PIERO A SIEVE,1.5,1.5,1.5,1.5
2026-01,REG,S06604,29,29.0,0.0,0.0,0.0,0,13,2,14,2,0,0,0,0,34,36,-2,nodo,BORGO S.LORENZO,-0.05476190476190476,-0.25,3.5999999999999996,4.324999999999999
2026-01,REG,S06607,10,10.0,0.0,0.0,0.0,0,2,2,6,2,0,0,0,0,14,13,1,nodo,CRESPINO DEL LAMONE,0.09999999999999998,-1.0,3.2,3.5999999999999996
2026-01,REG,S06610,2,2.0,0.0,0.0,0.0,0,1,0,1,0,0,0,0,0,0,1,-1,nodo,MARRADI-PALAZZUOLO SUL SENIO,-0.5,-0.5,-0.0999999999999999,-0.05
2026-01,REG,S06725,36,36.0,0.0,0.0,0.0,0,14,0,22,0,0,0,0,0,22,41,-19,nodo,LIVORNO CENTRALE,-0.5247678018575852,-1.0,1.799999999999999,3.0999999999999996
2026-01,REG,S06775,10,10.0,0.0,0.0,0.0,0,3,4,3,4,1,1,0,0,43,4,39,nodo,PIOMBINO MARITTIMA,3.9,3.0,10.200000000000001,12.099999999999998
2026-01,REG,S06803,2,2.0,0.0,0.0,0.0,0,2,0,0,0,0,0,0,0,2,0,2,nodo,CERTALDO,1.0,1.0,1.0,1.0
2026-01,REG,S06805,3,3.0,0.0,0.0,0.0,0,1,1,1,1,1,0,0,0,15,1,14,nodo,POGGIBONSI-S.GIMIGNANO,3.25,3.25,5.45,5.725
2026-01,REG,S06809,65,65.0,0.0,0.0,0.0,0,15,9,41,9,3,2,2,1,202,126,76,nodo,SIENA,1.1571969696969697,-2.0,4.9,7.449999999999996
2026-01,REG,S06856,2,2.0,0.0,0.0,0.0,0,0,2,0,2,1,1,1,0,41,0,41,nodo,MONTALLESE,20.5,20.5,20.5,20.5
2026-01,REG,S06874,12,12.0,0.0,0.0,0.0,0,1,0,11,0,0,0,0,0,3,30,-27,nodo,BUONCONVENTO,-2.25,-2.75,-0.5,0.25
2026-01,REG,S06900,40,40.0,0.0,0.0,0.0,0,22,6,12,6,1,0,0,0,96,27,69,nodo,FIRENZE CAMPO MARTE,1.643939393939394,0.75,5.600000000000001,7.949999999999994
2026-01,REG,S06904,16,16.0,0.0,0.0,0.0,0,3,2,11,2,0,0,0,0,21,35,-14,nodo,PONTASSIEVE,-0.875,-1.25,3.9,4.949999999999998
2026-01,REG,S06910,40,40.0,0.0,0.0,0.0,0,16,4,20,4,3,1,0,0,74,51,23,nodo,MONTEVARCHI TERRANUOVA,0.575,-0.5,4.350000000000005,7.900000000000006
2026-01,REG,S06915,19,19.0,0.0,0.0,0.0,0,8,4,7,4,2,2,2,0,110,12,98,nodo,AREZZO,5.204545454545455,0.5,11.199999999999996,26.84999999999999
2026-01,REG,S06922,2,2.0,0.0,0.0,0.0,0,0,1,1,1,1,1,1,0,44,1,43,nodo,TERONTOLA CORTONA,21.5,21.5,21.5,21.5
2026-01,REG,S06925,23,23.0,0.0,0.0,0.0,0,8,8,7,8,2,1,1,1,153,25,128,nodo,CHIUSI-CHIANCIANO TERME,5.188461538461539,2.5,8.55,25.27499999999994
2026-01,REG,S07002,4,4.0,0.0,0.0,0.0,0,1,0,3,0,0,0,0,0,1,4,-3,nodo,MAGIONE,-0.75,-0.75,-0.15,-0.075
2026-01,REG,S07004,13,13.0,0.0,0.0,0.0,0,5,7,1,7,5,2,1,0,97,4,93,nodo,PERUGIA,7.273809523809524,4.75,17.2,19.1
2026-01,REG,S07005,8,8.0,0.0,0.0,0.0,0,7,1,0,1,0,0,0,0,18,0,18,nodo,PERUGIA PONTE S.GIOVANNI,2.25,2.0,3.9,4.199999999999999
2026-01,REG,S07008,2,2.0,0.0,0.0,0.0,0,0,0,2,0,0,0,0,0,0,10,-10,nodo,ASSISI,-5.0,-5.0,-5.0,-5.0
2026-01,REG,S07102,4,4.0,0.0,0.0,0.0,0,1,1,2,1,1,1,0,0,17,6,11,nodo,CATTOLICA S.GIOVANNI GABICCE,2.75,2.75,7.35,7.924999999999999
2026-01,REG,S07104,5,5.0,0.0,0.0,0.0,0,1,0,4,0,0,0,0,0,4,9,-5,nodo,PESARO,-1.1666666666666667,-2.0,0.40000000000000013,0.6999999999999997
2026-01,REG,S07111,2,2.0,0.0,0.0,0.0,0,0,0,2,0,0,0,0,0,0,2,-2,nodo,FALCONARA MARITTIMA,-1.0,-1.0,-1.0,-1.0
2026-01,REG,S07113,68,68.0,0.0,0.0,0.0,0,15,7,46,7,2,2,1,0,115,161,-46,nodo,ANCONA,-0.71875,-1.75,4.450000000000001,6.625
2026-01,REG,S07202,2,2.0,0.0,0.0,0.0,0,0,0,2,0,0,0,0,0,0,9,-9,nodo,JESI,-4.5,-4.5,-4.5,-4.5
2026-01,REG,S07204,8,8.0,0.0,0.0,0.0,0,3,0,5,0,0,0,0,0,6,6,0,nodo,CASTELPLANIO CUPRAMONTANA,0.0,0.25,1.0,1.0
2026-01,REG,S07208,14,14.0,0.0,0.0,0.0,0,4,0,10,0,0,0,0,0,8,28,-20,nodo,FABRIANO,-1.4285714285714286,-1.5,1.6000000000000005,2.049999999999999
2026-01,REG,S07217,22,22.0,0.0,0.0,0.0,0,12,4,6,4,2,1,1,0,90,16,74,nodo,FOLIGNO,3.3636363636363638,2.0,5.0,16.0
2026-01,REG,S07221,4,4.0,0.0,0.0,0.0,0,2,0,2,0,0,0,0,0,2,2,0,nodo,SPOLETO,0.0,0.0,0.8,0.8999999999999999
2026-01,REG,S07226,13,13.0,0.0,0.0,0.0,0,3,5,5,5,1,1,0,0,50,6,44,nodo,TERNI,3.392857142857143,1.5,9.100000000000001,10.549999999999997
2026-01,REG,S07307,6,6.0,0.0,0.0,0.0,0,1,0,5,0,0,0,0,0,3,15,-12,nodo,MACERATA,-2.0,-2.0,0.4,0.6999999999999997
2026-01,REG,S07405,5,5.0,0.0,0.0,0.0,0,1,0,4,0,0,0,0,0,1,13,-12,nodo,RIETI,-2.166666666666667,-1.5,-0.29999999999999993,-0.15000000000000013
2026-01,REG,S07408,1,1.0,0.0,0.0,0.0,0,1,0,0,0,0,0,0,0,4,0,4,nodo,ANTRODOCO BORGO VELINO,4.0,4.0,4.0,4.0
2026-01,REG,S07414,13,13.0,0.0,0.0,0.0,0,6,5,2,5,1,1,0,0,59,2,57,nodo,L\'AQUILA,4.321428571428571,4.0,9.100000000000001,10.549999999999997
2026-01,REG,S07500,4,4.0,0.0,0.0,0.0,0,4,0,0,0,0,0,0,0,4,0,4,nodo,VARANO,1.0,1.0,2.0,2.0
2026-01,REG,S07506,11,11.0,0.0,0.0,0.0,0,2,0,9,0,0,0,0,0,5,21,-16,nodo,CIVITANOVA MARCHE-MONTEGRANARO,-1.4833333333333334,-2.0,0.6500000000000001,1.5749999999999997
2026-01,REG,S07513,9,9.0,0.0,0.0,0.0,0,6,0,3,0,0,0,0,0,11,4,7,nodo,S.BENEDETTO DEL TRONTO,0.625,0.5,1.7000000000000002,1.8499999999999996
2026-01,REG,S07550,13,13.0,0.0,0.0,0.0,0,5,0,8,0,0,0,0,0,10,20,-10,nodo,ASCOLI PICENO,-0.6785714285714286,-0.25,1.4000000000000004,1.6999999999999993
2026-01,REG,S07703,1,1.0,0.0,0.0,0.0,0,0,1,0,1,1,1,1,1,107,0,107,nodo,POPOLI VITTORITO,107.0,107.0,107.0,107.0
2026-01,REG,S07706,4,4.0,0.0,0.0,0.0,0,2,0,2,0,0,0,0,0,6,3,3,nodo,TORRE DEI PASSERI,0.75,0.75,1.35,1.4249999999999998
2026-01,REG,S07712,4,4.0,0.0,0.0,0.0,0,3,0,1,0,0,0,0,0,5,2,3,nodo,CHIETI,0.75,0.75,1.75,1.875
2026-01,REG,S07802,4,4.0,0.0,0.0,0.0,0,3,0,1,0,0,0,0,0,1,1,0,nodo,GIULIANOVA,0.0,0.0,0.4,0.4499999999999999
2026-01,REG,S07810,44,44.0,0.0,0.0,0.0,0,13,3,28,3,2,2,2,2,292,81,211,nodo,PESCARA,4.777432712215321,-1.5,2.9000000000000004,5.5
2026-01,REG,S07813,8,8.0,0.0,0.0,0.0,0,3,1,4,1,0,0,0,0,10,7,3,nodo,FRANCAVILLA AL MARE,0.375,-0.5,3.150000000000001,3.8249999999999984
2026-01,REG,S07824,4,4.0,0.0,0.0,0.0,0,0,0,4,0,0,0,0,0,0,8,-8,nodo,VASTO S.SALVO,-2.0,-2.0,-1.6,-1.5499999999999998
2026-01,REG,S07900,9,9.0,0.0,0.0,0.0,0,5,1,3,1,0,0,0,0,18,4,14,nodo,TERAMO,1.4,1.0,4.15,4.824999999999999
2026-01,REG,S08004,2,2.0,0.0,0.0,0.0,0,2,0,0,0,0,0,0,0,3,0,3,nodo,ORBETELLO-MONTE ARGENTARIO,1.5,1.5,1.5,1.5
2026-01,REG,S08008,8,8.0,0.0,0.0,0.0,0,4,0,4,0,0,0,0,0,3,9,-6,nodo,MONTALTO DI CASTRO,-0.75,-1.25,0.7500000000000004,1.1249999999999991
2026-01,REG,S08010,16,16.0,0.0,0.0,0.0,0,7,1,8,1,0,0,0,0,12,24,-12,nodo,CIVITAVECCHIA,-0.75,-1.0,2.1999999999999993,3.599999999999998
2026-01,REG,S08014,22,22.0,0.0,0.0,0.0,0,3,1,18,1,0,0,0,0,9,30,-21,nodo,VAL D\'ALA,-0.9545454545454546,-1.5,0.0,1.8999999999999984
2026-01,REG,S08020,3,3.0,0.0,0.0,0.0,0,2,0,1,0,0,0,0,0,4,1,3,nodo,MACCARESE-FREGENE,1.75,1.75,1.95,1.975
2026-01,REG,S08021,29,29.0,0.0,0.0,0.0,0,19,3,7,3,2,0,0,0,41,31,10,nodo,LADISPOLI-CERVETERI,0.3309523809523809,0.0,5.600000000000004,7.299999999999999
2026-01,REG,S08025,2,2.0,0.0,0.0,0.0,0,0,2,0,2,0,0,0,0,13,0,13,nodo,ROMA AURELIA,6.5,6.5,6.5,6.5
2026-01,REG,S08203,4,4.0,0.0,0.0,0.0,0,3,0,1,0,0,0,0,0,1,1,0,nodo,ORVIETO,0.0,0.0,0.4,0.4499999999999999
2026-01,REG,S08207,2,2.0,0.0,0.0,0.0,0,0,0,2,0,0,0,0,0,0,4,-4,nodo,ATTIGLIANO-BOMARZO,-2.0,-2.0,-2.0,-2.0
2026-01,REG,S08209,29,29.0,0.0,0.0,0.0,0,13,0,16,0,0,0,0,0,23,51,-28,nodo,ORTE,-1.0214285714285714,-0.25,1.5000000000000009,2.0
2026-01,REG,S08211,2,2.0,0.0,0.0,0.0,0,0,1,1,1,1,1,1,0,41,1,40,nodo,CIVITA CASTELLANA-MAGLIANO,20.0,20.0,20.0,20.0
2026-01,REG,S08213,17,17.0,0.0,0.0,0.0,0,9,1,7,1,0,0,0,0,15,8,7,nodo,POGGIO MIRTETO,0.35416666666666663,0.0,1.9500000000000002,2.724999999999999
2026-01,REG,S08214,14,14.0,0.0,0.0,0.0,0,7,1,6,1,0,0,0,0,20,8,12,nodo,FARA SABINA-MONTELIBRETTI,0.8571428571428571,0.0,3.6000000000000005,4.049999999999999
2026-01,REG,S08215,1,1.0,0.0,0.0,0.0,0,0,0,1,0,0,0,0,0,0,2,-2,nodo,MONTEROTONDO-MENTANA,-2.0,-2.0,-2.0,-2.0
2026-01,REG,S08217,78,78.0,0.0,0.0,0.0,0,32,2,44,2,0,0,0,0,72,125,-53,nodo,ROMA TIBURTINA,-0.7610415293342123,-0.5,1.6999999999999993,3.1999999999999957
2026-01,REG,S08301,2,2.0,0.0,0.0,0.0,0,0,1,1,1,1,1,1,0,43,1,42,nodo,GROTTE S.STEFANO,21.0,21.0,21.0,21.0
2026-01,REG,S08304,16,16.0,0.0,0.0,0.0,0,7,3,6,3,1,0,0,0,45,15,30,nodo,VITERBO PORTA FIORENTINA,1.875,0.75,6.999999999999999,8.749999999999996
2026-01,REG,S08306,2,2.0,0.0,0.0,0.0,0,0,0,2,0,0,0,0,0,0,4,-4,nodo,VITERBO PORTA ROMANA,-2.0,-2.0,-2.0,-2.0
2026-01,REG,S08315,23,23.0,0.0,0.0,0.0,0,12,0,11,0,0,0,0,0,26,16,10,nodo,BRACCIANO,0.36363636363636365,0.75,1.0,1.25
2026-01,REG,S08318,4,4.0,0.0,0.0,0.0,0,2,0,2,0,0,0,0,0,3,4,-1,nodo,ANGUILLARA,-0.25,-0.25,-0.050000000000000044,-0.025000000000000022
2026-01,REG,S08319,17,17.0,0.0,0.0,0.0,0,9,0,8,0,0,0,0,0,17,20,-3,nodo,CESANO DI ROMA,-0.08333333333333337,0.0,2.1,2.3
2026-01,REG,S08320,42,42.0,0.0,0.0,0.0,0,22,5,15,5,1,0,0,0,62,29,33,nodo,LA STORTA,0.7704545454545454,0.25,4.000000000000002,5.949999999999999
2026-01,REG,S08323,28,28.0,0.0,0.0,0.0,0,13,1,14,1,0,0,0,0,19,19,0,nodo,ROMA S.PIETRO,-0.125,-0.25,1.6500000000000004,2.475
2026-01,REG,S08331,33,33.0,0.0,0.0,0.0,0,14,2,17,2,0,0,0,0,27,23,4,nodo,VIGNA CLARA PES,0.0388888888888888,-0.25,2.3000000000000007,3.299999999999998
2026-01,REG,S08403,2,2.0,0.0,0.0,0.0,0,2,0,0,0,0,0,0,0,1,0,1,nodo,PONTE GALERIA,0.5,0.5,0.5,0.5
2026-01,REG,S08406,17,17.0,0.0,0.0,0.0,0,11,1,5,1,1,0,0,0,39,9,30,nodo,ROMA OSTIENSE,1.8,1.0,3.8499999999999988,6.1749999999999945
2026-01,REG,S08408,8,8.0,0.0,0.0,0.0,0,4,1,3,1,0,0,0,0,15,11,4,nodo,ROMA TUSCOLANA,0.5,0.75,4.450000000000001,4.974999999999999
2026-01,REG,S08409,342,342.0,0.0,0.0,0.0,0,133,29,180,29,16,11,7,1,634,628,6,nodo,ROMA TERMINI,0.020519835841313283,-1.0,4.0,8.099999999999966
2026-01,REG,S08411,201,201.0,0.0,0.0,0.0,0,104,3,94,3,0,0,0,0,128,246,-118,nodo,FIUMICINO AEROPORTO,-0.5885323826500297,-0.25,1.9500000000000028,3.0
2026-01,REG,S08504,22,22.0,0.0,0.0,0.0,0,3,1,18,1,0,0,0,0,9,30,-21,nodo,BAGNI DI TIVOLI,-0.9545454545454546,-1.5,0.0,1.8999999999999984
2026-01,REG,S08506,32,32.0,0.0,0.0,0.0,0,7,1,24,1,0,0,0,0,15,42,-27,nodo,GUIDONIA-MONTECELIO-S.ANGELO,-0.84375,-1.25,1.0,1.875
2026-01,REG,S08508,8,8.0,0.0,0.0,0.0,0,2,1,5,1,1,0,0,0,11,12,-1,nodo,TIVOLI,-0.125,-1.0,2.650000000000001,3.3249999999999984
2026-01,REG,S08512,12,12.0,0.0,0.0,0.0,0,4,0,8,0,0,0,0,0,3,12,-9,nodo,VALLE DELL\'ANIENE-MANDELA-SAMBUCI,-0.75,-1.0,0.5,0.75
2026-01,REG,S08526,14,14.0,0.0,0.0,0.0,0,6,1,7,1,1,1,1,0,36,25,11,nodo,AVEZZANO,0.7857142857142858,-1.0,7.2000000000000055,11.849999999999989
2026-01,REG,S08537,1,1.0,0.0,0.0,0.0,0,0,0,1,0,0,0,0,0,0,5,-5,nodo,ANVERSA-VILLALAGO-SCANNO,-5.0,-5.0,-5.0,-5.0
2026-01,REG,S08539,19,19.0,0.0,0.0,0.0,0,6,2,11,2,1,1,1,1,176,24,152,nodo,SULMONA,8.383333333333333,-0.5,18.150000000000013,50.074999999999974
2026-01,REG,S08608,1,1.0,0.0,0.0,0.0,0,0,1,0,1,0,0,0,0,6,0,6,nodo,LATINA,6.0,6.0,6.0,6.0
2026-01,REG,S08640,9,9.0,0.0,0.0,0.0,0,3,2,4,2,2,2,1,0,72,30,42,nodo,FORMIA-GAETA,3.95,-0.75,18.95,20.474999999999998
2026-01,REG,S08650,1,1.0,0.0,0.0,0.0,0,0,0,1,0,0,0,0,0,0,5,-5,nodo,CIAMPINO,-5.0,-5.0,-5.0,-5.0
2026-01,REG,S08652,3,3.0,0.0,0.0,0.0,0,1,1,1,1,1,1,1,0,34,1,33,nodo,ZAGAROLO,8.0,8.0,13.6,14.3
2026-01,REG,S08657,36,36.0,0.0,0.0,0.0,0,23,2,11,2,1,1,0,0,70,28,42,nodo,COLLEFERRO-SEGNI-PALIANO,1.1666666666666667,1.25,4.0,4.899999999999992
2026-01,REG,S08662,2,2.0,0.0,0.0,0.0,0,1,0,1,0,0,0,0,0,0,2,-2,nodo,FROSINONE,-1.0,-1.0,-1.0,-1.0
2026-01,REG,S08671,39,39.0,0.0,0.0,0.0,0,12,6,21,6,1,1,1,1,111,94,17,nodo,CASSINO,0.46315789473684216,-1.0,3.8499999999999996,8.89999999999993
2026-01,REG,S08704,14,14.0,0.0,0.0,0.0,0,3,1,10,1,0,0,0,0,11,23,-12,nodo,ALBANO LAZIALE,-0.8571428571428572,-1.5,1.8000000000000016,3.149999999999997
2026-01,REG,S08705,2,2.0,0.0,0.0,0.0,0,2,0,0,0,0,0,0,0,3,0,3,nodo,APRILIA,1.5,1.5,2.7,2.85
2026-01,REG,S08707,4,4.0,0.0,0.0,0.0,0,4,0,0,0,0,0,0,0,5,0,5,nodo,PADIGLIONE,1.25,1.25,1.85,1.925
2026-01,REG,S08710,20,20.0,0.0,0.0,0.0,0,13,1,6,1,1,1,1,0,64,17,47,nodo,NETTUNO,2.3499999999999996,1.0,5.199999999999994,12.849999999999982
2026-01,REG,S08716,2,2.0,0.0,0.0,0.0,0,0,2,0,2,1,1,1,0,43,0,43,nodo,MARECHIARO,21.5,21.5,21.5,21.5
2026-01,REG,S08731,2,2.0,0.0,0.0,0.0,0,1,1,0,1,1,1,1,1,129,0,129,nodo,PAVONA,64.5,64.5,115.3,121.65
2026-01,REG,S08732,3,3.0,0.0,0.0,0.0,0,3,0,0,0,0,0,0,0,3,0,3,nodo,CECCHINA,1.25,1.25,1.45,1.475
2026-01,REG,S08734,15,15.0,0.0,0.0,0.0,0,11,0,4,0,0,0,0,0,8,10,-2,nodo,VELLETRI,-0.125,-0.25,1.65,1.8249999999999997
2026-01,REG,S08751,14,14.0,0.0,0.0,0.0,0,0,0,14,0,0,0,0,0,0,47,-47,nodo,FRASCATI,-3.3571428571428568,-3.0,-2.3,-2.1500000000000004
2026-01,REG,S08850,8,8.0,0.0,0.0,0.0,0,5,0,3,0,0,0,0,0,9,5,4,nodo,CAPISTRELLO,0.5,0.0,1.9000000000000004,2.2
2026-01,REG,S09000,1,1.0,0.0,0.0,0.0,0,1,0,0,0,0,0,0,0,0,0,0,nodo,SESSA AURUNCA-ROCCAMONFINA,0.0,0.0,0.0,0.0
2026-01,REG,S09003,20,20.0,0.0,0.0,0.0,0,12,3,5,3,1,0,0,0,53,16,37,nodo,VILLA LITERNO,1.7828282828282829,2.5,5.1000000000000005,7.299999999999999
2026-01,REG,S09006,8,8.0,0.0,0.0,0.0,0,4,0,4,0,0,0,0,0,10,11,-1,nodo,AVERSA,-0.125,-0.75,2.650000000000001,3.3249999999999984
2026-01,REG,S09101,5,5.0,0.0,0.0,0.0,0,2,0,3,0,0,0,0,0,5,8,-3,nodo,POZZUOLI SOLFATARA,0.375,-0.25,1.7500000000000004,2.124999999999999
2026-01,REG,S09103,19,19.0,0.0,0.0,0.0,0,13,2,4,2,1,0,0,0,45,10,35,nodo,NAPOLI CAMPI FLEGREI,2.0681818181818183,1.75,5.1,5.799999999999999
2026-01,REG,S09150,12,12.0,0.0,0.0,0.0,0,2,2,8,2,1,0,0,0,20,31,-11,nodo,MINTURNO-SCAURI,-0.9285714285714286,-2.0,4.600000000000002,7.049999999999995
2026-01,REG,S09203,6,6.0,0.0,0.0,0.0,0,2,0,4,0,0,0,0,0,3,14,-11,nodo,VAIRANO-CAIANELLO,-1.8333333333333333,-2.5,0.7000000000000002,1.0999999999999996
2026-01,REG,S09211,45,45.0,0.0,0.0,0.0,0,17,6,22,6,3,3,1,0,153,88,65,nodo,CASERTA,1.3922924901185771,0.25,4.800000000000001,10.424999999999992
2026-01,REG,S09213,7,7.0,0.0,0.0,0.0,0,3,4,0,4,2,1,0,0,54,0,54,nodo,CANCELLO,7.714285714285714,5.0,16.400000000000002,18.2
2026-01,REG,S09218,85,85.0,0.0,0.0,0.0,0,23,16,46,16,12,11,7,1,497,248,249,nodo,NAPOLI CENTRALE,2.8411371237458196,-1.75,17.450000000000024,35.900000000000006
2026-01,REG,S09311,6,6.0,0.0,0.0,0.0,0,5,0,1,0,0,0,0,0,11,10,1,nodo,BENEVENTO,0.16666666666666652,2.0,2.0,2.0
2026-01,REG,S09453,40,40.0,0.0,0.0,0.0,0,8,11,21,11,7,6,4,1,270,66,204,nodo,BOIANO,5.1000000000000005,-0.25,21.450000000000014,30.975000000000016
2026-01,REG,S09520,1,1.0,0.0,0.0,0.0,0,1,0,0,0,0,0,0,0,1,0,1,nodo,BARONISSI,1.0,1.0,1.0,1.0
2026-01,REG,S09702,16,16.0,0.0,0.0,0.0,0,4,4,8,4,2,1,1,0,72,31,41,nodo,SARNO,2.9545454545454546,-1.0,14.900000000000002,19.7
2026-01,REG,S09706,10,10.0,0.0,0.0,0.0,0,5,2,3,2,0,0,0,0,28,8,20,nodo,MERCATO S.SEVERINO,2.0,3.0,5.1000000000000005,5.799999999999999
2026-01,REG,S09806,4,4.0,0.0,0.0,0.0,0,2,0,2,0,0,0,0,0,1,7,-6,nodo,TORRE ANNUNZIATA CENTRALE,-1.5,-1.5,0.1,0.2999999999999998
2026-01,REG,S09814,6,6.0,0.0,0.0,0.0,0,5,1,0,1,1,0,0,0,11,0,11,nodo,NOCERA INFERIORE,1.8333333333333335,0.0,4.4,4.95
2026-01,REG,S09818,71,71.0,0.0,0.0,0.0,0,48,10,13,10,7,5,2,0,227,52,175,nodo,SALERNO,3.419534412955466,1.0,10.449999999999996,17.37499999999997
2026-01,REG,S09823,2,2.0,0.0,0.0,0.0,0,0,0,2,0,0,0,0,0,0,6,-6,nodo,BATTIPAGLIA,-3.0,-3.0,-3.0,-3.0
2026-01,REG,S09824,12,12.0,0.0,0.0,0.0,0,2,4,6,4,1,1,0,0,38,17,21,nodo,EBOLI,1.1571428571428573,2.0,5.600000000000001,7.049999999999997
2026-01,REG,S09827,1,1.0,0.0,0.0,0.0,0,1,0,0,0,0,0,0,0,3,0,3,nodo,SICIGNANO DEGLI ALBURNI,3.0,3.0,3.0,3.0
2026-01,REG,S09828,14,14.0,0.0,0.0,0.0,0,3,3,8,3,1,0,0,0,29,34,-5,nodo,BUCCINO S.GREGORIO MAGNO,-0.25,-1.5,7.05,7.774999999999999
2026-01,REG,S09832,4,4.0,0.0,0.0,0.0,0,0,0,4,0,0,0,0,0,0,10,-10,nodo,BARAGIANO-RUOTI,-2.5,-2.5,-1.3,-1.15
2026-01,REG,S09839,31,31.0,0.0,0.0,0.0,0,31,0,0,0,0,0,0,0,0,0,0,nodo,ARECHI,0.0,0.0,0.0,0.0
2026-01,REG,S11019,4,4.0,0.0,0.0,0.0,0,1,0,3,0,0,0,0,0,1,6,-5,nodo,TERMOLI,-1.25,-1.25,-0.24999999999999994,-0.1250000000000001
2026-01,REG,S11025,12,12.0,0.0,0.0,0.0,0,6,0,6,0,0,0,0,0,13,9,4,nodo,S.SEVERO,0.3333333333333333,0.25,2.5,2.75
2026-01,REG,S11100,25,25.0,0.0,0.0,0.0,0,3,8,14,8,4,3,1,0,120,44,76,nodo,FOGGIA,3.016025641025641,-0.5,16.60000000000001,22.32499999999999
2026-01,REG,S11108,10,10.0,0.0,0.0,0.0,0,4,0,6,0,0,0,0,0,8,17,-9,nodo,BARLETTA,-0.8999999999999999,-1.5,2.3000000000000003,2.8999999999999995
2026-01,REG,S11119,80,80.0,0.0,0.0,0.0,0,21,12,47,12,8,7,5,2,388,116,272,nodo,BARI CENTRALE,3.440275171982489,-1.0,11.20000000000001,23.500000000000007
2026-01,REG,S11126,4,4.0,0.0,0.0,0.0,0,2,0,2,0,0,0,0,0,2,3,-1,nodo,BARI TORRE A MARE,-0.25,-0.25,-0.05,-0.025
2026-01,REG,S11130,10,10.0,0.0,0.0,0.0,0,2,0,8,0,0,0,0,0,2,29,-27,nodo,FASANO,-2.7,-3.0,-0.19999999999999973,0.39999999999999947
2026-01,REG,S11132,2,2.0,0.0,0.0,0.0,0,0,0,2,0,0,0,0,0,0,3,-3,nodo,OSTUNI,-1.5,-1.5,-1.5,-1.5
2026-01,REG,S11136,2,2.0,0.0,0.0,0.0,0,0,0,2,0,0,0,0,0,0,4,-4,nodo,BRINDISI,-2.0,-2.0,-2.0,-2.0
2026-01,REG,S11145,25,25.0,0.0,0.0,0.0,0,8,1,16,1,1,1,1,0,45,47,-2,nodo,LECCE,-0.019230769230769273,-1.5,1.4500000000000002,9.324999999999987
2026-01,REG,S11205,6,6.0,0.0,0.0,0.0,0,1,1,4,1,1,1,0,0,29,15,14,nodo,ROCCHETTA S.ANTONIO-LACEDONIA,2.333333333333333,-3.5,10.9,12.699999999999998
2026-01,REG,S11252,14,14.0,0.0,0.0,0.0,0,6,2,6,2,2,2,2,2,173,7,166,nodo,BITRITTO,11.857142857142858,0.0,34.300000000000026,58.14999999999994
2026-01,REG,S11420,11,11.0,0.0,0.0,0.0,0,5,2,4,2,2,1,0,0,45,13,32,nodo,POTENZA CENTRALE,3.1166666666666667,2.5,10.25,11.375
2026-01,REG,S11465,18,18.0,0.0,0.0,0.0,0,4,4,10,4,4,4,2,0,144,22,122,nodo,TARANTO,6.777777777777779,-1.5,20.300000000000004,31.89999999999999
2026-01,REG,S11721,17,17.0,0.0,0.0,0.0,0,3,7,7,7,6,5,3,1,228,26,202,nodo,SAPRI,11.902777777777779,1.75,39.05,46.77499999999999
2026-01,REG,S11739,13,13.0,0.0,0.0,0.0,0,6,4,3,4,3,3,1,0,86,7,79,nodo,PAOLA,5.3875,1.75,13.899999999999999,16.199999999999996
2026-01,REG,S11749,23,23.0,0.0,0.0,0.0,0,3,0,20,0,0,0,0,0,2,63,-61,nodo,LAMEZIA TERME CENTRALE,-2.659090909090909,-2.25,-0.5499999999999998,0.1999999999999993
2026-01,REG,S11765,22,22.0,0.0,0.0,0.0,0,11,2,9,2,1,0,0,0,37,22,15,nodo,ROSARNO,0.5083333333333333,0.0,3.4000000000000004,5.349999999999997
2026-01,REG,S11774,8,8.0,0.0,0.0,0.0,0,2,0,6,0,0,0,0,0,3,9,-6,nodo,VILLA S.GIOVANNI,-0.75,-0.75,0.3500000000000001,0.4249999999999998
2026-01,REG,S11781,38,38.0,0.0,0.0,0.0,0,9,2,27,2,1,1,0,0,44,103,-59,nodo,REGGIO DI CALABRIA CENTRALE,-1.422222222222222,-1.75,2.0500000000000025,4.924999999999992
2026-01,REG,S11811,8,8.0,0.0,0.0,0.0,0,0,1,7,1,1,0,0,0,11,25,-14,nodo,SIBARI,-1.75,-2.75,2.550000000000001,3.5249999999999977
2026-01,REG,S11823,12,12.0,0.0,0.0,0.0,0,4,0,8,0,0,0,0,0,12,33,-21,nodo,CROTONE,-1.4714285714285713,0.0,1.9000000000000006,2.449999999999999
2026-01,REG,S11833,42,42.0,0.0,0.0,0.0,0,11,0,31,0,0,0,0,0,28,115,-87,nodo,CATANZARO LIDO,-1.8958810068649887,-2.0,1.0999999999999996,2.849999999999998
2026-01,REG,S11847,2,2.0,0.0,0.0,0.0,0,0,1,1,1,0,0,0,0,7,2,5,nodo,ROCCELLA JONICA,2.5,2.5,2.5,2.5
2026-01,REG,S11851,16,16.0,0.0,0.0,0.0,0,8,3,5,3,0,0,0,0,31,12,19,nodo,LOCRI,1.1875,1.75,4.1,4.799999999999999
2026-01,REG,S11863,16,16.0,0.0,0.0,0.0,0,2,0,14,0,0,0,0,0,3,27,-24,nodo,MELITO DI PORTO SALVO,-1.5,-1.75,0.1499999999999999,0.32499999999999973
2026-01,REG,S11910,33,33.0,0.0,0.0,0.0,0,10,1,22,1,1,0,0,0,27,78,-51,nodo,COSENZA,-1.5202205882352942,-2.0,1.9500000000000002,3.5
2026-01,REG,S12002,99,99.0,0.0,0.0,0.0,0,44,5,50,5,1,1,1,1,182,128,54,nodo,PALERMO CENTRALE,0.5508578431372548,0.0,3.5,4.324999999999999
2026-01,REG,S12014,8,8.0,0.0,0.0,0.0,0,6,0,2,0,0,0,0,0,7,2,5,nodo,TERMINI IMERESE,0.625,0.25,1.9000000000000004,2.1999999999999993
2026-01,REG,S12019,13,13.0,0.0,0.0,0.0,0,6,0,7,0,0,0,0,0,6,13,-7,nodo,CEFALU\',-0.5238095238095238,-0.5,1.2000000000000002,1.3499999999999996
2026-01,REG,S12027,10,10.0,0.0,0.0,0.0,0,2,1,7,1,0,0,0,0,10,19,-9,nodo,S.AGATA DI MILITELLO,-0.9000000000000001,-2.0,2.4000000000000004,3.1999999999999993
2026-01,REG,S12036,32,32.0,0.0,0.0,0.0,0,19,6,7,6,1,1,0,0,88,14,74,nodo,PATTI-S.PIERO PATTI,2.3125,1.5,6.0,9.125
2026-01,REG,S12042,1,1.0,0.0,0.0,0.0,0,0,1,0,1,1,1,0,0,16,0,16,nodo,MILAZZO,16.0,16.0,16.0,16.0
2026-01,REG,S12100,9,9.0,0.0,0.0,0.0,0,0,0,9,0,0,0,0,0,0,32,-32,nodo,TRAPANI,-3.675,-4.0,-2.3,-2.1500000000000004
2026-01,REG,S12113,5,5.0,0.0,0.0,0.0,0,1,0,4,0,0,0,0,0,0,13,-13,nodo,CASTELVETRANO,-2.9166666666666665,-3.25,-1.45,-1.225
2026-01,REG,S12125,8,8.0,0.0,0.0,0.0,0,1,0,7,0,0,0,0,0,0,23,-23,nodo,PIRAINETO,-2.875,-3.0,-1.4499999999999997,-1.2250000000000005
2026-01,REG,S12126,2,2.0,0.0,0.0,0.0,0,0,0,2,0,0,0,0,0,0,5,-5,nodo,CINISI TERRASINI,-2.5,-2.5,-2.1,-2.05
2026-01,REG,S12133,52,52.0,0.0,0.0,0.0,0,23,3,26,3,0,0,0,0,63,67,-4,nodo,PALERMO AEROPORTO,-0.12592592592592589,-0.5,2.5,3.1999999999999993
2026-01,REG,S12134,148,148.0,0.0,0.0,0.0,0,26,0,122,0,0,0,0,0,22,401,-379,nodo,PALERMO NOTARBARTOLO,-2.560810810810811,-3.0,-0.1499999999999985,0.8499999999999943
2026-01,REG,S12138,120,120.0,0.0,0.0,0.0,0,13,0,107,0,0,0,0,0,0,379,-379,nodo,GIACHERY,-3.158333333333333,-3.5,-2.5,-2.5
2026-01,REG,S12150,3,3.0,0.0,0.0,0.0,0,1,0,2,0,0,0,0,0,0,4,-4,nodo,ALCAMO DIRAMAZIONE,-1.75,-1.75,-1.55,-1.525
2026-01,REG,S12204,18,18.0,0.0,0.0,0.0,0,8,2,8,2,0,0,0,0,20,20,0,nodo,ROCCAPALUMBA-ALIA,0.1374999999999999,0.25,3.55,3.775
2026-01,REG,S12216,18,18.0,0.0,0.0,0.0,0,5,3,10,3,0,0,0,0,27,27,0,nodo,AGRIGENTO CENTRALE,0.0,-2.0,4.5,5.499999999999999
2026-01,REG,S12270,4,4.0,0.0,0.0,0.0,0,2,1,1,1,0,0,0,0,8,3,5,nodo,CALTAGIRONE,1.25,1.25,3.45,3.7249999999999996
2026-01,REG,S12301,39,39.0,0.0,0.0,0.0,0,6,4,29,4,2,1,1,1,106,110,-4,nodo,MESSINA CENTRALE,-0.14473684210526316,-2.5,3.6500000000000004,6.425000000000022
2026-01,REG,S12308,28,28.0,0.0,0.0,0.0,0,28,0,0,0,0,0,0,0,0,0,0,nodo,GIAMPILIERI,0.0,0.0,0.0,0.0
2026-01,REG,S12317,77,77.0,0.0,0.0,0.0,0,28,12,37,12,6,2,1,0,192,136,56,nodo,TAORMINA-GIARDINI,0.9651162790697676,-0.5,5.400000000000002,11.774999999999986
2026-01,REG,S12320,10,10.0,0.0,0.0,0.0,0,2,2,6,2,1,0,0,0,20,22,-2,nodo,ALCANTARA,-0.375,-2.5,6.050000000000001,7.274999999999998
2026-01,REG,S12324,4,4.0,0.0,0.0,0.0,0,0,0,4,0,0,0,0,0,0,11,-11,nodo,GIARRE RIPOSTO,-2.75,-2.75,-2.55,-2.525
2026-01,REG,S12332,33,33.0,0.0,0.0,0.0,0,7,5,21,5,2,2,2,2,190,61,129,nodo,CATANIA CENTRALE,3.8823529411764706,-1.5,5.3500000000000005,22.39999999999997
2026-01,REG,S12338,5,5.0,0.0,0.0,0.0,0,4,0,1,0,0,0,0,0,3,1,2,nodo,BICOCCA,0.625,0.75,1.0,1.0
2026-01,REG,S12341,1,1.0,0.0,0.0,0.0,0,1,0,0,0,0,0,0,0,4,0,4,nodo,LENTINI,4.0,4.0,4.0,4.0
2026-01,REG,S12345,2,2.0,0.0,0.0,0.0,0,2,0,0,0,0,0,0,0,2,0,2,nodo,AUGUSTA,1.0,1.0,1.0,1.0
2026-01,REG,S12349,12,12.0,0.0,0.0,0.0,0,4,3,5,3,2,1,1,1,99,23,76,nodo,SIRACUSA,6.333333333333333,1.0,23.25,32.375
2026-01,REG,S12370,2,2.0,0.0,0.0,0.0,0,1,0,1,0,0,0,0,0,2,2,0,nodo,ARAGONA CALDARE,0.0,0.0,0.0,0.0
2026-01,REG,S12380,6,6.0,0.0,0.0,0.0,0,0,0,6,0,0,0,0,0,0,14,-14,nodo,CALTANISSETTA XIRBI,-2.3333333333333335,-2.0,-2.0,-2.0
2026-01,REG,S12381,8,8.0,0.0,0.0,0.0,0,1,1,6,1,1,1,1,1,74,17,57,nodo,CALTANISSETTA CENTRALE,7.125,-2.25,25.450000000000006,31.224999999999987
2026-01,REG,S12407,2,2.0,0.0,0.0,0.0,0,1,0,1,0,0,0,0,0,1,4,-3,nodo,GELA,-1.5,-1.5,-1.5,-1.5
2026-01,REG,S12414,2,2.0,0.0,0.0,0.0,0,2,0,0,0,0,0,0,0,2,0,2,nodo,RAGUSA,1.0,1.0,1.0,1.0
2026-01,REG,S12417,9,9.0,0.0,0.0,0.0,0,3,2,4,2,2,2,2,1,132,10,122,nodo,MODICA,12.125,0.75,35.95,42.725
2026-01,REG,S12803,6,6.0,0.0,0.0,0.0,0,4,0,2,0,0,0,0,0,3,2,1,nodo,PORTO TORRES MARITTIMA,0.16666666666666666,-0.5,1.1,1.2999999999999998
2026-01,REG,S12807,20,20.0,0.0,0.0,0.0,0,10,0,10,0,0,0,0,0,8,16,-8,nodo,SASSARI,-0.4,-0.25,1.0,1.0
2026-01,REG,S12862,5,5.0,0.0,0.0,0.0,0,2,0,3,0,0,0,0,0,2,4,-2,nodo,OZIERI CHILIVANI,-0.25,-0.25,0.7500000000000001,0.8749999999999999
2026-01,REG,S12869,4,4.0,0.0,0.0,0.0,0,3,0,1,0,0,0,0,0,4,2,2,nodo,MACOMER,0.5,0.5,1.7000000000000002,1.8499999999999999
2026-01,REG,S12878,8,8.0,0.0,0.0,0.0,0,5,0,3,0,0,0,0,0,11,3,8,nodo,ORISTANO,1.0,1.25,2.35,2.425
2026-01,REG,S12882,30,30.0,0.0,0.0,0.0,0,8,0,22,0,0,0,0,0,10,35,-25,nodo,S.GAVINO,-0.8333333333333334,-1.5,0.7999999999999998,1.4499999999999984
2026-01,REG,S12888,26,26.0,0.0,0.0,0.0,0,12,1,13,1,1,0,0,0,32,16,16,nodo,DECIMOMANNU,0.6153846153846154,0.0,2.700000000000001,5.3999999999999915
2026-01,REG,S12890,14,14.0,0.0,0.0,0.0,0,14,0,0,0,0,0,0,0,23,0,23,nodo,CAGLIARI ELMAS,1.6428571428571428,1.0,3.0,3.0
2026-01,REG,S12891,93,93.0,0.0,0.0,0.0,0,46,1,46,1,1,0,0,0,85,65,20,nodo,CAGLIARI,0.2139222941720629,-0.5,2.6999999999999993,3.724999999999998
2026-01,REG,S12902,8,8.0,0.0,0.0,0.0,0,4,0,4,0,0,0,0,0,2,7,-5,nodo,OLBIA TERRANOVA,-0.5666666666666667,-0.5,0.6000000000000001,0.7999999999999998
2026-01,REG,S13104,22,22.0,0.0,0.0,0.0,0,3,18,1,18,12,6,3,0,290,1,289,nodo,MARTINA FRANCA,13.136363636363637,10.5,26.0,31.25
2026-01,REG,S19919,39,39.0,0.0,0.0,0.0,0,9,1,29,1,0,0,0,0,12,34,-22,nodo,STABIO,-0.5723684210526316,-1.0,0.15000000000000036,1.1750000000000025
2026-02,REG,S01030,1,1.0,0.0,0.0,0.0,0,1,0,0,0,0,0,0,0,1,0,1,nodo,GALLARATE,1.0,1.0,1.0,1.0
2026-02,REG,S01700,1,1.0,0.0,0.0,0.0,0,1,0,0,0,0,0,0,0,1,0,1,nodo,MILANO CENTRALE,1.0,1.0,1.0,1.0
2026-02,REG,S01807,1,1.0,0.0,0.0,0.0,0,0,1,0,1,1,1,1,0,30,0,30,nodo,VOGHERA,30.0,30.0,30.0,30.0
2026-02,REG,S02038,1,1.0,0.0,0.0,0.0,0,0,1,0,1,1,1,0,0,27,0,27,nodo,TRENTO,27.0,27.0,27.0,27.0
2026-02,REG,S02430,1,1.0,0.0,0.0,0.0,0,0,1,0,1,1,1,0,0,27,0,27,nodo,VERONA PORTA NUOVA,27.0,27.0,27.0,27.0
